{
  "id": 1,
  "name": "molanisk",
  "combat_level": 51,
  "size": 1,
  "hitpoints": 52,
  "max_hit": 5,
  "attack_type": ["crush"],
  "attack_speed": 4,
  "aggressive": true,
  "poisonous": false,
  "venomous": false,
  "immune_poison": false,
  "immune_venom": false,
  "attributes": [],
  "category": ["molanisks"],
  "slayer_monster": true,
  "slayer_level": 39,
  "slayer_xp": "52.00",
  "slayer_masters": [
    "vannaka",
    "chaeldar"
  ],
  "attack_level": 40,
  "strength_level": 40,
  "defence_level": 50,
  "magic_level": 0,
  "ranged_level": 1,
  "attack_bonus": 0,
  "strength_bonus": 0,
  "attack_magic": 0,
  "magic_bonus": 0,
  "attack_ranged": 0,
  "ranged_bonus": 0,
  "defence_stab": 45,
  "defence_slash": 45,
  "defence_crush": 35,
  "defence_magic": 30,
  "defence_ranged": 55,
  "drops": [
    {
      "id": 1623,
      "name": "uncut sapphire",
      "quantity": "1",
      "noted": false,
      "rarity": "0.01",
      "rolls": 1
    },
    {
      "id": 1621,
      "name": "uncut emerald",
      "quantity": "1",
      "noted": false,
      "rarity": "0.01",
      "rolls": 1
    },
    {
      "id": 1619,
      "name": "uncut ruby",
      "quantity": "1",
      "noted": false,
      "rarity": "0.00",
      "rolls": 1
    },
    {
      "id": 1452,
      "name": "chaos talisman",
      "quantity": "1",
      "noted": false,
      "rarity": "0.00",
      "rolls": 1
    },
    {
      "id": 1462,
      "name": "nature talisman",
      "quantity": "1",
      "noted": false,
      "rarity": "0.00",
      "rolls": 1
    },
    {
      "id": 1617,
      "name": "uncut diamond",
      "quantity": "1",
      "noted": false,
      "rarity": "0.00",
      "rolls": 1
    },
    {
      "id": 830,
      "name": "rune javelin",
      "quantity": "5",
      "noted": false,
      "rarity": "0.00",
      "rolls": 1
    },
    {
      "id": 987,
      "name": "loop half of key",
      "quantity": "1",
      "noted": false,
      "rarity": "0.00",
      "rolls": 1
    },
    {
      "id": 985,
      "name": "tooth half of key",
      "quantity": "1",
      "noted": false,
      "rarity": "0.00",
      "rolls": 1
    },
    {
      "id": 1247,
      "name": "rune spear",
      "quantity": "1",
      "noted": false,
      "rarity": "0.00",
      "rolls": 1
    },
    {
      "id": 2366,
      "name": "shield left half",
      "quantity": "1",
      "noted": false,
      "rarity": "0.00",
      "rolls": 1
    },
    {
      "id": 1249,
      "name": "dragon spear",
      "quantity": "1",
      "noted": false,
      "rarity": "0.00",
      "rolls": 1
    },
    {
      "id": 526,
      "name": "bones",
      "quantity": "1",
      "noted": false,
      "rarity": "1.00",
      "rolls": 1
    },
    {
      "id": 205,
      "name": "grimy harralander",
      "quantity": "1",
      "noted": false,
      "rarity": "0.03",
      "rolls": 1
    },
    {
      "id": 207,
      "name": "grimy ranarr weed",
      "quantity": "1",
      "noted": false,
      "rarity": "0.02",
      "rolls": 1
    },
    {
      "id": 209,
      "name": "grimy irit leaf",
      "quantity": "1",
      "noted": false,
      "rarity": "0.02",
      "rolls": 1
    },
    {
      "id": 211,
      "name": "grimy avantoe",
      "quantity": "1",
      "noted": false,
      "rarity": "0.01",
      "rolls": 1
    },
    {
      "id": 213,
      "name": "grimy kwuarm",
      "quantity": "1",
      "noted": false,
      "rarity": "0.01",
      "rolls": 1
    },
    {
      "id": 215,
      "name": "grimy cadantine",
      "quantity": "1",
      "noted": false,
      "rarity": "0.01",
      "rolls": 1
    },
    {
      "id": 2485,
      "name": "grimy lantadyme",
      "quantity": "1",
      "noted": false,
      "rarity": "0.01",
      "rolls": 1
    },
    {
      "id": 217,
      "name": "grimy dwarf weed",
      "quantity": "1",
      "noted": false,
      "rarity": "0.01",
      "rolls": 1
    },
    {
      "id": 10978,
      "name": "swamp weed",
      "quantity": "1-4",
      "noted": false,
      "rarity": "0.29",
      "rolls": 1
    },
    {
      "id": 10978,
      "name": "swamp weed",
      "quantity": "5-8",
      "noted": false,
      "rarity": "0.08",
      "rolls": 1
    },
    {
      "id": 555,
      "name": "water rune",
      "quantity": "1-14",
      "noted": false,
      "rarity": "0.08",
      "rolls": 1
    },
    {
      "id": 995,
      "name": "coins",
      "quantity": "1-75",
      "noted": false,
      "rarity": "0.08",
      "rolls": 1
    },
    {
      "id": 7416,
      "name": "mole claw",
      "quantity": "1",
      "noted": false,
      "rarity": "0.01",
      "rolls": 1
    },
    {
      "id": 557,
      "name": "earth rune",
      "quantity": "1-20",
      "noted": false,
      "rarity": "0.08",
      "rolls": 1
    },
    {
      "id": 2677,
      "name": "clue scroll (easy)",
      "quantity": "1",
      "noted": false,
      "rarity": "0.01",
      "rolls": 1
    },
    {
      "id": 561,
      "name": "nature rune",
      "quantity": "1-5",
      "noted": false,
      "rarity": "0.02",
      "rolls": 1
    },
    {
      "id": 564,
      "name": "cosmic rune",
      "quantity": "1-7",
      "noted": false,
      "rarity": "0.04",
      "rolls": 1
    },
    {
      "id": 4698,
      "name": "mud rune",
      "quantity": "1-15",
      "noted": false,
      "rarity": "0.02",
      "rolls": 1
    },
    {
      "id": 199,
      "name": "grimy guam leaf",
      "quantity": "1",
      "noted": false,
      "rarity": "0.06",
      "rolls": 1
    },
    {
      "id": 201,
      "name": "grimy marrentill",
      "quantity": "1",
      "noted": false,
      "rarity": "0.05",
      "rolls": 1
    },
    {
      "id": 203,
      "name": "grimy tarromin",
      "quantity": "1",
      "noted": false,
      "rarity": "0.04",
      "rolls": 1
    }
  ]
}