{
  "id": 10,
  "name": "death spawn",
  "combat_level": 46,
  "size": 1,
  "hitpoints": 60,
  "max_hit": 2,
  "attack_type": [
    "slash",
    "typeless"
  ],
  "attack_speed": 4,
  "aggressive": true,
  "poisonous": false,
  "venomous": false,
  "immune_poison": false,
  "immune_venom": false,
  "attributes": [],
  "category": [],
  "slayer_monster": false,
  "slayer_level": null,
  "slayer_xp": null,
  "slayer_masters": [],
  "attack_level": 67,
  "strength_level": 7,
  "defence_level": 30,
  "magic_level": 1,
  "ranged_level": 1,
  "attack_bonus": 0,
  "strength_bonus": 0,
  "attack_magic": 0,
  "magic_bonus": 0,
  "attack_ranged": 0,
  "ranged_bonus": 0,
  "defence_stab": 20,
  "defence_slash": 20,
  "defence_crush": 20,
  "defence_magic": 0,
  "defence_ranged": 20,
  "drops": [{
    "id": 25766,
    "name": "fiendish ashes",
    "quantity": "1",
    "noted": false,
    "rarity": "1.00",
    "rolls": 1
  }]
}