{"name":"rock crab","combat_level":13,"size":1,"hitpoints":50,"max_hit":1,"attack_type":["crush"],"attack_speed":4,"aggressive":true,"poisonous":false,"venomous":false,"immune_poison":false,"immune_venom":false,"attributes":[],"category":[],"slayer_monster":false,"slayer_level":null,"slayer_xp":null,"slayer_masters":[],"attack_level":1,"strength_level":1,"defence_level":1,"magic_level":1,"ranged_level":1,"attack_bonus":0,"strength_bonus":0,"attack_magic":0,"magic_bonus":0,"attack_ranged":0,"ranged_bonus":0,"defence_stab":0,"defence_slash":0,"defence_crush":0,"defence_magic":0,"defence_ranged":0,"drops":[{"id":1623,"name":"uncut sapphire","quantity":"1","noted":false,"rarity":"0.00","rolls":1},{"id":1621,"name":"uncut emerald","quantity":"1","noted":false,"rarity":"0.00","rolls":1},{"id":1619,"name":"uncut ruby","quantity":"1","noted":false,"rarity":"0.00","rolls":1},{"id":1452,"name":"chaos talisman","quantity":"1","noted":false,"rarity":"0.00","rolls":1},{"id":1462,"name":"nature talisman","quantity":"1","noted":false,"rarity":"0.00","rolls":1},{"id":1617,"name":"uncut diamond","quantity":"1","noted":false,"rarity":"0.00","rolls":1},{"id":830,"name":"rune javelin","quantity":"5","noted":false,"rarity":"0.00","rolls":1},{"id":987,"name":"loop half of key","quantity":"1","noted":false,"rarity":"0.00","rolls":1},{"id":985,"name":"tooth half of key","quantity":"1","noted":false,"rarity":"0.00","rolls":1},{"id":1247,"name":"rune spear","quantity":"1","noted":false,"rarity":"0.00","rolls":1},{"id":2366,"name":"shield left half","quantity":"1","noted":false,"rarity":"0.00","rolls":1},{"id":1249,"name":"dragon spear","quantity":"1","noted":false,"rarity":"0.00","rolls":1},{"id":1265,"name":"bronze pickaxe","quantity":"1","noted":false,"rarity":"0.05","rolls":1},{"id":436,"name":"copper ore","quantity":"3","noted":false,"rarity":"0.02","rolls":1},{"id":407,"name":"oyster","quantity":"2","noted":false,"rarity":"0.09","rolls":1},{"id":407,"name":"oyster","quantity":"1","noted":false,"rarity":"0.07","rolls":1},{"id":409,"name":"empty oyster","quantity":"1","noted":false,"rarity":"0.02","rolls":1},{"id":409,"name":"empty oyster","quantity":"3","noted":false,"rarity":"0.01","rolls":1},{"id":411,"name":"oyster pearl","quantity":"1","noted":false,"rarity":"0.01","rolls":1},{"id":995,"name":"coins","quantity":"4","noted":false,"rarity":"0.23","rolls":1},{"id":995,"name":"coins","quantity":"8","noted":false,"rarity":"0.05","rolls":1},{"id":995,"name":"coins","quantity":"36","noted":false,"rarity":"0.06","rolls":1},{"id":313,"name":"fishing bait","quantity":"10","noted":false,"rarity":"0.02","rolls":1},{"id":1267,"name":"iron pickaxe","quantity":"1","noted":false,"rarity":"0.04","rolls":1},{"id":45,"name":"opal bolt tips","quantity":"5","noted":false,"rarity":"0.02","rolls":1},{"id":1969,"name":"spinach roll","quantity":"1","noted":false,"rarity":"0.01","rolls":1},{"id":405,"name":"casket","quantity":"1","noted":false,"rarity":"0.01","rolls":1},{"id":401,"name":"seaweed","quantity":"1","noted":false,"rarity":"0.03","rolls":1},{"id":20543,"name":"reward casket (elite)","quantity":"1","noted":false,"rarity":"1.00","rolls":1},{"id":2677,"name":"clue scroll (easy)","quantity":"1","noted":false,"rarity":"0.01","rolls":1},{"id":401,"name":"seaweed","quantity":"2","noted":false,"rarity":"0.03","rolls":1},{"id":401,"name":"seaweed","quantity":"5","noted":false,"rarity":"0.02","rolls":1},{"id":403,"name":"edible seaweed","quantity":"2","noted":false,"rarity":"0.02","rolls":1},{"id":438,"name":"tin ore","quantity":"3","noted":false,"rarity":"0.03","rolls":1},{"id":440,"name":"iron ore","quantity":"1","noted":false,"rarity":"0.02","rolls":1},{"id":453,"name":"coal","quantity":"2","noted":false,"rarity":"0.02","rolls":1}]}