{"name":"zygomite","combat_level":86,"size":2,"hitpoints":65,"max_hit":7,"attack_type":["melee","stab","ranged","magic"],"attack_speed":4,"aggressive":false,"poisonous":false,"venomous":false,"immune_poison":false,"immune_venom":false,"attributes":[],"category":["mutated zygomites"],"slayer_monster":true,"slayer_level":57,"slayer_xp":"65.00","slayer_masters":["chaeldar","konar","nieve","duradel"],"attack_level":65,"strength_level":65,"defence_level":65,"magic_level":65,"ranged_level":65,"attack_bonus":30,"strength_bonus":0,"attack_magic":0,"magic_bonus":0,"attack_ranged":0,"ranged_bonus":0,"defence_stab":10,"defence_slash":10,"defence_crush":10,"defence_magic":20,"defence_ranged":20,"drops":[{"id":1623,"name":"uncut sapphire","quantity":"1","noted":false,"rarity":"0.01","rolls":1},{"id":1621,"name":"uncut emerald","quantity":"1","noted":false,"rarity":"0.00","rolls":1},{"id":1619,"name":"uncut ruby","quantity":"1","noted":false,"rarity":"0.00","rolls":1},{"id":1452,"name":"chaos talisman","quantity":"1","noted":false,"rarity":"0.00","rolls":1},{"id":1462,"name":"nature talisman","quantity":"1","noted":false,"rarity":"0.00","rolls":1},{"id":1617,"name":"uncut diamond","quantity":"1","noted":false,"rarity":"0.00","rolls":1},{"id":830,"name":"rune javelin","quantity":"5","noted":false,"rarity":"0.00","rolls":1},{"id":987,"name":"loop half of key","quantity":"1","noted":false,"rarity":"0.00","rolls":1},{"id":985,"name":"tooth half of key","quantity":"1","noted":false,"rarity":"0.00","rolls":1},{"id":1247,"name":"rune spear","quantity":"1","noted":false,"rarity":"0.00","rolls":1},{"id":2366,"name":"shield left half","quantity":"1","noted":false,"rarity":"0.00","rolls":1},{"id":1249,"name":"dragon spear","quantity":"1","noted":false,"rarity":"0.00","rolls":1},{"id":1623,"name":"uncut sapphire","quantity":"1","noted":false,"rarity":"0.01","rolls":1},{"id":1621,"name":"uncut emerald","quantity":"1","noted":false,"rarity":"0.00","rolls":1},{"id":1619,"name":"uncut ruby","quantity":"1","noted":false,"rarity":"0.00","rolls":1},{"id":1452,"name":"chaos talisman","quantity":"1","noted":false,"rarity":"0.00","rolls":1},{"id":1462,"name":"nature talisman","quantity":"1","noted":false,"rarity":"0.00","rolls":1},{"id":1617,"name":"uncut diamond","quantity":"1","noted":false,"rarity":"0.00","rolls":1},{"id":830,"name":"rune javelin","quantity":"5","noted":false,"rarity":"0.00","rolls":1},{"id":987,"name":"loop half of key","quantity":"1","noted":false,"rarity":"0.00","rolls":1},{"id":985,"name":"tooth half of key","quantity":"1","noted":false,"rarity":"0.00","rolls":1},{"id":1247,"name":"rune spear","quantity":"1","noted":false,"rarity":"0.00","rolls":1},{"id":2366,"name":"shield left half","quantity":"1","noted":false,"rarity":"0.00","rolls":1},{"id":1249,"name":"dragon spear","quantity":"1","noted":false,"rarity":"0.00","rolls":1},{"id":592,"name":"ashes","quantity":"1","noted":false,"rarity":"1.00","rolls":1},{"id":5318,"name":"potato seed","quantity":"4","noted":false,"rarity":"0.01","rolls":1},{"id":5282,"name":"mushroom spore","quantity":"1","noted":false,"rarity":"0.02","rolls":1},{"id":995,"name":"coins","quantity":"24","noted":false,"rarity":"0.02","rolls":1},{"id":995,"name":"coins","quantity":"64","noted":false,"rarity":"0.28","rolls":1},{"id":995,"name":"coins","quantity":"120","noted":false,"rarity":"0.07","rolls":1},{"id":995,"name":"coins","quantity":"250","noted":false,"rarity":"0.01","rolls":1},{"id":6034,"name":"supercompost","quantity":"1","noted":true,"rarity":"0.04","rolls":1},{"id":2970,"name":"mort myre fungus","quantity":"1","noted":false,"rarity":"0.02","rolls":1},{"id":434,"name":"clay","quantity":"1","noted":false,"rarity":"0.05","rolls":1},{"id":7432,"name":"fungicide","quantity":"1","noted":false,"rarity":"0.02","rolls":1},{"id":1353,"name":"steel axe","quantity":"1","noted":false,"rarity":"0.02","rolls":1},{"id":1311,"name":"steel 2h sword","quantity":"1","noted":false,"rarity":"0.02","rolls":1},{"id":23083,"name":"brimstone key","quantity":"1","noted":false,"rarity":"0.01","rolls":1},{"id":592,"name":"ashes","quantity":"1","noted":false,"rarity":"1.00","rolls":1},{"id":1353,"name":"steel axe","quantity":"1","noted":false,"rarity":"0.02","rolls":1},{"id":1311,"name":"steel 2h sword","quantity":"1","noted":false,"rarity":"0.04","rolls":1},{"id":1163,"name":"rune full helm","quantity":"1","noted":false,"rarity":"0.01","rolls":1},{"id":561,"name":"nature rune","quantity":"2","noted":false,"rarity":"0.02","rolls":1},{"id":557,"name":"earth rune","quantity":"15","noted":false,"rarity":"0.04","rolls":1},{"id":203,"name":"grimy tarromin","quantity":"1","noted":false,"rarity":"0.01","rolls":1},{"id":205,"name":"grimy harralander","quantity":"1","noted":false,"rarity":"0.01","rolls":1},{"id":1159,"name":"mithril full helm","quantity":"1","noted":false,"rarity":"0.01","rolls":1},{"id":5323,"name":"strawberry seed","quantity":"4","noted":false,"rarity":"0.08","rolls":1},{"id":5318,"name":"potato seed","quantity":"4","noted":false,"rarity":"0.01","rolls":1},{"id":5282,"name":"mushroom spore","quantity":"1","noted":false,"rarity":"0.03","rolls":1},{"id":995,"name":"coins","quantity":"44","noted":false,"rarity":"0.21","rolls":1},{"id":995,"name":"coins","quantity":"102","noted":false,"rarity":"0.28","rolls":1},{"id":995,"name":"coins","quantity":"220","noted":false,"rarity":"0.05","rolls":1},{"id":995,"name":"coins","quantity":"460","noted":false,"rarity":"0.01","rolls":1},{"id":6034,"name":"supercompost","quantity":"1-3","noted":true,"rarity":"0.04","rolls":1},{"id":2970,"name":"mort myre fungus","quantity":"1","noted":false,"rarity":"0.03","rolls":1},{"id":434,"name":"clay","quantity":"1","noted":false,"rarity":"0.05","rolls":1},{"id":561,"name":"nature rune","quantity":"2","noted":false,"rarity":"0.22","rolls":1},{"id":7432,"name":"fungicide","quantity":"1","noted":false,"rarity":"0.03","rolls":1},{"id":557,"name":"earth rune","quantity":"15","noted":false,"rarity":"0.04","rolls":1},{"id":23083,"name":"brimstone key","quantity":"1","noted":false,"rarity":"0.01","rolls":1},{"id":203,"name":"grimy tarromin","quantity":"1","noted":false,"rarity":"0.01","rolls":1},{"id":205,"name":"grimy harralander","quantity":"1","noted":false,"rarity":"0.01","rolls":1},{"id":5323,"name":"strawberry seed","quantity":"4","noted":false,"rarity":"0.08","rolls":1}]}