{"name":"bandit","combat_level":22,"size":1,"hitpoints":27,"max_hit":3,"attack_type":["stab"],"attack_speed":4,"aggressive":true,"poisonous":false,"venomous":false,"immune_poison":false,"immune_venom":false,"attributes":[],"category":["bandits"],"slayer_monster":true,"slayer_level":1,"slayer_xp":"29.00","slayer_masters":["krystilia"],"attack_level":17,"strength_level":17,"defence_level":17,"magic_level":1,"ranged_level":1,"attack_bonus":11,"strength_bonus":12,"attack_magic":0,"magic_bonus":0,"attack_ranged":0,"ranged_bonus":0,"defence_stab":0,"defence_slash":3,"defence_crush":2,"defence_magic":0,"defence_ranged":0,"drops":[{"id":1623,"name":"uncut sapphire","quantity":"1","noted":false,"rarity":"0.01","rolls":1},{"id":1621,"name":"uncut emerald","quantity":"1","noted":false,"rarity":"0.00","rolls":1},{"id":1619,"name":"uncut ruby","quantity":"1","noted":false,"rarity":"0.00","rolls":1},{"id":1452,"name":"chaos talisman","quantity":"1","noted":false,"rarity":"0.00","rolls":1},{"id":1462,"name":"nature talisman","quantity":"1","noted":false,"rarity":"0.00","rolls":1},{"id":1617,"name":"uncut diamond","quantity":"1","noted":false,"rarity":"0.00","rolls":1},{"id":830,"name":"rune javelin","quantity":"5","noted":false,"rarity":"0.00","rolls":1},{"id":987,"name":"loop half of key","quantity":"1","noted":false,"rarity":"0.00","rolls":1},{"id":985,"name":"tooth half of key","quantity":"1","noted":false,"rarity":"0.00","rolls":1},{"id":1247,"name":"rune spear","quantity":"1","noted":false,"rarity":"0.00","rolls":1},{"id":2366,"name":"shield left half","quantity":"1","noted":false,"rarity":"0.00","rolls":1},{"id":1249,"name":"dragon spear","quantity":"1","noted":false,"rarity":"0.00","rolls":1},{"id":526,"name":"bones","quantity":"1","noted":false,"rarity":"1.00","rolls":1},{"id":565,"name":"blood rune","quantity":"2","noted":false,"rarity":"0.01","rolls":1},{"id":558,"name":"mind rune","quantity":"2","noted":false,"rarity":"0.01","rolls":1},{"id":561,"name":"nature rune","quantity":"2","noted":false,"rarity":"0.01","rolls":1},{"id":199,"name":"grimy guam leaf","quantity":"1","noted":false,"rarity":"0.07","rolls":1},{"id":201,"name":"grimy marrentill","quantity":"1","noted":false,"rarity":"0.05","rolls":1},{"id":203,"name":"grimy tarromin","quantity":"1","noted":false,"rarity":"0.04","rolls":1},{"id":205,"name":"grimy harralander","quantity":"1","noted":false,"rarity":"0.03","rolls":1},{"id":207,"name":"grimy ranarr weed","quantity":"1","noted":false,"rarity":"0.02","rolls":1},{"id":209,"name":"grimy irit leaf","quantity":"1","noted":false,"rarity":"0.02","rolls":1},{"id":211,"name":"grimy avantoe","quantity":"1","noted":false,"rarity":"0.01","rolls":1},{"id":1323,"name":"iron scimitar","quantity":"1","noted":false,"rarity":"0.03","rolls":1},{"id":213,"name":"grimy kwuarm","quantity":"1","noted":false,"rarity":"0.01","rolls":1},{"id":215,"name":"grimy cadantine","quantity":"1","noted":false,"rarity":"0.01","rolls":1},{"id":2485,"name":"grimy lantadyme","quantity":"1","noted":false,"rarity":"0.01","rolls":1},{"id":217,"name":"grimy dwarf weed","quantity":"1","noted":false,"rarity":"0.01","rolls":1},{"id":995,"name":"coins","quantity":"10","noted":false,"rarity":"0.29","rolls":1},{"id":995,"name":"coins","quantity":"35","noted":false,"rarity":"0.20","rolls":1},{"id":995,"name":"coins","quantity":"12","noted":false,"rarity":"0.10","rolls":1},{"id":995,"name":"coins","quantity":"53","noted":false,"rarity":"0.08","rolls":1},{"id":995,"name":"coins","quantity":"1","noted":false,"rarity":"0.05","rolls":1},{"id":995,"name":"coins","quantity":"80","noted":false,"rarity":"0.02","rolls":1},{"id":1177,"name":"steel sq shield","quantity":"1","noted":false,"rarity":"0.02","rolls":1},{"id":453,"name":"coal","quantity":"1","noted":false,"rarity":"0.05","rolls":1},{"id":1353,"name":"steel axe","quantity":"1","noted":false,"rarity":"0.01","rolls":1},{"id":11941,"name":"looting bag","quantity":"1","noted":false,"rarity":"0.17","rolls":1},{"id":562,"name":"chaos rune","quantity":"6","noted":false,"rarity":"0.02","rolls":1},{"id":555,"name":"water rune","quantity":"9","noted":false,"rarity":"0.02","rolls":1},{"id":556,"name":"air rune","quantity":"10","noted":false,"rarity":"0.02","rolls":1},{"id":560,"name":"death rune","quantity":"2","noted":false,"rarity":"0.02","rolls":1},{"id":563,"name":"law rune","quantity":"3","noted":false,"rarity":"0.02","rolls":1}]}