{
  "id": 1027,
  "name": "guard bandit",
  "combat_level": 22,
  "size": 1,
  "hitpoints": 27,
  "max_hit": 3,
  "attack_type": ["stab"],
  "attack_speed": 4,
  "aggressive": true,
  "poisonous": false,
  "venomous": false,
  "immune_poison": false,
  "immune_venom": false,
  "attributes": [],
  "category": ["bandits"],
  "slayer_monster": true,
  "slayer_level": 1,
  "slayer_xp": "29.00",
  "slayer_masters": ["krystilia"],
  "attack_level": 17,
  "strength_level": 17,
  "defence_level": 17,
  "magic_level": 1,
  "ranged_level": 1,
  "attack_bonus": 11,
  "strength_bonus": 12,
  "attack_magic": 0,
  "magic_bonus": 0,
  "attack_ranged": 0,
  "ranged_bonus": 0,
  "defence_stab": 4,
  "defence_slash": 8,
  "defence_crush": 5,
  "defence_magic": 1,
  "defence_ranged": 4,
  "drops": [
    {
      "id": 526,
      "quantity": "1",
      "noted": false,
      "rarity": "1.00",
      "rolls": 1
    },
    {
      "id": 11941,
      "quantity": "1",
      "noted": false,
      "rarity": "0.17",
      "rolls": 1
    },
    {
      "id": 23490,
      "quantity": "1",
      "noted": false,
      "rarity": "0.00",
      "rolls": 1
    },
    {
      "id": 21257,
      "quantity": "1",
      "noted": false,
      "rarity": "0.00",
      "rolls": 1
    }
  ]
}