{"name":"snake","combat_level":35,"size":1,"hitpoints":25,"max_hit":3,"attack_type":["stab"],"attack_speed":3,"aggressive":true,"poisonous":true,"venomous":false,"immune_poison":false,"immune_venom":false,"attributes":[],"category":[],"slayer_monster":false,"slayer_level":null,"slayer_xp":null,"slayer_masters":[],"attack_level":25,"strength_level":25,"defence_level":50,"magic_level":1,"ranged_level":1,"attack_bonus":0,"strength_bonus":0,"attack_magic":0,"magic_bonus":0,"attack_ranged":0,"ranged_bonus":0,"defence_stab":0,"defence_slash":0,"defence_crush":0,"defence_magic":0,"defence_ranged":0,"drops":[{"id":526,"name":"bones","quantity":"1","noted":false,"rarity":"1.00","rolls":1},{"id":7860,"name":"snake spine","quantity":"1","noted":false,"rarity":"0.25","rolls":1}]}