{
  "id": 10375,
  "name": "hill giant",
  "combat_level": 28,
  "size": 2,
  "hitpoints": 35,
  "max_hit": 4,
  "attack_type": ["crush"],
  "attack_speed": 6,
  "aggressive": true,
  "poisonous": false,
  "venomous": false,
  "immune_poison": false,
  "immune_venom": false,
  "attributes": [],
  "category": ["hill giants"],
  "slayer_monster": true,
  "slayer_level": 1,
  "slayer_xp": "35.00",
  "slayer_masters": [
    "mazchna",
    "vannaka"
  ],
  "attack_level": 18,
  "strength_level": 22,
  "defence_level": 26,
  "magic_level": 1,
  "ranged_level": 1,
  "attack_bonus": 18,
  "strength_bonus": 16,
  "attack_magic": 0,
  "magic_bonus": 0,
  "attack_ranged": 0,
  "ranged_bonus": 0,
  "defence_stab": 0,
  "defence_slash": 0,
  "defence_crush": 0,
  "defence_magic": 0,
  "defence_ranged": 0,
  "drops": [
    {
      "id": 1623,
      "quantity": "1",
      "noted": false,
      "rarity": "0.01",
      "rolls": 1
    },
    {
      "id": 1621,
      "quantity": "1",
      "noted": false,
      "rarity": "0.00",
      "rolls": 1
    },
    {
      "id": 1619,
      "quantity": "1",
      "noted": false,
      "rarity": "0.00",
      "rolls": 1
    },
    {
      "id": 1452,
      "quantity": "1",
      "noted": false,
      "rarity": "0.00",
      "rolls": 1
    },
    {
      "id": 1462,
      "quantity": "1",
      "noted": false,
      "rarity": "0.00",
      "rolls": 1
    },
    {
      "id": 1617,
      "quantity": "1",
      "noted": false,
      "rarity": "0.00",
      "rolls": 1
    },
    {
      "id": 830,
      "quantity": "5",
      "noted": false,
      "rarity": "0.00",
      "rolls": 1
    },
    {
      "id": 987,
      "quantity": "1",
      "noted": false,
      "rarity": "0.00",
      "rolls": 1
    },
    {
      "id": 985,
      "quantity": "1",
      "noted": false,
      "rarity": "0.00",
      "rolls": 1
    },
    {
      "id": 1247,
      "quantity": "1",
      "noted": false,
      "rarity": "0.00",
      "rolls": 1
    },
    {
      "id": 2366,
      "quantity": "1",
      "noted": false,
      "rarity": "0.00",
      "rolls": 1
    },
    {
      "id": 1249,
      "quantity": "1",
      "noted": false,
      "rarity": "0.00",
      "rolls": 1
    },
    {
      "id": 532,
      "quantity": "1",
      "noted": false,
      "rarity": "1.00",
      "rolls": 1
    },
    {
      "id": 886,
      "quantity": "10",
      "noted": false,
      "rarity": "0.02",
      "rolls": 1
    },
    {
      "id": 558,
      "quantity": "3",
      "noted": false,
      "rarity": "0.02",
      "rolls": 1
    },
    {
      "id": 564,
      "quantity": "2",
      "noted": false,
      "rarity": "0.02",
      "rolls": 1
    },
    {
      "id": 561,
      "quantity": "6",
      "noted": false,
      "rarity": "0.02",
      "rolls": 1
    },
    {
      "id": 562,
      "quantity": "2",
      "noted": false,
      "rarity": "0.01",
      "rolls": 1
    },
    {
      "id": 560,
      "quantity": "2",
      "noted": false,
      "rarity": "0.01",
      "rolls": 1
    },
    {
      "id": 199,
      "quantity": "1",
      "noted": false,
      "rarity": "0.01",
      "rolls": 1
    },
    {
      "id": 201,
      "quantity": "1",
      "noted": false,
      "rarity": "0.01",
      "rolls": 1
    },
    {
      "id": 203,
      "quantity": "1",
      "noted": false,
      "rarity": "0.01",
      "rolls": 1
    },
    {
      "id": 205,
      "quantity": "1",
      "noted": false,
      "rarity": "0.01",
      "rolls": 1
    },
    {
      "id": 1203,
      "quantity": "1",
      "noted": false,
      "rarity": "0.03",
      "rolls": 1
    },
    {
      "id": 207,
      "quantity": "1",
      "noted": false,
      "rarity": "0.00",
      "rolls": 1
    },
    {
      "id": 209,
      "quantity": "1",
      "noted": false,
      "rarity": "0.00",
      "rolls": 1
    },
    {
      "id": 211,
      "quantity": "1",
      "noted": false,
      "rarity": "0.00",
      "rolls": 1
    },
    {
      "id": 213,
      "quantity": "1",
      "noted": false,
      "rarity": "0.00",
      "rolls": 1
    },
    {
      "id": 215,
      "quantity": "1",
      "noted": false,
      "rarity": "0.00",
      "rolls": 1
    },
    {
      "id": 2485,
      "quantity": "1",
      "noted": false,
      "rarity": "0.00",
      "rolls": 1
    },
    {
      "id": 217,
      "quantity": "1",
      "noted": false,
      "rarity": "0.00",
      "rolls": 1
    },
    {
      "id": 5318,
      "quantity": "4",
      "noted": false,
      "rarity": "0.05",
      "rolls": 1
    },
    {
      "id": 5319,
      "quantity": "4",
      "noted": false,
      "rarity": "0.04",
      "rolls": 1
    },
    {
      "id": 5324,
      "quantity": "4",
      "noted": false,
      "rarity": "0.03",
      "rolls": 1
    },
    {
      "id": 1153,
      "quantity": "1",
      "noted": false,
      "rarity": "0.04",
      "rolls": 1
    },
    {
      "id": 5322,
      "quantity": "3",
      "noted": false,
      "rarity": "0.01",
      "rolls": 1
    },
    {
      "id": 5320,
      "quantity": "3",
      "noted": false,
      "rarity": "0.01",
      "rolls": 1
    },
    {
      "id": 5323,
      "quantity": "2",
      "noted": false,
      "rarity": "0.00",
      "rolls": 1
    },
    {
      "id": 5321,
      "quantity": "2",
      "noted": false,
      "rarity": "0.00",
      "rolls": 1
    },
    {
      "id": 22879,
      "quantity": "2",
      "noted": false,
      "rarity": "0.00",
      "rolls": 1
    },
    {
      "id": 995,
      "quantity": "5",
      "noted": false,
      "rarity": "0.14",
      "rolls": 1
    },
    {
      "id": 995,
      "quantity": "38",
      "noted": false,
      "rarity": "0.11",
      "rolls": 1
    },
    {
      "id": 995,
      "quantity": "52",
      "noted": false,
      "rarity": "0.08",
      "rolls": 1
    },
    {
      "id": 995,
      "quantity": "15",
      "noted": false,
      "rarity": "0.06",
      "rolls": 1
    },
    {
      "id": 995,
      "quantity": "10",
      "noted": false,
      "rarity": "0.05",
      "rolls": 1
    },
    {
      "id": 1191,
      "quantity": "1",
      "noted": false,
      "rarity": "0.02",
      "rolls": 1
    },
    {
      "id": 995,
      "quantity": "8",
      "noted": false,
      "rarity": "0.05",
      "rolls": 1
    },
    {
      "id": 995,
      "quantity": "88",
      "noted": false,
      "rarity": "0.02",
      "rolls": 1
    },
    {
      "id": 225,
      "quantity": "1",
      "noted": false,
      "rarity": "0.09",
      "rolls": 1
    },
    {
      "id": 1917,
      "quantity": "1",
      "noted": false,
      "rarity": "0.05",
      "rolls": 1
    },
    {
      "id": 1446,
      "quantity": "1",
      "noted": false,
      "rarity": "0.02",
      "rolls": 1
    },
    {
      "id": 20754,
      "quantity": "1",
      "noted": false,
      "rarity": "0.01",
      "rolls": 1
    },
    {
      "id": 1295,
      "quantity": "1",
      "noted": false,
      "rarity": "0.02",
      "rolls": 1
    },
    {
      "id": 11941,
      "quantity": "1",
      "noted": false,
      "rarity": "0.20",
      "rolls": 1
    },
    {
      "id": 13474,
      "quantity": "1",
      "noted": false,
      "rarity": "0.04",
      "rolls": 1
    },
    {
      "id": 884,
      "quantity": "3",
      "noted": false,
      "rarity": "0.05",
      "rolls": 1
    },
    {
      "id": 23182,
      "quantity": "1",
      "noted": false,
      "rarity": "0.02",
      "rolls": 1
    },
    {
      "id": 10976,
      "quantity": "1",
      "noted": false,
      "rarity": "0.00",
      "rolls": 1
    },
    {
      "id": 6800,
      "quantity": "1",
      "noted": false,
      "rarity": "0.00",
      "rolls": 1
    },
    {
      "id": 10977,
      "quantity": "1",
      "noted": false,
      "rarity": "0.00",
      "rolls": 1
    },
    {
      "id": 554,
      "quantity": "15",
      "noted": false,
      "rarity": "0.02",
      "rolls": 1
    },
    {
      "id": 555,
      "quantity": "7",
      "noted": false,
      "rarity": "0.02",
      "rolls": 1
    },
    {
      "id": 563,
      "quantity": "2",
      "noted": false,
      "rarity": "0.02",
      "rolls": 1
    }
  ]
}