{"name":"monkey","combat_level":3,"size":1,"hitpoints":6,"max_hit":1,"attack_type":["crush"],"attack_speed":4,"aggressive":false,"poisonous":false,"venomous":false,"immune_poison":false,"immune_venom":false,"attributes":[],"category":["monkeys"],"slayer_monster":true,"slayer_level":1,"slayer_xp":"6.00","slayer_masters":["turael","spria"],"attack_level":2,"strength_level":3,"defence_level":2,"magic_level":1,"ranged_level":1,"attack_bonus":0,"strength_bonus":0,"attack_magic":0,"magic_bonus":0,"attack_ranged":0,"ranged_bonus":0,"defence_stab":0,"defence_slash":0,"defence_crush":0,"defence_magic":0,"defence_ranged":0,"drops":[]}