{
  "id": 10398,
  "name": "shadow wyrm",
  "combat_level": 267,
  "size": 5,
  "hitpoints": 320,
  "max_hit": 28,
  "attack_type": [
    "melee",
    "magic"
  ],
  "attack_speed": 4,
  "aggressive": false,
  "poisonous": false,
  "venomous": false,
  "immune_poison": false,
  "immune_venom": false,
  "attributes": ["dragon"],
  "category": ["wyrms"],
  "slayer_monster": true,
  "slayer_level": 62,
  "slayer_xp": "3520.00",
  "slayer_masters": [
    "chaeldar",
    "konar",
    "nieve",
    "duradel"
  ],
  "attack_level": 300,
  "strength_level": 180,
  "defence_level": 125,
  "magic_level": 160,
  "ranged_level": 125,
  "attack_bonus": 0,
  "strength_bonus": 30,
  "attack_magic": 0,
  "magic_bonus": 30,
  "attack_ranged": 0,
  "ranged_bonus": 0,
  "defence_stab": 20,
  "defence_slash": 100,
  "defence_crush": 100,
  "defence_magic": 50,
  "defence_ranged": 20,
  "drops": [
    {
      "id": 1623,
      "name": "uncut sapphire",
      "quantity": "1",
      "noted": false,
      "rarity": "0.00",
      "rolls": 1
    },
    {
      "id": 1621,
      "name": "uncut emerald",
      "quantity": "1",
      "noted": false,
      "rarity": "0.00",
      "rolls": 1
    },
    {
      "id": 1619,
      "name": "uncut ruby",
      "quantity": "1",
      "noted": false,
      "rarity": "0.00",
      "rolls": 1
    },
    {
      "id": 1452,
      "name": "chaos talisman",
      "quantity": "1",
      "noted": false,
      "rarity": "0.00",
      "rolls": 1
    },
    {
      "id": 1462,
      "name": "nature talisman",
      "quantity": "1",
      "noted": false,
      "rarity": "0.00",
      "rolls": 1
    },
    {
      "id": 1617,
      "name": "uncut diamond",
      "quantity": "1",
      "noted": false,
      "rarity": "0.00",
      "rolls": 1
    },
    {
      "id": 830,
      "name": "rune javelin",
      "quantity": "5",
      "noted": false,
      "rarity": "0.00",
      "rolls": 1
    },
    {
      "id": 987,
      "name": "loop half of key",
      "quantity": "1",
      "noted": false,
      "rarity": "0.00",
      "rolls": 1
    },
    {
      "id": 985,
      "name": "tooth half of key",
      "quantity": "1",
      "noted": false,
      "rarity": "0.00",
      "rolls": 1
    },
    {
      "id": 1247,
      "name": "rune spear",
      "quantity": "1",
      "noted": false,
      "rarity": "0.00",
      "rolls": 1
    },
    {
      "id": 2366,
      "name": "shield left half",
      "quantity": "1",
      "noted": false,
      "rarity": "0.00",
      "rolls": 1
    },
    {
      "id": 1249,
      "name": "dragon spear",
      "quantity": "1",
      "noted": false,
      "rarity": "0.00",
      "rolls": 1
    },
    {
      "id": 22780,
      "name": "wyrm bones",
      "quantity": "1",
      "noted": false,
      "rarity": "1.00",
      "rolls": 1
    },
    {
      "id": 1317,
      "name": "adamant 2h sword",
      "quantity": "1",
      "noted": false,
      "rarity": "0.03",
      "rolls": 3
    },
    {
      "id": 1399,
      "name": "earth battlestaff",
      "quantity": "1",
      "noted": false,
      "rarity": "0.01",
      "rolls": 3
    },
    {
      "id": 1147,
      "name": "rune med helm",
      "quantity": "1",
      "noted": false,
      "rarity": "0.03",
      "rolls": 3
    },
    {
      "id": 1373,
      "name": "rune battleaxe",
      "quantity": "1",
      "noted": false,
      "rarity": "0.01",
      "rolls": 3
    },
    {
      "id": 1215,
      "name": "dragon dagger",
      "quantity": "1",
      "noted": false,
      "rarity": "0.01",
      "rolls": 3
    },
    {
      "id": 554,
      "name": "fire rune",
      "quantity": "200",
      "noted": false,
      "rarity": "0.13",
      "rolls": 3
    },
    {
      "id": 557,
      "name": "earth rune",
      "quantity": "75-150",
      "noted": false,
      "rarity": "0.13",
      "rolls": 3
    },
    {
      "id": 566,
      "name": "soul rune",
      "quantity": "15-20",
      "noted": false,
      "rarity": "0.07",
      "rolls": 3
    },
    {
      "id": 565,
      "name": "blood rune",
      "quantity": "25-30",
      "noted": false,
      "rarity": "0.07",
      "rolls": 3
    },
    {
      "id": 199,
      "name": "grimy guam leaf",
      "quantity": "1-2",
      "noted": false,
      "rarity": "0.01",
      "rolls": 3
    },
    {
      "id": 21009,
      "name": "dragon sword",
      "quantity": "1",
      "noted": false,
      "rarity": "0.00",
      "rolls": 1
    },
    {
      "id": 201,
      "name": "grimy marrentill",
      "quantity": "1-2",
      "noted": false,
      "rarity": "0.01",
      "rolls": 3
    },
    {
      "id": 203,
      "name": "grimy tarromin",
      "quantity": "1-2",
      "noted": false,
      "rarity": "0.01",
      "rolls": 3
    },
    {
      "id": 205,
      "name": "grimy harralander",
      "quantity": "1-2",
      "noted": false,
      "rarity": "0.01",
      "rolls": 3
    },
    {
      "id": 207,
      "name": "grimy ranarr weed",
      "quantity": "1-2",
      "noted": false,
      "rarity": "0.00",
      "rolls": 3
    },
    {
      "id": 209,
      "name": "grimy irit leaf",
      "quantity": "1-2",
      "noted": false,
      "rarity": "0.00",
      "rolls": 3
    },
    {
      "id": 211,
      "name": "grimy avantoe",
      "quantity": "1-2",
      "noted": false,
      "rarity": "0.00",
      "rolls": 3
    },
    {
      "id": 213,
      "name": "grimy kwuarm",
      "quantity": "1-2",
      "noted": false,
      "rarity": "0.00",
      "rolls": 3
    },
    {
      "id": 215,
      "name": "grimy cadantine",
      "quantity": "1-2",
      "noted": false,
      "rarity": "0.00",
      "rolls": 3
    },
    {
      "id": 2485,
      "name": "grimy lantadyme",
      "quantity": "1-2",
      "noted": false,
      "rarity": "0.00",
      "rolls": 3
    },
    {
      "id": 217,
      "name": "grimy dwarf weed",
      "quantity": "1-2",
      "noted": false,
      "rarity": "0.00",
      "rolls": 3
    },
    {
      "id": 21028,
      "name": "dragon harpoon",
      "quantity": "1",
      "noted": false,
      "rarity": "0.00",
      "rolls": 1
    },
    {
      "id": 5296,
      "name": "toadflax seed",
      "quantity": "1",
      "noted": false,
      "rarity": "0.01",
      "rolls": 3
    },
    {
      "id": 5297,
      "name": "irit seed",
      "quantity": "1",
      "noted": false,
      "rarity": "0.01",
      "rolls": 3
    },
    {
      "id": 5281,
      "name": "belladonna seed",
      "quantity": "1",
      "noted": false,
      "rarity": "0.01",
      "rolls": 3
    },
    {
      "id": 5106,
      "name": "poison ivy seed",
      "quantity": "1",
      "noted": false,
      "rarity": "0.00",
      "rolls": 3
    },
    {
      "id": 5298,
      "name": "avantoe seed",
      "quantity": "1",
      "noted": false,
      "rarity": "0.00",
      "rolls": 3
    },
    {
      "id": 5280,
      "name": "cactus seed",
      "quantity": "1",
      "noted": false,
      "rarity": "0.00",
      "rolls": 3
    },
    {
      "id": 22873,
      "name": "potato cactus seed",
      "quantity": "1",
      "noted": false,
      "rarity": "0.00",
      "rolls": 3
    },
    {
      "id": 5299,
      "name": "kwuarm seed",
      "quantity": "1",
      "noted": false,
      "rarity": "0.00",
      "rolls": 3
    },
    {
      "id": 5300,
      "name": "snapdragon seed",
      "quantity": "1",
      "noted": false,
      "rarity": "0.00",
      "rolls": 3
    },
    {
      "id": 5301,
      "name": "cadantine seed",
      "quantity": "1",
      "noted": false,
      "rarity": "0.00",
      "rolls": 3
    },
    {
      "id": 22804,
      "name": "dragon knife",
      "quantity": "75-150",
      "noted": false,
      "rarity": "0.00",
      "rolls": 1
    },
    {
      "id": 5302,
      "name": "lantadyme seed",
      "quantity": "1",
      "noted": false,
      "rarity": "0.00",
      "rolls": 3
    },
    {
      "id": 22879,
      "name": "snape grass seed",
      "quantity": "3",
      "noted": false,
      "rarity": "0.00",
      "rolls": 3
    },
    {
      "id": 5303,
      "name": "dwarf weed seed",
      "quantity": "1",
      "noted": false,
      "rarity": "0.00",
      "rolls": 3
    },
    {
      "id": 5304,
      "name": "torstol seed",
      "quantity": "1",
      "noted": false,
      "rarity": "0.00",
      "rolls": 3
    },
    {
      "id": 995,
      "name": "coins",
      "quantity": "950-1450",
      "noted": false,
      "rarity": "0.11",
      "rolls": 3
    },
    {
      "id": 365,
      "name": "bass",
      "quantity": "1",
      "noted": false,
      "rarity": "0.09",
      "rolls": 3
    },
    {
      "id": 7936,
      "name": "pure essence",
      "quantity": "200-300",
      "noted": true,
      "rarity": "0.04",
      "rolls": 3
    },
    {
      "id": 44,
      "name": "rune arrowtips",
      "quantity": "8-12",
      "noted": false,
      "rarity": "0.03",
      "rolls": 3
    },
    {
      "id": 43,
      "name": "adamant arrowtips",
      "quantity": "8-12",
      "noted": false,
      "rarity": "0.03",
      "rolls": 3
    },
    {
      "id": 20849,
      "name": "dragon thrownaxe",
      "quantity": "75-150",
      "noted": false,
      "rarity": "0.00",
      "rolls": 1
    },
    {
      "id": 1357,
      "name": "adamant axe",
      "quantity": "1",
      "noted": false,
      "rarity": "0.03",
      "rolls": 3
    },
    {
      "id": 23083,
      "name": "brimstone key",
      "quantity": "1",
      "noted": false,
      "rarity": "0.02",
      "rolls": 1
    },
    {
      "id": 2722,
      "name": "clue scroll (hard)",
      "quantity": "1",
      "noted": false,
      "rarity": "0.00",
      "rolls": 1
    },
    {
      "id": 20730,
      "name": "mist battlestaff",
      "quantity": "1",
      "noted": false,
      "rarity": "0.00",
      "rolls": 1
    },
    {
      "id": 20736,
      "name": "dust battlestaff",
      "quantity": "1",
      "noted": false,
      "rarity": "0.00",
      "rolls": 1
    },
    {
      "id": 21270,
      "name": "eternal gem",
      "quantity": "1",
      "noted": false,
      "rarity": "0.00",
      "rolls": 1
    },
    {
      "id": 20724,
      "name": "imbued heart",
      "quantity": "1",
      "noted": false,
      "rarity": "0.00",
      "rolls": 1
    },
    {
      "id": 2495,
      "name": "red d'hide chaps",
      "quantity": "1",
      "noted": false,
      "rarity": "0.04",
      "rolls": 3
    },
    {
      "id": 1183,
      "name": "adamant sq shield",
      "quantity": "1",
      "noted": false,
      "rarity": "0.03",
      "rolls": 3
    },
    {
      "id": 1371,
      "name": "adamant battleaxe",
      "quantity": "1",
      "noted": false,
      "rarity": "0.03",
      "rolls": 3
    }
  ]
}