{
  "id": 10399,
  "name": "shadow wyrm",
  "combat_level": 267,
  "size": 5,
  "hitpoints": 320,
  "max_hit": 28,
  "attack_type": [
    "melee",
    "magic"
  ],
  "attack_speed": 4,
  "aggressive": false,
  "poisonous": false,
  "venomous": false,
  "immune_poison": false,
  "immune_venom": false,
  "attributes": ["dragon"],
  "category": ["wyrms"],
  "slayer_monster": true,
  "slayer_level": 62,
  "slayer_xp": "3520.00",
  "slayer_masters": [
    "chaeldar",
    "konar",
    "nieve",
    "duradel"
  ],
  "attack_level": 300,
  "strength_level": 180,
  "defence_level": 125,
  "magic_level": 160,
  "ranged_level": 125,
  "attack_bonus": 0,
  "strength_bonus": 30,
  "attack_magic": 0,
  "magic_bonus": 30,
  "attack_ranged": 0,
  "ranged_bonus": 0,
  "defence_stab": 20,
  "defence_slash": 100,
  "defence_crush": 100,
  "defence_magic": 50,
  "defence_ranged": 20,
  "drops": [
    {
      "id": 1623,
      "quantity": "1",
      "noted": false,
      "rarity": "0.00",
      "rolls": 1
    },
    {
      "id": 1621,
      "quantity": "1",
      "noted": false,
      "rarity": "0.00",
      "rolls": 1
    },
    {
      "id": 1619,
      "quantity": "1",
      "noted": false,
      "rarity": "0.00",
      "rolls": 1
    },
    {
      "id": 1452,
      "quantity": "1",
      "noted": false,
      "rarity": "0.00",
      "rolls": 1
    },
    {
      "id": 1462,
      "quantity": "1",
      "noted": false,
      "rarity": "0.00",
      "rolls": 1
    },
    {
      "id": 1617,
      "quantity": "1",
      "noted": false,
      "rarity": "0.00",
      "rolls": 1
    },
    {
      "id": 830,
      "quantity": "5",
      "noted": false,
      "rarity": "0.00",
      "rolls": 1
    },
    {
      "id": 987,
      "quantity": "1",
      "noted": false,
      "rarity": "0.00",
      "rolls": 1
    },
    {
      "id": 985,
      "quantity": "1",
      "noted": false,
      "rarity": "0.00",
      "rolls": 1
    },
    {
      "id": 1247,
      "quantity": "1",
      "noted": false,
      "rarity": "0.00",
      "rolls": 1
    },
    {
      "id": 2366,
      "quantity": "1",
      "noted": false,
      "rarity": "0.00",
      "rolls": 1
    },
    {
      "id": 1249,
      "quantity": "1",
      "noted": false,
      "rarity": "0.00",
      "rolls": 1
    },
    {
      "id": 22780,
      "quantity": "1",
      "noted": false,
      "rarity": "1.00",
      "rolls": 1
    },
    {
      "id": 1317,
      "quantity": "1",
      "noted": false,
      "rarity": "0.03",
      "rolls": 3
    },
    {
      "id": 1399,
      "quantity": "1",
      "noted": false,
      "rarity": "0.01",
      "rolls": 3
    },
    {
      "id": 1147,
      "quantity": "1",
      "noted": false,
      "rarity": "0.03",
      "rolls": 3
    },
    {
      "id": 1373,
      "quantity": "1",
      "noted": false,
      "rarity": "0.01",
      "rolls": 3
    },
    {
      "id": 1215,
      "quantity": "1",
      "noted": false,
      "rarity": "0.01",
      "rolls": 3
    },
    {
      "id": 554,
      "quantity": "200",
      "noted": false,
      "rarity": "0.13",
      "rolls": 3
    },
    {
      "id": 557,
      "quantity": "75-150",
      "noted": false,
      "rarity": "0.13",
      "rolls": 3
    },
    {
      "id": 566,
      "quantity": "15-20",
      "noted": false,
      "rarity": "0.07",
      "rolls": 3
    },
    {
      "id": 565,
      "quantity": "25-30",
      "noted": false,
      "rarity": "0.07",
      "rolls": 3
    },
    {
      "id": 199,
      "quantity": "1-2",
      "noted": false,
      "rarity": "0.01",
      "rolls": 3
    },
    {
      "id": 21009,
      "quantity": "1",
      "noted": false,
      "rarity": "0.00",
      "rolls": 1
    },
    {
      "id": 201,
      "quantity": "1-2",
      "noted": false,
      "rarity": "0.01",
      "rolls": 3
    },
    {
      "id": 203,
      "quantity": "1-2",
      "noted": false,
      "rarity": "0.01",
      "rolls": 3
    },
    {
      "id": 205,
      "quantity": "1-2",
      "noted": false,
      "rarity": "0.01",
      "rolls": 3
    },
    {
      "id": 207,
      "quantity": "1-2",
      "noted": false,
      "rarity": "0.00",
      "rolls": 3
    },
    {
      "id": 209,
      "quantity": "1-2",
      "noted": false,
      "rarity": "0.00",
      "rolls": 3
    },
    {
      "id": 211,
      "quantity": "1-2",
      "noted": false,
      "rarity": "0.00",
      "rolls": 3
    },
    {
      "id": 213,
      "quantity": "1-2",
      "noted": false,
      "rarity": "0.00",
      "rolls": 3
    },
    {
      "id": 215,
      "quantity": "1-2",
      "noted": false,
      "rarity": "0.00",
      "rolls": 3
    },
    {
      "id": 2485,
      "quantity": "1-2",
      "noted": false,
      "rarity": "0.00",
      "rolls": 3
    },
    {
      "id": 217,
      "quantity": "1-2",
      "noted": false,
      "rarity": "0.00",
      "rolls": 3
    },
    {
      "id": 21028,
      "quantity": "1",
      "noted": false,
      "rarity": "0.00",
      "rolls": 1
    },
    {
      "id": 5296,
      "quantity": "1",
      "noted": false,
      "rarity": "0.01",
      "rolls": 3
    },
    {
      "id": 5297,
      "quantity": "1",
      "noted": false,
      "rarity": "0.01",
      "rolls": 3
    },
    {
      "id": 5281,
      "quantity": "1",
      "noted": false,
      "rarity": "0.01",
      "rolls": 3
    },
    {
      "id": 5106,
      "quantity": "1",
      "noted": false,
      "rarity": "0.00",
      "rolls": 3
    },
    {
      "id": 5298,
      "quantity": "1",
      "noted": false,
      "rarity": "0.00",
      "rolls": 3
    },
    {
      "id": 5280,
      "quantity": "1",
      "noted": false,
      "rarity": "0.00",
      "rolls": 3
    },
    {
      "id": 22873,
      "quantity": "1",
      "noted": false,
      "rarity": "0.00",
      "rolls": 3
    },
    {
      "id": 5299,
      "quantity": "1",
      "noted": false,
      "rarity": "0.00",
      "rolls": 3
    },
    {
      "id": 5300,
      "quantity": "1",
      "noted": false,
      "rarity": "0.00",
      "rolls": 3
    },
    {
      "id": 5301,
      "quantity": "1",
      "noted": false,
      "rarity": "0.00",
      "rolls": 3
    },
    {
      "id": 22804,
      "quantity": "75-150",
      "noted": false,
      "rarity": "0.00",
      "rolls": 1
    },
    {
      "id": 5302,
      "quantity": "1",
      "noted": false,
      "rarity": "0.00",
      "rolls": 3
    },
    {
      "id": 22879,
      "quantity": "3",
      "noted": false,
      "rarity": "0.00",
      "rolls": 3
    },
    {
      "id": 5303,
      "quantity": "1",
      "noted": false,
      "rarity": "0.00",
      "rolls": 3
    },
    {
      "id": 5304,
      "quantity": "1",
      "noted": false,
      "rarity": "0.00",
      "rolls": 3
    },
    {
      "id": 995,
      "quantity": "950-1450",
      "noted": false,
      "rarity": "0.11",
      "rolls": 3
    },
    {
      "id": 365,
      "quantity": "1",
      "noted": false,
      "rarity": "0.09",
      "rolls": 3
    },
    {
      "id": 7936,
      "quantity": "200-300",
      "noted": true,
      "rarity": "0.04",
      "rolls": 3
    },
    {
      "id": 44,
      "quantity": "8-12",
      "noted": false,
      "rarity": "0.03",
      "rolls": 3
    },
    {
      "id": 43,
      "quantity": "8-12",
      "noted": false,
      "rarity": "0.03",
      "rolls": 3
    },
    {
      "id": 20849,
      "quantity": "75-150",
      "noted": false,
      "rarity": "0.00",
      "rolls": 1
    },
    {
      "id": 1357,
      "quantity": "1",
      "noted": false,
      "rarity": "0.03",
      "rolls": 3
    },
    {
      "id": 23083,
      "quantity": "1",
      "noted": false,
      "rarity": "0.02",
      "rolls": 1
    },
    {
      "id": 2722,
      "quantity": "1",
      "noted": false,
      "rarity": "0.00",
      "rolls": 1
    },
    {
      "id": 20730,
      "quantity": "1",
      "noted": false,
      "rarity": "0.00",
      "rolls": 1
    },
    {
      "id": 20736,
      "quantity": "1",
      "noted": false,
      "rarity": "0.00",
      "rolls": 1
    },
    {
      "id": 21270,
      "quantity": "1",
      "noted": false,
      "rarity": "0.00",
      "rolls": 1
    },
    {
      "id": 20724,
      "quantity": "1",
      "noted": false,
      "rarity": "0.00",
      "rolls": 1
    },
    {
      "id": 2495,
      "quantity": "1",
      "noted": false,
      "rarity": "0.04",
      "rolls": 3
    },
    {
      "id": 1183,
      "quantity": "1",
      "noted": false,
      "rarity": "0.03",
      "rolls": 3
    },
    {
      "id": 1371,
      "quantity": "1",
      "noted": false,
      "rarity": "0.03",
      "rolls": 3
    }
  ]
}