{"name":"albino bat","combat_level":52,"size":2,"hitpoints":33,"max_hit":7,"attack_type":["stab"],"attack_speed":4,"aggressive":true,"poisonous":false,"venomous":false,"immune_poison":false,"immune_venom":false,"attributes":[],"category":["bats"],"slayer_monster":true,"slayer_level":1,"slayer_xp":"33.00","slayer_masters":["turael","spria","mazchna"],"attack_level":57,"strength_level":57,"defence_level":30,"magic_level":1,"ranged_level":1,"attack_bonus":0,"strength_bonus":0,"attack_magic":0,"magic_bonus":0,"attack_ranged":0,"ranged_bonus":0,"defence_stab":0,"defence_slash":0,"defence_crush":0,"defence_magic":0,"defence_ranged":0,"drops":[{"id":530,"name":"bat bones","quantity":"1","noted":false,"rarity":"1.00","rolls":1}]}