{
  "id": 10397,
  "name": "spiked turoth",
  "combat_level": 244,
  "size": 3,
  "hitpoints": 195,
  "max_hit": 29,
  "attack_type": ["melee"],
  "attack_speed": 4,
  "aggressive": false,
  "poisonous": false,
  "venomous": false,
  "immune_poison": true,
  "immune_venom": true,
  "attributes": ["leafy"],
  "category": ["turoth"],
  "slayer_monster": true,
  "slayer_level": 55,
  "slayer_xp": "1998.00",
  "slayer_masters": [
    "vannaka",
    "chaeldar",
    "konar",
    "nieve"
  ],
  "attack_level": 204,
  "strength_level": 280,
  "defence_level": 154,
  "magic_level": 1,
  "ranged_level": 1,
  "attack_bonus": 0,
  "strength_bonus": 0,
  "attack_magic": 0,
  "magic_bonus": 0,
  "attack_ranged": 0,
  "ranged_bonus": 0,
  "defence_stab": 0,
  "defence_slash": 40,
  "defence_crush": 40,
  "defence_magic": 0,
  "defence_ranged": 0,
  "drops": [
    {
      "id": 1623,
      "quantity": "1",
      "noted": false,
      "rarity": "0.01",
      "rolls": 1
    },
    {
      "id": 1621,
      "quantity": "1",
      "noted": false,
      "rarity": "0.00",
      "rolls": 1
    },
    {
      "id": 1619,
      "quantity": "1",
      "noted": false,
      "rarity": "0.00",
      "rolls": 1
    },
    {
      "id": 1452,
      "quantity": "1",
      "noted": false,
      "rarity": "0.00",
      "rolls": 1
    },
    {
      "id": 1462,
      "quantity": "1",
      "noted": false,
      "rarity": "0.00",
      "rolls": 1
    },
    {
      "id": 1617,
      "quantity": "1",
      "noted": false,
      "rarity": "0.00",
      "rolls": 1
    },
    {
      "id": 830,
      "quantity": "5",
      "noted": false,
      "rarity": "0.00",
      "rolls": 1
    },
    {
      "id": 987,
      "quantity": "1",
      "noted": false,
      "rarity": "0.00",
      "rolls": 1
    },
    {
      "id": 985,
      "quantity": "1",
      "noted": false,
      "rarity": "0.00",
      "rolls": 1
    },
    {
      "id": 1247,
      "quantity": "1",
      "noted": false,
      "rarity": "0.00",
      "rolls": 1
    },
    {
      "id": 2366,
      "quantity": "1",
      "noted": false,
      "rarity": "0.00",
      "rolls": 1
    },
    {
      "id": 1249,
      "quantity": "1",
      "noted": false,
      "rarity": "0.00",
      "rolls": 1
    },
    {
      "id": 526,
      "quantity": "1",
      "noted": false,
      "rarity": "1.00",
      "rolls": 1
    },
    {
      "id": 561,
      "quantity": "15",
      "noted": false,
      "rarity": "0.04",
      "rolls": 3
    },
    {
      "id": 561,
      "quantity": "37",
      "noted": false,
      "rarity": "0.01",
      "rolls": 3
    },
    {
      "id": 199,
      "quantity": "1-3",
      "noted": false,
      "rarity": "0.06",
      "rolls": 3
    },
    {
      "id": 201,
      "quantity": "1-3",
      "noted": false,
      "rarity": "0.05",
      "rolls": 3
    },
    {
      "id": 203,
      "quantity": "1-3",
      "noted": false,
      "rarity": "0.03",
      "rolls": 3
    },
    {
      "id": 205,
      "quantity": "1-3",
      "noted": false,
      "rarity": "0.03",
      "rolls": 3
    },
    {
      "id": 207,
      "quantity": "1-3",
      "noted": false,
      "rarity": "0.02",
      "rolls": 3
    },
    {
      "id": 209,
      "quantity": "1-3",
      "noted": false,
      "rarity": "0.02",
      "rolls": 3
    },
    {
      "id": 211,
      "quantity": "1-3",
      "noted": false,
      "rarity": "0.01",
      "rolls": 3
    },
    {
      "id": 213,
      "quantity": "1-3",
      "noted": false,
      "rarity": "0.01",
      "rolls": 3
    },
    {
      "id": 1069,
      "quantity": "1",
      "noted": false,
      "rarity": "0.05",
      "rolls": 3
    },
    {
      "id": 215,
      "quantity": "1-3",
      "noted": false,
      "rarity": "0.01",
      "rolls": 3
    },
    {
      "id": 2485,
      "quantity": "1-3",
      "noted": false,
      "rarity": "0.01",
      "rolls": 3
    },
    {
      "id": 217,
      "quantity": "1-3",
      "noted": false,
      "rarity": "0.01",
      "rolls": 3
    },
    {
      "id": 5296,
      "quantity": "1",
      "noted": false,
      "rarity": "0.03",
      "rolls": 3
    },
    {
      "id": 5297,
      "quantity": "1",
      "noted": false,
      "rarity": "0.02",
      "rolls": 3
    },
    {
      "id": 5281,
      "quantity": "1",
      "noted": false,
      "rarity": "0.02",
      "rolls": 3
    },
    {
      "id": 5106,
      "quantity": "1",
      "noted": false,
      "rarity": "0.01",
      "rolls": 3
    },
    {
      "id": 5298,
      "quantity": "1",
      "noted": false,
      "rarity": "0.01",
      "rolls": 3
    },
    {
      "id": 5280,
      "quantity": "1",
      "noted": false,
      "rarity": "0.01",
      "rolls": 3
    },
    {
      "id": 22873,
      "quantity": "1",
      "noted": false,
      "rarity": "0.01",
      "rolls": 3
    },
    {
      "id": 1355,
      "quantity": "1",
      "noted": false,
      "rarity": "0.02",
      "rolls": 3
    },
    {
      "id": 5299,
      "quantity": "1",
      "noted": false,
      "rarity": "0.01",
      "rolls": 3
    },
    {
      "id": 5300,
      "quantity": "1",
      "noted": false,
      "rarity": "0.01",
      "rolls": 3
    },
    {
      "id": 5301,
      "quantity": "1",
      "noted": false,
      "rarity": "0.00",
      "rolls": 3
    },
    {
      "id": 5302,
      "quantity": "1",
      "noted": false,
      "rarity": "0.00",
      "rolls": 3
    },
    {
      "id": 22879,
      "quantity": "3",
      "noted": false,
      "rarity": "0.00",
      "rolls": 3
    },
    {
      "id": 5303,
      "quantity": "1",
      "noted": false,
      "rarity": "0.00",
      "rolls": 3
    },
    {
      "id": 5304,
      "quantity": "1",
      "noted": false,
      "rarity": "0.00",
      "rolls": 3
    },
    {
      "id": 225,
      "quantity": "1",
      "noted": false,
      "rarity": "0.05",
      "rolls": 3
    },
    {
      "id": 995,
      "quantity": "44",
      "noted": false,
      "rarity": "0.23",
      "rolls": 3
    },
    {
      "id": 995,
      "quantity": "132",
      "noted": false,
      "rarity": "0.09",
      "rolls": 3
    },
    {
      "id": 1197,
      "quantity": "1",
      "noted": false,
      "rarity": "0.01",
      "rolls": 3
    },
    {
      "id": 995,
      "quantity": "440",
      "noted": false,
      "rarity": "0.01",
      "rolls": 3
    },
    {
      "id": 1161,
      "quantity": "1",
      "noted": false,
      "rarity": "0.01",
      "rolls": 3
    },
    {
      "id": 2722,
      "quantity": "1",
      "noted": false,
      "rarity": "0.01",
      "rolls": 1
    },
    {
      "id": 23083,
      "quantity": "1",
      "noted": false,
      "rarity": "0.02",
      "rolls": 1
    },
    {
      "id": 20730,
      "quantity": "1",
      "noted": false,
      "rarity": "0.00",
      "rolls": 1
    },
    {
      "id": 20736,
      "quantity": "1",
      "noted": false,
      "rarity": "0.00",
      "rolls": 1
    },
    {
      "id": 21270,
      "quantity": "1",
      "noted": false,
      "rarity": "0.00",
      "rolls": 1
    },
    {
      "id": 20724,
      "quantity": "1",
      "noted": false,
      "rarity": "0.00",
      "rolls": 1
    },
    {
      "id": 1213,
      "quantity": "1",
      "noted": false,
      "rarity": "0.01",
      "rolls": 3
    },
    {
      "id": 11902,
      "quantity": "1",
      "noted": false,
      "rarity": "0.00",
      "rolls": 3
    },
    {
      "id": 4113,
      "quantity": "1",
      "noted": false,
      "rarity": "0.00",
      "rolls": 3
    },
    {
      "id": 563,
      "quantity": "3",
      "noted": false,
      "rarity": "0.05",
      "rolls": 3
    }
  ]
}