{
  "id": 104,
  "name": "hellhound",
  "combat_level": 122,
  "size": 2,
  "hitpoints": 116,
  "max_hit": 11,
  "attack_type": ["stab"],
  "attack_speed": 4,
  "aggressive": true,
  "poisonous": false,
  "venomous": false,
  "immune_poison": false,
  "immune_venom": false,
  "attributes": ["demon"],
  "category": ["hellhounds"],
  "slayer_monster": true,
  "slayer_level": 1,
  "slayer_xp": "116.00",
  "slayer_masters": [
    "krystilia",
    "vannaka",
    "chaeldar",
    "konar",
    "nieve",
    "duradel"
  ],
  "attack_level": 105,
  "strength_level": 104,
  "defence_level": 102,
  "magic_level": 1,
  "ranged_level": 1,
  "attack_bonus": 0,
  "strength_bonus": 0,
  "attack_magic": 0,
  "magic_bonus": 0,
  "attack_ranged": 0,
  "ranged_bonus": 0,
  "defence_stab": 0,
  "defence_slash": 0,
  "defence_crush": 0,
  "defence_magic": 0,
  "defence_ranged": 0,
  "drops": [
    {
      "id": 25769,
      "quantity": "1",
      "noted": false,
      "rarity": "1.00",
      "rolls": 1
    },
    {
      "id": 23490,
      "quantity": "1",
      "noted": false,
      "rarity": "0.01",
      "rolls": 1
    },
    {
      "id": 21257,
      "quantity": "1",
      "noted": false,
      "rarity": "0.00",
      "rolls": 1
    },
    {
      "id": 13233,
      "quantity": "1",
      "noted": false,
      "rarity": "0.00",
      "rolls": 1
    },
    {
      "id": 11941,
      "quantity": "1",
      "noted": false,
      "rarity": "0.33",
      "rolls": 1
    },
    {
      "id": 2722,
      "quantity": "1",
      "noted": false,
      "rarity": "0.02",
      "rolls": 1
    },
    {
      "id": 23083,
      "quantity": "1",
      "noted": false,
      "rarity": "0.01",
      "rolls": 1
    },
    {
      "id": 19677,
      "quantity": "1",
      "noted": false,
      "rarity": "0.00",
      "rolls": 1
    },
    {
      "id": 19679,
      "quantity": "1",
      "noted": false,
      "rarity": "0.00",
      "rolls": 1
    },
    {
      "id": 19681,
      "quantity": "1",
      "noted": false,
      "rarity": "0.00",
      "rolls": 1
    },
    {
      "id": 19683,
      "quantity": "1",
      "noted": false,
      "rarity": "0.00",
      "rolls": 1
    }
  ]
}