{
  "id": 10400,
  "name": "guardian drake",
  "combat_level": 386,
  "size": 5,
  "hitpoints": 630,
  "max_hit": 35,
  "attack_type": [
    "melee",
    "ranged"
  ],
  "attack_speed": 4,
  "aggressive": false,
  "poisonous": false,
  "venomous": false,
  "immune_poison": true,
  "immune_venom": true,
  "attributes": ["dragon"],
  "category": ["drakes"],
  "slayer_monster": true,
  "slayer_level": 84,
  "slayer_xp": "7245.00",
  "slayer_masters": [
    "konar",
    "nieve",
    "duradel"
  ],
  "attack_level": 270,
  "strength_level": 280,
  "defence_level": 200,
  "magic_level": 300,
  "ranged_level": 240,
  "attack_bonus": 0,
  "strength_bonus": 12,
  "attack_magic": 0,
  "magic_bonus": 0,
  "attack_ranged": 40,
  "ranged_bonus": 0,
  "defence_stab": 60,
  "defence_slash": 100,
  "defence_crush": 100,
  "defence_magic": 20,
  "defence_ranged": 150,
  "drops": [
    {
      "id": 1623,
      "quantity": "1",
      "noted": false,
      "rarity": "0.00",
      "rolls": 1
    },
    {
      "id": 1621,
      "quantity": "1",
      "noted": false,
      "rarity": "0.00",
      "rolls": 1
    },
    {
      "id": 1619,
      "quantity": "1",
      "noted": false,
      "rarity": "0.00",
      "rolls": 1
    },
    {
      "id": 1452,
      "quantity": "1",
      "noted": false,
      "rarity": "0.00",
      "rolls": 1
    },
    {
      "id": 1462,
      "quantity": "1",
      "noted": false,
      "rarity": "0.00",
      "rolls": 1
    },
    {
      "id": 1617,
      "quantity": "1",
      "noted": false,
      "rarity": "0.00",
      "rolls": 1
    },
    {
      "id": 830,
      "quantity": "5",
      "noted": false,
      "rarity": "0.00",
      "rolls": 1
    },
    {
      "id": 987,
      "quantity": "1",
      "noted": false,
      "rarity": "0.00",
      "rolls": 1
    },
    {
      "id": 985,
      "quantity": "1",
      "noted": false,
      "rarity": "0.00",
      "rolls": 1
    },
    {
      "id": 1247,
      "quantity": "1",
      "noted": false,
      "rarity": "0.00",
      "rolls": 1
    },
    {
      "id": 2366,
      "quantity": "1",
      "noted": false,
      "rarity": "0.00",
      "rolls": 1
    },
    {
      "id": 1249,
      "quantity": "1",
      "noted": false,
      "rarity": "0.00",
      "rolls": 1
    },
    {
      "id": 22783,
      "quantity": "1",
      "noted": false,
      "rarity": "1.00",
      "rolls": 1
    },
    {
      "id": 1434,
      "quantity": "1",
      "noted": false,
      "rarity": "0.01",
      "rolls": 3
    },
    {
      "id": 554,
      "quantity": "100-200",
      "noted": false,
      "rarity": "0.12",
      "rolls": 3
    },
    {
      "id": 561,
      "quantity": "30-60",
      "noted": false,
      "rarity": "0.12",
      "rolls": 3
    },
    {
      "id": 563,
      "quantity": "25-50",
      "noted": false,
      "rarity": "0.12",
      "rolls": 3
    },
    {
      "id": 560,
      "quantity": "20-40",
      "noted": false,
      "rarity": "0.12",
      "rolls": 3
    },
    {
      "id": 892,
      "quantity": "35-65",
      "noted": false,
      "rarity": "0.12",
      "rolls": 3
    },
    {
      "id": 199,
      "quantity": "1-3",
      "noted": false,
      "rarity": "0.01",
      "rolls": 3
    },
    {
      "id": 201,
      "quantity": "1-3",
      "noted": false,
      "rarity": "0.01",
      "rolls": 3
    },
    {
      "id": 203,
      "quantity": "1-3",
      "noted": false,
      "rarity": "0.01",
      "rolls": 3
    },
    {
      "id": 205,
      "quantity": "1-3",
      "noted": false,
      "rarity": "0.01",
      "rolls": 3
    },
    {
      "id": 22960,
      "quantity": "1",
      "noted": false,
      "rarity": "0.00",
      "rolls": 1
    },
    {
      "id": 207,
      "quantity": "1-3",
      "noted": false,
      "rarity": "0.01",
      "rolls": 3
    },
    {
      "id": 209,
      "quantity": "1-3",
      "noted": false,
      "rarity": "0.00",
      "rolls": 3
    },
    {
      "id": 211,
      "quantity": "1-3",
      "noted": false,
      "rarity": "0.00",
      "rolls": 3
    },
    {
      "id": 213,
      "quantity": "1-3",
      "noted": false,
      "rarity": "0.00",
      "rolls": 3
    },
    {
      "id": 215,
      "quantity": "1-3",
      "noted": false,
      "rarity": "0.00",
      "rolls": 3
    },
    {
      "id": 2485,
      "quantity": "1-3",
      "noted": false,
      "rarity": "0.00",
      "rolls": 3
    },
    {
      "id": 217,
      "quantity": "1-3",
      "noted": false,
      "rarity": "0.00",
      "rolls": 3
    },
    {
      "id": 211,
      "quantity": "1-3",
      "noted": true,
      "rarity": "0.01",
      "rolls": 3
    },
    {
      "id": 213,
      "quantity": "1-3",
      "noted": true,
      "rarity": "0.01",
      "rolls": 3
    },
    {
      "id": 207,
      "quantity": "1-3",
      "noted": true,
      "rarity": "0.01",
      "rolls": 3
    },
    {
      "id": 22957,
      "quantity": "1",
      "noted": false,
      "rarity": "0.00",
      "rolls": 1
    },
    {
      "id": 3051,
      "quantity": "1-3",
      "noted": true,
      "rarity": "0.01",
      "rolls": 3
    },
    {
      "id": 215,
      "quantity": "1-3",
      "noted": true,
      "rarity": "0.01",
      "rolls": 3
    },
    {
      "id": 217,
      "quantity": "1-3",
      "noted": true,
      "rarity": "0.01",
      "rolls": 3
    },
    {
      "id": 2485,
      "quantity": "1-3",
      "noted": true,
      "rarity": "0.01",
      "rolls": 3
    },
    {
      "id": 219,
      "quantity": "1-3",
      "noted": true,
      "rarity": "0.01",
      "rolls": 3
    },
    {
      "id": 5296,
      "quantity": "1",
      "noted": false,
      "rarity": "0.00",
      "rolls": 3
    },
    {
      "id": 5297,
      "quantity": "1",
      "noted": false,
      "rarity": "0.00",
      "rolls": 3
    },
    {
      "id": 5281,
      "quantity": "1",
      "noted": false,
      "rarity": "0.00",
      "rolls": 3
    },
    {
      "id": 5106,
      "quantity": "1",
      "noted": false,
      "rarity": "0.00",
      "rolls": 3
    },
    {
      "id": 5298,
      "quantity": "1",
      "noted": false,
      "rarity": "0.00",
      "rolls": 3
    },
    {
      "id": 20849,
      "quantity": "100-200",
      "noted": false,
      "rarity": "0.00",
      "rolls": 1
    },
    {
      "id": 5280,
      "quantity": "1",
      "noted": false,
      "rarity": "0.00",
      "rolls": 3
    },
    {
      "id": 22873,
      "quantity": "1",
      "noted": false,
      "rarity": "0.00",
      "rolls": 3
    },
    {
      "id": 5299,
      "quantity": "1",
      "noted": false,
      "rarity": "0.00",
      "rolls": 3
    },
    {
      "id": 5300,
      "quantity": "1",
      "noted": false,
      "rarity": "0.00",
      "rolls": 3
    },
    {
      "id": 5301,
      "quantity": "1",
      "noted": false,
      "rarity": "0.00",
      "rolls": 3
    },
    {
      "id": 5302,
      "quantity": "1",
      "noted": false,
      "rarity": "0.00",
      "rolls": 3
    },
    {
      "id": 22879,
      "quantity": "3",
      "noted": false,
      "rarity": "0.00",
      "rolls": 3
    },
    {
      "id": 5303,
      "quantity": "1",
      "noted": false,
      "rarity": "0.00",
      "rolls": 3
    },
    {
      "id": 5304,
      "quantity": "1",
      "noted": false,
      "rarity": "0.00",
      "rolls": 3
    },
    {
      "id": 995,
      "quantity": "1000-2000",
      "noted": false,
      "rarity": "0.05",
      "rolls": 3
    },
    {
      "id": 22804,
      "quantity": "100-200",
      "noted": false,
      "rarity": "0.00",
      "rolls": 1
    },
    {
      "id": 995,
      "quantity": "5000-7000",
      "noted": false,
      "rarity": "0.01",
      "rolls": 3
    },
    {
      "id": 1601,
      "quantity": "3-6",
      "noted": true,
      "rarity": "0.05",
      "rolls": 3
    },
    {
      "id": 373,
      "quantity": "1-2",
      "noted": false,
      "rarity": "0.05",
      "rolls": 3
    },
    {
      "id": 1163,
      "quantity": "1",
      "noted": false,
      "rarity": "0.04",
      "rolls": 3
    },
    {
      "id": 23083,
      "quantity": "1",
      "noted": false,
      "rarity": "0.03",
      "rolls": 1
    },
    {
      "id": 2722,
      "quantity": "1",
      "noted": false,
      "rarity": "0.01",
      "rolls": 1
    },
    {
      "id": 20730,
      "quantity": "1",
      "noted": false,
      "rarity": "0.01",
      "rolls": 1
    },
    {
      "id": 20736,
      "quantity": "1",
      "noted": false,
      "rarity": "0.01",
      "rolls": 1
    },
    {
      "id": 21270,
      "quantity": "1",
      "noted": false,
      "rarity": "0.00",
      "rolls": 1
    },
    {
      "id": 20724,
      "quantity": "1",
      "noted": false,
      "rarity": "0.00",
      "rolls": 1
    },
    {
      "id": 2501,
      "quantity": "1",
      "noted": false,
      "rarity": "0.02",
      "rolls": 3
    },
    {
      "id": 2491,
      "quantity": "1",
      "noted": false,
      "rarity": "0.01",
      "rolls": 3
    },
    {
      "id": 1407,
      "quantity": "1",
      "noted": false,
      "rarity": "0.01",
      "rolls": 3
    }
  ]
}