{
  "id": 10402,
  "name": "colossal hydra",
  "combat_level": 334,
  "size": 5,
  "hitpoints": 750,
  "max_hit": 34,
  "attack_type": [
    "ranged",
    "magic"
  ],
  "attack_speed": 6,
  "aggressive": false,
  "poisonous": false,
  "venomous": false,
  "immune_poison": true,
  "immune_venom": false,
  "attributes": ["dragon"],
  "category": ["hydras"],
  "slayer_monster": true,
  "slayer_level": 95,
  "slayer_xp": "8625.00",
  "slayer_masters": ["konar"],
  "attack_level": 1,
  "strength_level": 1,
  "defence_level": 100,
  "magic_level": 250,
  "ranged_level": 250,
  "attack_bonus": 0,
  "strength_bonus": 0,
  "attack_magic": 0,
  "magic_bonus": 0,
  "attack_ranged": 0,
  "ranged_bonus": 0,
  "defence_stab": 100,
  "defence_slash": 200,
  "defence_crush": 200,
  "defence_magic": 200,
  "defence_ranged": 20,
  "drops": [
    {
      "id": 1623,
      "quantity": "1",
      "noted": false,
      "rarity": "0.00",
      "rolls": 1
    },
    {
      "id": 1621,
      "quantity": "1",
      "noted": false,
      "rarity": "0.00",
      "rolls": 1
    },
    {
      "id": 1619,
      "quantity": "1",
      "noted": false,
      "rarity": "0.00",
      "rolls": 1
    },
    {
      "id": 1452,
      "quantity": "1",
      "noted": false,
      "rarity": "0.00",
      "rolls": 1
    },
    {
      "id": 1462,
      "quantity": "1",
      "noted": false,
      "rarity": "0.00",
      "rolls": 1
    },
    {
      "id": 1617,
      "quantity": "1",
      "noted": false,
      "rarity": "0.00",
      "rolls": 1
    },
    {
      "id": 830,
      "quantity": "5",
      "noted": false,
      "rarity": "0.00",
      "rolls": 1
    },
    {
      "id": 987,
      "quantity": "1",
      "noted": false,
      "rarity": "0.00",
      "rolls": 1
    },
    {
      "id": 985,
      "quantity": "1",
      "noted": false,
      "rarity": "0.00",
      "rolls": 1
    },
    {
      "id": 1247,
      "quantity": "1",
      "noted": false,
      "rarity": "0.00",
      "rolls": 1
    },
    {
      "id": 2366,
      "quantity": "1",
      "noted": false,
      "rarity": "0.00",
      "rolls": 1
    },
    {
      "id": 1249,
      "quantity": "1",
      "noted": false,
      "rarity": "0.00",
      "rolls": 1
    },
    {
      "id": 22786,
      "quantity": "1",
      "noted": false,
      "rarity": "1.00",
      "rolls": 1
    },
    {
      "id": 1393,
      "quantity": "1",
      "noted": false,
      "rarity": "0.04",
      "rolls": 1
    },
    {
      "id": 1395,
      "quantity": "1",
      "noted": false,
      "rarity": "0.04",
      "rolls": 1
    },
    {
      "id": 1201,
      "quantity": "1",
      "noted": false,
      "rarity": "0.02",
      "rolls": 1
    },
    {
      "id": 1127,
      "quantity": "1",
      "noted": false,
      "rarity": "0.01",
      "rolls": 1
    },
    {
      "id": 4093,
      "quantity": "1",
      "noted": false,
      "rarity": "0.01",
      "rolls": 1
    },
    {
      "id": 1305,
      "quantity": "1",
      "noted": false,
      "rarity": "0.01",
      "rolls": 1
    },
    {
      "id": 565,
      "quantity": "15-45",
      "noted": false,
      "rarity": "0.07",
      "rolls": 1
    },
    {
      "id": 562,
      "quantity": "20-50",
      "noted": false,
      "rarity": "0.07",
      "rolls": 1
    },
    {
      "id": 560,
      "quantity": "30-60",
      "noted": false,
      "rarity": "0.07",
      "rolls": 1
    },
    {
      "id": 554,
      "quantity": "70-90",
      "noted": false,
      "rarity": "0.07",
      "rolls": 1
    },
    {
      "id": 22973,
      "quantity": "1",
      "noted": false,
      "rarity": "0.00",
      "rolls": 1
    },
    {
      "id": 563,
      "quantity": "30-60",
      "noted": false,
      "rarity": "0.07",
      "rolls": 1
    },
    {
      "id": 555,
      "quantity": "70-90",
      "noted": false,
      "rarity": "0.07",
      "rolls": 1
    },
    {
      "id": 199,
      "quantity": "1-3",
      "noted": false,
      "rarity": "0.01",
      "rolls": 1
    },
    {
      "id": 201,
      "quantity": "1-3",
      "noted": false,
      "rarity": "0.01",
      "rolls": 1
    },
    {
      "id": 203,
      "quantity": "1-3",
      "noted": false,
      "rarity": "0.00",
      "rolls": 1
    },
    {
      "id": 205,
      "quantity": "1-3",
      "noted": false,
      "rarity": "0.00",
      "rolls": 1
    },
    {
      "id": 207,
      "quantity": "1-3",
      "noted": false,
      "rarity": "0.00",
      "rolls": 1
    },
    {
      "id": 209,
      "quantity": "1-3",
      "noted": false,
      "rarity": "0.00",
      "rolls": 1
    },
    {
      "id": 211,
      "quantity": "1-3",
      "noted": false,
      "rarity": "0.00",
      "rolls": 1
    },
    {
      "id": 213,
      "quantity": "1-3",
      "noted": false,
      "rarity": "0.00",
      "rolls": 1
    },
    {
      "id": 22969,
      "quantity": "1",
      "noted": false,
      "rarity": "0.00",
      "rolls": 1
    },
    {
      "id": 215,
      "quantity": "1-3",
      "noted": false,
      "rarity": "0.00",
      "rolls": 1
    },
    {
      "id": 2485,
      "quantity": "1-3",
      "noted": false,
      "rarity": "0.00",
      "rolls": 1
    },
    {
      "id": 217,
      "quantity": "1-3",
      "noted": false,
      "rarity": "0.00",
      "rolls": 1
    },
    {
      "id": 211,
      "quantity": "3",
      "noted": true,
      "rarity": "0.01",
      "rolls": 1
    },
    {
      "id": 207,
      "quantity": "3",
      "noted": true,
      "rarity": "0.00",
      "rolls": 1
    },
    {
      "id": 3051,
      "quantity": "3",
      "noted": true,
      "rarity": "0.00",
      "rolls": 1
    },
    {
      "id": 219,
      "quantity": "3",
      "noted": true,
      "rarity": "0.00",
      "rolls": 1
    },
    {
      "id": 5296,
      "quantity": "1",
      "noted": false,
      "rarity": "0.01",
      "rolls": 1
    },
    {
      "id": 5297,
      "quantity": "1",
      "noted": false,
      "rarity": "0.00",
      "rolls": 1
    },
    {
      "id": 5281,
      "quantity": "1",
      "noted": false,
      "rarity": "0.00",
      "rolls": 1
    },
    {
      "id": 22971,
      "quantity": "1",
      "noted": false,
      "rarity": "0.00",
      "rolls": 1
    },
    {
      "id": 5106,
      "quantity": "1",
      "noted": false,
      "rarity": "0.00",
      "rolls": 1
    },
    {
      "id": 5298,
      "quantity": "1",
      "noted": false,
      "rarity": "0.00",
      "rolls": 1
    },
    {
      "id": 5280,
      "quantity": "1",
      "noted": false,
      "rarity": "0.00",
      "rolls": 1
    },
    {
      "id": 22873,
      "quantity": "1",
      "noted": false,
      "rarity": "0.00",
      "rolls": 1
    },
    {
      "id": 5299,
      "quantity": "1",
      "noted": false,
      "rarity": "0.00",
      "rolls": 1
    },
    {
      "id": 5300,
      "quantity": "1",
      "noted": false,
      "rarity": "0.00",
      "rolls": 1
    },
    {
      "id": 5301,
      "quantity": "1",
      "noted": false,
      "rarity": "0.00",
      "rolls": 1
    },
    {
      "id": 5302,
      "quantity": "1",
      "noted": false,
      "rarity": "0.00",
      "rolls": 1
    },
    {
      "id": 22879,
      "quantity": "3",
      "noted": false,
      "rarity": "0.00",
      "rolls": 1
    },
    {
      "id": 5303,
      "quantity": "1",
      "noted": false,
      "rarity": "0.00",
      "rolls": 1
    },
    {
      "id": 22988,
      "quantity": "1",
      "noted": false,
      "rarity": "0.00",
      "rolls": 1
    },
    {
      "id": 5304,
      "quantity": "1",
      "noted": false,
      "rarity": "0.00",
      "rolls": 1
    },
    {
      "id": 9192,
      "quantity": "20",
      "noted": false,
      "rarity": "0.00",
      "rolls": 1
    },
    {
      "id": 9191,
      "quantity": "20",
      "noted": false,
      "rarity": "0.00",
      "rolls": 1
    },
    {
      "id": 9190,
      "quantity": "20",
      "noted": false,
      "rarity": "0.00",
      "rolls": 1
    },
    {
      "id": 9193,
      "quantity": "20",
      "noted": false,
      "rarity": "0.00",
      "rolls": 1
    },
    {
      "id": 9194,
      "quantity": "20",
      "noted": false,
      "rarity": "0.00",
      "rolls": 1
    },
    {
      "id": 9189,
      "quantity": "20",
      "noted": false,
      "rarity": "0.00",
      "rolls": 1
    },
    {
      "id": 995,
      "quantity": "500-3500",
      "noted": false,
      "rarity": "0.13",
      "rolls": 1
    },
    {
      "id": 7946,
      "quantity": "1",
      "noted": false,
      "rarity": "0.09",
      "rolls": 1
    },
    {
      "id": 12701,
      "quantity": "1",
      "noted": false,
      "rarity": "0.03",
      "rolls": 1
    },
    {
      "id": 20849,
      "quantity": "200-400",
      "noted": false,
      "rarity": "0.00",
      "rolls": 1
    },
    {
      "id": 536,
      "quantity": "3-5",
      "noted": true,
      "rarity": "0.02",
      "rolls": 1
    },
    {
      "id": 3030,
      "quantity": "1-2",
      "noted": false,
      "rarity": "0.05",
      "rolls": 1
    },
    {
      "id": 22804,
      "quantity": "200-400",
      "noted": false,
      "rarity": "0.00",
      "rolls": 1
    },
    {
      "id": 23083,
      "quantity": "1",
      "noted": false,
      "rarity": "0.02",
      "rolls": 1
    },
    {
      "id": 2722,
      "quantity": "1",
      "noted": false,
      "rarity": "0.01",
      "rolls": 1
    },
    {
      "id": 12073,
      "quantity": "1",
      "noted": false,
      "rarity": "0.00",
      "rolls": 1
    },
    {
      "id": 20730,
      "quantity": "1",
      "noted": false,
      "rarity": "0.02",
      "rolls": 1
    },
    {
      "id": 20736,
      "quantity": "1",
      "noted": false,
      "rarity": "0.02",
      "rolls": 1
    },
    {
      "id": 21270,
      "quantity": "1",
      "noted": false,
      "rarity": "0.01",
      "rolls": 1
    },
    {
      "id": 20724,
      "quantity": "1",
      "noted": false,
      "rarity": "0.01",
      "rolls": 1
    },
    {
      "id": 2497,
      "quantity": "1",
      "noted": false,
      "rarity": "0.02",
      "rolls": 1
    },
    {
      "id": 1391,
      "quantity": "2-3",
      "noted": true,
      "rarity": "0.02",
      "rolls": 1
    }
  ]
}