{"name":"guardian drake","combat_level":386,"size":5,"hitpoints":630,"max_hit":35,"attack_type":["melee","ranged"],"attack_speed":4,"aggressive":false,"poisonous":false,"venomous":false,"immune_poison":true,"immune_venom":false,"attributes":["dragon"],"category":["drakes"],"slayer_monster":true,"slayer_level":84,"slayer_xp":"7245.00","slayer_masters":["konar","nieve","duradel"],"attack_level":270,"strength_level":280,"defence_level":200,"magic_level":300,"ranged_level":240,"attack_bonus":0,"strength_bonus":12,"attack_magic":0,"magic_bonus":0,"attack_ranged":40,"ranged_bonus":0,"defence_stab":60,"defence_slash":100,"defence_crush":100,"defence_magic":20,"defence_ranged":150,"drops":[{"id":1623,"name":"uncut sapphire","quantity":"1","noted":false,"rarity":"0.00","rolls":1},{"id":1621,"name":"uncut emerald","quantity":"1","noted":false,"rarity":"0.00","rolls":1},{"id":1619,"name":"uncut ruby","quantity":"1","noted":false,"rarity":"0.00","rolls":1},{"id":1452,"name":"chaos talisman","quantity":"1","noted":false,"rarity":"0.00","rolls":1},{"id":1462,"name":"nature talisman","quantity":"1","noted":false,"rarity":"0.00","rolls":1},{"id":1617,"name":"uncut diamond","quantity":"1","noted":false,"rarity":"0.00","rolls":1},{"id":830,"name":"rune javelin","quantity":"5","noted":false,"rarity":"0.00","rolls":1},{"id":987,"name":"loop half of key","quantity":"1","noted":false,"rarity":"0.00","rolls":1},{"id":985,"name":"tooth half of key","quantity":"1","noted":false,"rarity":"0.00","rolls":1},{"id":1247,"name":"rune spear","quantity":"1","noted":false,"rarity":"0.00","rolls":1},{"id":2366,"name":"shield left half","quantity":"1","noted":false,"rarity":"0.00","rolls":1},{"id":1249,"name":"dragon spear","quantity":"1","noted":false,"rarity":"0.00","rolls":1},{"id":22783,"name":"drake bones","quantity":"1","noted":false,"rarity":"1.00","rolls":1},{"id":1434,"name":"dragon mace","quantity":"1","noted":false,"rarity":"0.01","rolls":3},{"id":554,"name":"fire rune","quantity":"100-200","noted":false,"rarity":"0.12","rolls":3},{"id":561,"name":"nature rune","quantity":"30-60","noted":false,"rarity":"0.12","rolls":3},{"id":563,"name":"law rune","quantity":"25-50","noted":false,"rarity":"0.12","rolls":3},{"id":560,"name":"death rune","quantity":"20-40","noted":false,"rarity":"0.12","rolls":3},{"id":892,"name":"rune arrow","quantity":"35-65","noted":false,"rarity":"0.12","rolls":3},{"id":199,"name":"grimy guam leaf","quantity":"1-3","noted":false,"rarity":"0.01","rolls":3},{"id":201,"name":"grimy marrentill","quantity":"1-3","noted":false,"rarity":"0.01","rolls":3},{"id":203,"name":"grimy tarromin","quantity":"1-3","noted":false,"rarity":"0.01","rolls":3},{"id":205,"name":"grimy harralander","quantity":"1-3","noted":false,"rarity":"0.01","rolls":3},{"id":22960,"name":"drake's tooth","quantity":"1","noted":false,"rarity":"0.00","rolls":1},{"id":207,"name":"grimy ranarr weed","quantity":"1-3","noted":false,"rarity":"0.01","rolls":3},{"id":209,"name":"grimy irit leaf","quantity":"1-3","noted":false,"rarity":"0.00","rolls":3},{"id":211,"name":"grimy avantoe","quantity":"1-3","noted":false,"rarity":"0.00","rolls":3},{"id":213,"name":"grimy kwuarm","quantity":"1-3","noted":false,"rarity":"0.00","rolls":3},{"id":215,"name":"grimy cadantine","quantity":"1-3","noted":false,"rarity":"0.00","rolls":3},{"id":2485,"name":"grimy lantadyme","quantity":"1-3","noted":false,"rarity":"0.00","rolls":3},{"id":217,"name":"grimy dwarf weed","quantity":"1-3","noted":false,"rarity":"0.00","rolls":3},{"id":211,"name":"grimy avantoe","quantity":"1-3","noted":true,"rarity":"0.01","rolls":3},{"id":213,"name":"grimy kwuarm","quantity":"1-3","noted":true,"rarity":"0.01","rolls":3},{"id":207,"name":"grimy ranarr weed","quantity":"1-3","noted":true,"rarity":"0.01","rolls":3},{"id":22957,"name":"drake's claw","quantity":"1","noted":false,"rarity":"0.00","rolls":1},{"id":3051,"name":"grimy snapdragon","quantity":"1-3","noted":true,"rarity":"0.01","rolls":3},{"id":215,"name":"grimy cadantine","quantity":"1-3","noted":true,"rarity":"0.01","rolls":3},{"id":217,"name":"grimy dwarf weed","quantity":"1-3","noted":true,"rarity":"0.01","rolls":3},{"id":2485,"name":"grimy lantadyme","quantity":"1-3","noted":true,"rarity":"0.01","rolls":3},{"id":219,"name":"grimy torstol","quantity":"1-3","noted":true,"rarity":"0.01","rolls":3},{"id":5296,"name":"toadflax seed","quantity":"1","noted":false,"rarity":"0.00","rolls":3},{"id":5297,"name":"irit seed","quantity":"1","noted":false,"rarity":"0.00","rolls":3},{"id":5281,"name":"belladonna seed","quantity":"1","noted":false,"rarity":"0.00","rolls":3},{"id":5106,"name":"poison ivy seed","quantity":"1","noted":false,"rarity":"0.00","rolls":3},{"id":5298,"name":"avantoe seed","quantity":"1","noted":false,"rarity":"0.00","rolls":3},{"id":20849,"name":"dragon thrownaxe","quantity":"100-200","noted":false,"rarity":"0.00","rolls":1},{"id":5280,"name":"cactus seed","quantity":"1","noted":false,"rarity":"0.00","rolls":3},{"id":22873,"name":"potato cactus seed","quantity":"1","noted":false,"rarity":"0.00","rolls":3},{"id":5299,"name":"kwuarm seed","quantity":"1","noted":false,"rarity":"0.00","rolls":3},{"id":5300,"name":"snapdragon seed","quantity":"1","noted":false,"rarity":"0.00","rolls":3},{"id":5301,"name":"cadantine seed","quantity":"1","noted":false,"rarity":"0.00","rolls":3},{"id":5302,"name":"lantadyme seed","quantity":"1","noted":false,"rarity":"0.00","rolls":3},{"id":22879,"name":"snape grass seed","quantity":"3","noted":false,"rarity":"0.00","rolls":3},{"id":5303,"name":"dwarf weed seed","quantity":"1","noted":false,"rarity":"0.00","rolls":3},{"id":5304,"name":"torstol seed","quantity":"1","noted":false,"rarity":"0.00","rolls":3},{"id":995,"name":"coins","quantity":"1000-2000","noted":false,"rarity":"0.05","rolls":3},{"id":22804,"name":"dragon knife","quantity":"100-200","noted":false,"rarity":"0.00","rolls":1},{"id":995,"name":"coins","quantity":"5000-7000","noted":false,"rarity":"0.01","rolls":3},{"id":1601,"name":"diamond","quantity":"3-6","noted":true,"rarity":"0.05","rolls":3},{"id":373,"name":"swordfish","quantity":"1-2","noted":false,"rarity":"0.05","rolls":3},{"id":1163,"name":"rune full helm","quantity":"1","noted":false,"rarity":"0.04","rolls":3},{"id":23083,"name":"brimstone key","quantity":"1","noted":false,"rarity":"0.03","rolls":1},{"id":2722,"name":"clue scroll (hard)","quantity":"1","noted":false,"rarity":"0.01","rolls":1},{"id":20730,"name":"mist battlestaff","quantity":"1","noted":false,"rarity":"0.01","rolls":1},{"id":20736,"name":"dust battlestaff","quantity":"1","noted":false,"rarity":"0.01","rolls":1},{"id":21270,"name":"eternal gem","quantity":"1","noted":false,"rarity":"0.00","rolls":1},{"id":20724,"name":"imbued heart","quantity":"1","noted":false,"rarity":"0.00","rolls":1},{"id":2501,"name":"red d'hide body","quantity":"1","noted":false,"rarity":"0.02","rolls":3},{"id":2491,"name":"black d'hide vambraces","quantity":"1","noted":false,"rarity":"0.01","rolls":3},{"id":1407,"name":"mystic earth staff","quantity":"1","noted":false,"rarity":"0.01","rolls":3}]}