{"name":"colossal hydra","combat_level":334,"size":5,"hitpoints":750,"max_hit":34,"attack_type":["ranged","magic"],"attack_speed":6,"aggressive":false,"poisonous":false,"venomous":false,"immune_poison":true,"immune_venom":false,"attributes":["dragon"],"category":["hydras"],"slayer_monster":true,"slayer_level":95,"slayer_xp":"8625.00","slayer_masters":["konar"],"attack_level":1,"strength_level":1,"defence_level":100,"magic_level":250,"ranged_level":250,"attack_bonus":0,"strength_bonus":0,"attack_magic":0,"magic_bonus":0,"attack_ranged":0,"ranged_bonus":0,"defence_stab":100,"defence_slash":200,"defence_crush":200,"defence_magic":200,"defence_ranged":20,"drops":[{"id":1623,"name":"uncut sapphire","quantity":"1","noted":false,"rarity":"0.00","rolls":1},{"id":1621,"name":"uncut emerald","quantity":"1","noted":false,"rarity":"0.00","rolls":1},{"id":1619,"name":"uncut ruby","quantity":"1","noted":false,"rarity":"0.00","rolls":1},{"id":1452,"name":"chaos talisman","quantity":"1","noted":false,"rarity":"0.00","rolls":1},{"id":1462,"name":"nature talisman","quantity":"1","noted":false,"rarity":"0.00","rolls":1},{"id":1617,"name":"uncut diamond","quantity":"1","noted":false,"rarity":"0.00","rolls":1},{"id":830,"name":"rune javelin","quantity":"5","noted":false,"rarity":"0.00","rolls":1},{"id":987,"name":"loop half of key","quantity":"1","noted":false,"rarity":"0.00","rolls":1},{"id":985,"name":"tooth half of key","quantity":"1","noted":false,"rarity":"0.00","rolls":1},{"id":1247,"name":"rune spear","quantity":"1","noted":false,"rarity":"0.00","rolls":1},{"id":2366,"name":"shield left half","quantity":"1","noted":false,"rarity":"0.00","rolls":1},{"id":1249,"name":"dragon spear","quantity":"1","noted":false,"rarity":"0.00","rolls":1},{"id":22786,"name":"hydra bones","quantity":"1","noted":false,"rarity":"1.00","rolls":1},{"id":1393,"name":"fire battlestaff","quantity":"1","noted":false,"rarity":"0.04","rolls":1},{"id":1395,"name":"water battlestaff","quantity":"1","noted":false,"rarity":"0.04","rolls":1},{"id":1201,"name":"rune kiteshield","quantity":"1","noted":false,"rarity":"0.02","rolls":1},{"id":1127,"name":"rune platebody","quantity":"1","noted":false,"rarity":"0.01","rolls":1},{"id":4093,"name":"mystic robe bottom","quantity":"1","noted":false,"rarity":"0.01","rolls":1},{"id":1305,"name":"dragon longsword","quantity":"1","noted":false,"rarity":"0.01","rolls":1},{"id":565,"name":"blood rune","quantity":"15-45","noted":false,"rarity":"0.07","rolls":1},{"id":562,"name":"chaos rune","quantity":"20-50","noted":false,"rarity":"0.07","rolls":1},{"id":560,"name":"death rune","quantity":"30-60","noted":false,"rarity":"0.07","rolls":1},{"id":554,"name":"fire rune","quantity":"70-90","noted":false,"rarity":"0.07","rolls":1},{"id":22973,"name":"hydra's eye","quantity":"1","noted":false,"rarity":"0.00","rolls":1},{"id":563,"name":"law rune","quantity":"30-60","noted":false,"rarity":"0.07","rolls":1},{"id":555,"name":"water rune","quantity":"70-90","noted":false,"rarity":"0.07","rolls":1},{"id":199,"name":"grimy guam leaf","quantity":"1-3","noted":false,"rarity":"0.01","rolls":1},{"id":201,"name":"grimy marrentill","quantity":"1-3","noted":false,"rarity":"0.01","rolls":1},{"id":203,"name":"grimy tarromin","quantity":"1-3","noted":false,"rarity":"0.00","rolls":1},{"id":205,"name":"grimy harralander","quantity":"1-3","noted":false,"rarity":"0.00","rolls":1},{"id":207,"name":"grimy ranarr weed","quantity":"1-3","noted":false,"rarity":"0.00","rolls":1},{"id":209,"name":"grimy irit leaf","quantity":"1-3","noted":false,"rarity":"0.00","rolls":1},{"id":211,"name":"grimy avantoe","quantity":"1-3","noted":false,"rarity":"0.00","rolls":1},{"id":213,"name":"grimy kwuarm","quantity":"1-3","noted":false,"rarity":"0.00","rolls":1},{"id":22969,"name":"hydra's heart","quantity":"1","noted":false,"rarity":"0.00","rolls":1},{"id":215,"name":"grimy cadantine","quantity":"1-3","noted":false,"rarity":"0.00","rolls":1},{"id":2485,"name":"grimy lantadyme","quantity":"1-3","noted":false,"rarity":"0.00","rolls":1},{"id":217,"name":"grimy dwarf weed","quantity":"1-3","noted":false,"rarity":"0.00","rolls":1},{"id":211,"name":"grimy avantoe","quantity":"3","noted":true,"rarity":"0.01","rolls":1},{"id":207,"name":"grimy ranarr weed","quantity":"3","noted":true,"rarity":"0.00","rolls":1},{"id":3051,"name":"grimy snapdragon","quantity":"3","noted":true,"rarity":"0.00","rolls":1},{"id":219,"name":"grimy torstol","quantity":"3","noted":true,"rarity":"0.00","rolls":1},{"id":5296,"name":"toadflax seed","quantity":"1","noted":false,"rarity":"0.01","rolls":1},{"id":5297,"name":"irit seed","quantity":"1","noted":false,"rarity":"0.00","rolls":1},{"id":5281,"name":"belladonna seed","quantity":"1","noted":false,"rarity":"0.00","rolls":1},{"id":22971,"name":"hydra's fang","quantity":"1","noted":false,"rarity":"0.00","rolls":1},{"id":5106,"name":"poison ivy seed","quantity":"1","noted":false,"rarity":"0.00","rolls":1},{"id":5298,"name":"avantoe seed","quantity":"1","noted":false,"rarity":"0.00","rolls":1},{"id":5280,"name":"cactus seed","quantity":"1","noted":false,"rarity":"0.00","rolls":1},{"id":22873,"name":"potato cactus seed","quantity":"1","noted":false,"rarity":"0.00","rolls":1},{"id":5299,"name":"kwuarm seed","quantity":"1","noted":false,"rarity":"0.00","rolls":1},{"id":5300,"name":"snapdragon seed","quantity":"1","noted":false,"rarity":"0.00","rolls":1},{"id":5301,"name":"cadantine seed","quantity":"1","noted":false,"rarity":"0.00","rolls":1},{"id":5302,"name":"lantadyme seed","quantity":"1","noted":false,"rarity":"0.00","rolls":1},{"id":22879,"name":"snape grass seed","quantity":"3","noted":false,"rarity":"0.00","rolls":1},{"id":5303,"name":"dwarf weed seed","quantity":"1","noted":false,"rarity":"0.00","rolls":1},{"id":22988,"name":"hydra tail","quantity":"1","noted":false,"rarity":"0.00","rolls":1},{"id":5304,"name":"torstol seed","quantity":"1","noted":false,"rarity":"0.00","rolls":1},{"id":9192,"name":"diamond bolt tips","quantity":"20","noted":false,"rarity":"0.00","rolls":1},{"id":9191,"name":"ruby bolt tips","quantity":"20","noted":false,"rarity":"0.00","rolls":1},{"id":9190,"name":"emerald bolt tips","quantity":"20","noted":false,"rarity":"0.00","rolls":1},{"id":9193,"name":"dragonstone bolt tips","quantity":"20","noted":false,"rarity":"0.00","rolls":1},{"id":9194,"name":"onyx bolt tips","quantity":"20","noted":false,"rarity":"0.00","rolls":1},{"id":9189,"name":"sapphire bolt tips","quantity":"20","noted":false,"rarity":"0.00","rolls":1},{"id":995,"name":"coins","quantity":"500-3500","noted":false,"rarity":"0.13","rolls":1},{"id":7946,"name":"monkfish","quantity":"1","noted":false,"rarity":"0.09","rolls":1},{"id":12701,"name":"super combat potion(1)","quantity":"1","noted":false,"rarity":"0.03","rolls":1},{"id":20849,"name":"dragon thrownaxe","quantity":"200-400","noted":false,"rarity":"0.00","rolls":1},{"id":536,"name":"dragon bones","quantity":"3-5","noted":true,"rarity":"0.02","rolls":1},{"id":3030,"name":"super restore(1)","quantity":"1-2","noted":false,"rarity":"0.05","rolls":1},{"id":22804,"name":"dragon knife","quantity":"200-400","noted":false,"rarity":"0.00","rolls":1},{"id":23083,"name":"brimstone key","quantity":"1","noted":false,"rarity":"0.02","rolls":1},{"id":2722,"name":"clue scroll (hard)","quantity":"1","noted":false,"rarity":"0.01","rolls":1},{"id":12073,"name":"clue scroll (elite)","quantity":"1","noted":false,"rarity":"0.00","rolls":1},{"id":20730,"name":"mist battlestaff","quantity":"1","noted":false,"rarity":"0.02","rolls":1},{"id":20736,"name":"dust battlestaff","quantity":"1","noted":false,"rarity":"0.02","rolls":1},{"id":21270,"name":"eternal gem","quantity":"1","noted":false,"rarity":"0.01","rolls":1},{"id":20724,"name":"imbued heart","quantity":"1","noted":false,"rarity":"0.01","rolls":1},{"id":2497,"name":"black d'hide chaps","quantity":"1","noted":false,"rarity":"0.02","rolls":1},{"id":1391,"name":"battlestaff","quantity":"2-3","noted":true,"rarity":"0.02","rolls":1}]}