{"name":"jungle horror","combat_level":70,"size":2,"hitpoints":45,"max_hit":8,"attack_type":["stab"],"attack_speed":4,"aggressive":true,"poisonous":false,"venomous":false,"immune_poison":false,"immune_venom":false,"attributes":[],"category":["jungle horrors"],"slayer_monster":true,"slayer_level":1,"slayer_xp":"45.00","slayer_masters":["vannaka","chaeldar"],"attack_level":70,"strength_level":70,"defence_level":55,"magic_level":1,"ranged_level":1,"attack_bonus":0,"strength_bonus":0,"attack_magic":0,"magic_bonus":0,"attack_ranged":0,"ranged_bonus":0,"defence_stab":0,"defence_slash":0,"defence_crush":0,"defence_magic":0,"defence_ranged":0,"drops":[{"id":1623,"name":"uncut sapphire","quantity":"1","noted":false,"rarity":"0.00","rolls":1},{"id":1621,"name":"uncut emerald","quantity":"1","noted":false,"rarity":"0.00","rolls":1},{"id":1619,"name":"uncut ruby","quantity":"1","noted":false,"rarity":"0.00","rolls":1},{"id":1452,"name":"chaos talisman","quantity":"1","noted":false,"rarity":"0.00","rolls":1},{"id":1462,"name":"nature talisman","quantity":"1","noted":false,"rarity":"0.00","rolls":1},{"id":1617,"name":"uncut diamond","quantity":"1","noted":false,"rarity":"0.00","rolls":1},{"id":830,"name":"rune javelin","quantity":"5","noted":false,"rarity":"0.00","rolls":1},{"id":987,"name":"loop half of key","quantity":"1","noted":false,"rarity":"0.00","rolls":1},{"id":985,"name":"tooth half of key","quantity":"1","noted":false,"rarity":"0.00","rolls":1},{"id":1247,"name":"rune spear","quantity":"1","noted":false,"rarity":"0.00","rolls":1},{"id":2366,"name":"shield left half","quantity":"1","noted":false,"rarity":"0.00","rolls":1},{"id":1249,"name":"dragon spear","quantity":"1","noted":false,"rarity":"0.00","rolls":1},{"id":526,"name":"bones","quantity":"1","noted":false,"rarity":"1.00","rolls":1},{"id":201,"name":"grimy marrentill","quantity":"1","noted":false,"rarity":"0.01","rolls":1},{"id":203,"name":"grimy tarromin","quantity":"1","noted":false,"rarity":"0.01","rolls":1},{"id":205,"name":"grimy harralander","quantity":"1","noted":false,"rarity":"0.01","rolls":1},{"id":207,"name":"grimy ranarr weed","quantity":"1","noted":false,"rarity":"0.00","rolls":1},{"id":209,"name":"grimy irit leaf","quantity":"1","noted":false,"rarity":"0.00","rolls":1},{"id":211,"name":"grimy avantoe","quantity":"1","noted":false,"rarity":"0.00","rolls":1},{"id":213,"name":"grimy kwuarm","quantity":"1","noted":false,"rarity":"0.00","rolls":1},{"id":215,"name":"grimy cadantine","quantity":"1","noted":false,"rarity":"0.00","rolls":1},{"id":2485,"name":"grimy lantadyme","quantity":"1","noted":false,"rarity":"0.00","rolls":1},{"id":217,"name":"grimy dwarf weed","quantity":"1","noted":false,"rarity":"0.00","rolls":1},{"id":1335,"name":"iron warhammer","quantity":"1","noted":false,"rarity":"0.13","rolls":1},{"id":5318,"name":"potato seed","quantity":"1-4","noted":false,"rarity":"0.06","rolls":1},{"id":5319,"name":"onion seed","quantity":"1-3","noted":false,"rarity":"0.03","rolls":1},{"id":5324,"name":"cabbage seed","quantity":"1-3","noted":false,"rarity":"0.01","rolls":1},{"id":5322,"name":"tomato seed","quantity":"1-2","noted":false,"rarity":"0.01","rolls":1},{"id":5320,"name":"sweetcorn seed","quantity":"1-2","noted":false,"rarity":"0.00","rolls":1},{"id":5323,"name":"strawberry seed","quantity":"1","noted":false,"rarity":"0.00","rolls":1},{"id":5321,"name":"watermelon seed","quantity":"1","noted":false,"rarity":"0.00","rolls":1},{"id":22879,"name":"snape grass seed","quantity":"1","noted":false,"rarity":"0.00","rolls":1},{"id":440,"name":"iron ore","quantity":"1","noted":false,"rarity":"0.21","rolls":1},{"id":6333,"name":"teak logs","quantity":"3","noted":true,"rarity":"0.07","rolls":1},{"id":1191,"name":"iron kiteshield","quantity":"1","noted":false,"rarity":"0.04","rolls":1},{"id":6332,"name":"mahogany logs","quantity":"1","noted":false,"rarity":"0.02","rolls":1},{"id":2114,"name":"pineapple","quantity":"2","noted":false,"rarity":"0.06","rolls":1},{"id":526,"name":"bones","quantity":"1","noted":false,"rarity":"0.04","rolls":1},{"id":532,"name":"big bones","quantity":"1","noted":false,"rarity":"0.02","rolls":1},{"id":532,"name":"big bones","quantity":"3","noted":false,"rarity":"0.02","rolls":1},{"id":1239,"name":"iron spear","quantity":"1","noted":false,"rarity":"0.03","rolls":1},{"id":13486,"name":"ensouled horror head","quantity":"1","noted":false,"rarity":"0.03","rolls":1},{"id":2801,"name":"clue scroll (medium)","quantity":"1","noted":false,"rarity":"0.01","rolls":1},{"id":826,"name":"iron javelin","quantity":"5","noted":false,"rarity":"0.02","rolls":1},{"id":561,"name":"nature rune","quantity":"2","noted":false,"rarity":"0.05","rolls":1},{"id":561,"name":"nature rune","quantity":"4","noted":false,"rarity":"0.08","rolls":1},{"id":560,"name":"death rune","quantity":"1","noted":false,"rarity":"0.04","rolls":1},{"id":199,"name":"grimy guam leaf","quantity":"1","noted":false,"rarity":"0.01","rolls":1}]}