{"name":"sourhog","combat_level":37,"size":3,"hitpoints":40,"max_hit":6,"attack_type":["crush","ranged"],"attack_speed":5,"aggressive":true,"poisonous":false,"venomous":false,"immune_poison":true,"immune_venom":true,"attributes":[],"category":["sourhogs"],"slayer_monster":true,"slayer_level":1,"slayer_xp":"40.00","slayer_masters":["turael","spria"],"attack_level":35,"strength_level":30,"defence_level":25,"magic_level":25,"ranged_level":35,"attack_bonus":0,"strength_bonus":0,"attack_magic":0,"magic_bonus":0,"attack_ranged":0,"ranged_bonus":20,"defence_stab":0,"defence_slash":30,"defence_crush":10,"defence_magic":30,"defence_ranged":0,"drops":[{"id":532,"name":"big bones","quantity":"1","noted":false,"rarity":"1.00","rolls":1},{"id":199,"name":"grimy guam leaf","quantity":"1","noted":false,"rarity":"0.02","rolls":1},{"id":201,"name":"grimy marrentill","quantity":"1","noted":false,"rarity":"0.02","rolls":1},{"id":203,"name":"grimy tarromin","quantity":"1","noted":false,"rarity":"0.01","rolls":1},{"id":205,"name":"grimy harralander","quantity":"1","noted":false,"rarity":"0.01","rolls":1},{"id":207,"name":"grimy ranarr weed","quantity":"1","noted":false,"rarity":"0.01","rolls":1},{"id":209,"name":"grimy irit leaf","quantity":"1","noted":false,"rarity":"0.01","rolls":1},{"id":211,"name":"grimy avantoe","quantity":"1","noted":false,"rarity":"0.00","rolls":1},{"id":213,"name":"grimy kwuarm","quantity":"1","noted":false,"rarity":"0.00","rolls":1},{"id":215,"name":"grimy cadantine","quantity":"1","noted":false,"rarity":"0.00","rolls":1},{"id":2485,"name":"grimy lantadyme","quantity":"1","noted":false,"rarity":"0.00","rolls":1},{"id":1331,"name":"adamant scimitar","quantity":"1","noted":false,"rarity":"0.02","rolls":1},{"id":217,"name":"grimy dwarf weed","quantity":"1","noted":false,"rarity":"0.00","rolls":1},{"id":5100,"name":"limpwurt seed","quantity":"1","noted":false,"rarity":"0.03","rolls":1},{"id":5323,"name":"strawberry seed","quantity":"1","noted":false,"rarity":"0.03","rolls":1},{"id":5292,"name":"marrentill seed","quantity":"1","noted":false,"rarity":"0.03","rolls":1},{"id":5104,"name":"jangerberry seed","quantity":"1","noted":false,"rarity":"0.02","rolls":1},{"id":5293,"name":"tarromin seed","quantity":"1","noted":false,"rarity":"0.02","rolls":1},{"id":5311,"name":"wildblood seed","quantity":"1","noted":false,"rarity":"0.02","rolls":1},{"id":5321,"name":"watermelon seed","quantity":"1","noted":false,"rarity":"0.01","rolls":1},{"id":5294,"name":"harralander seed","quantity":"1","noted":false,"rarity":"0.01","rolls":1},{"id":22879,"name":"snape grass seed","quantity":"1","noted":false,"rarity":"0.01","rolls":1},{"id":1199,"name":"adamant kiteshield","quantity":"1","noted":false,"rarity":"0.01","rolls":1},{"id":5295,"name":"ranarr seed","quantity":"1","noted":false,"rarity":"0.01","rolls":1},{"id":5105,"name":"whiteberry seed","quantity":"1","noted":false,"rarity":"0.01","rolls":1},{"id":5282,"name":"mushroom spore","quantity":"1","noted":false,"rarity":"0.01","rolls":1},{"id":5296,"name":"toadflax seed","quantity":"1","noted":false,"rarity":"0.01","rolls":1},{"id":5281,"name":"belladonna seed","quantity":"1","noted":false,"rarity":"0.00","rolls":1},{"id":5297,"name":"irit seed","quantity":"1","noted":false,"rarity":"0.00","rolls":1},{"id":5106,"name":"poison ivy seed","quantity":"1","noted":false,"rarity":"0.00","rolls":1},{"id":5298,"name":"avantoe seed","quantity":"1","noted":false,"rarity":"0.00","rolls":1},{"id":5280,"name":"cactus seed","quantity":"1","noted":false,"rarity":"0.00","rolls":1},{"id":5299,"name":"kwuarm seed","quantity":"1","noted":false,"rarity":"0.00","rolls":1},{"id":558,"name":"mind rune","quantity":"3-10","noted":false,"rarity":"0.05","rolls":1},{"id":22873,"name":"potato cactus seed","quantity":"1","noted":false,"rarity":"0.00","rolls":1},{"id":5300,"name":"snapdragon seed","quantity":"1","noted":false,"rarity":"0.00","rolls":1},{"id":5301,"name":"cadantine seed","quantity":"1","noted":false,"rarity":"0.00","rolls":1},{"id":5302,"name":"lantadyme seed","quantity":"1","noted":false,"rarity":"0.00","rolls":1},{"id":5303,"name":"dwarf weed seed","quantity":"1","noted":false,"rarity":"0.00","rolls":1},{"id":5304,"name":"torstol seed","quantity":"1","noted":false,"rarity":"0.00","rolls":1},{"id":995,"name":"coins","quantity":"5-30","noted":false,"rarity":"0.14","rolls":1},{"id":225,"name":"limpwurt root","quantity":"1","noted":false,"rarity":"0.05","rolls":1},{"id":1965,"name":"cabbage","quantity":"1","noted":false,"rarity":"0.05","rolls":1},{"id":1942,"name":"potato","quantity":"1","noted":false,"rarity":"0.05","rolls":1},{"id":556,"name":"air rune","quantity":"5-15","noted":false,"rarity":"0.05","rolls":1},{"id":1955,"name":"cooking apple","quantity":"1","noted":false,"rarity":"0.05","rolls":1},{"id":557,"name":"earth rune","quantity":"5-15","noted":false,"rarity":"0.05","rolls":1},{"id":561,"name":"nature rune","quantity":"1-5","noted":false,"rarity":"0.04","rolls":1},{"id":2677,"name":"clue scroll (easy)","quantity":"1","noted":false,"rarity":"0.01","rolls":1},{"id":10976,"name":"long bone","quantity":"1","noted":false,"rarity":"0.00","rolls":1},{"id":10977,"name":"curved bone","quantity":"1","noted":false,"rarity":"0.00","rolls":1},{"id":562,"name":"chaos rune","quantity":"1-5","noted":false,"rarity":"0.05","rolls":1},{"id":886,"name":"steel arrow","quantity":"3-7","noted":false,"rarity":"0.05","rolls":1}]}