{
  "id": 1047,
  "name": "cave horror",
  "combat_level": 80,
  "size": 2,
  "hitpoints": 55,
  "max_hit": 9,
  "attack_type": [
    "melee",
    "magic"
  ],
  "attack_speed": 4,
  "aggressive": true,
  "poisonous": false,
  "venomous": false,
  "immune_poison": false,
  "immune_venom": false,
  "attributes": [],
  "category": ["cave horrors"],
  "slayer_monster": true,
  "slayer_level": 58,
  "slayer_xp": "55.00",
  "slayer_masters": [
    "chaeldar",
    "nieve",
    "duradel"
  ],
  "attack_level": 80,
  "strength_level": 77,
  "defence_level": 62,
  "magic_level": 80,
  "ranged_level": 1,
  "attack_bonus": 0,
  "strength_bonus": 0,
  "attack_magic": 0,
  "magic_bonus": 0,
  "attack_ranged": 0,
  "ranged_bonus": 0,
  "defence_stab": 0,
  "defence_slash": 0,
  "defence_crush": 0,
  "defence_magic": 0,
  "defence_ranged": 0,
  "drops": [
    {
      "id": 1623,
      "name": "uncut sapphire",
      "quantity": "1",
      "noted": false,
      "rarity": "0.01",
      "rolls": 1
    },
    {
      "id": 1621,
      "name": "uncut emerald",
      "quantity": "1",
      "noted": false,
      "rarity": "0.00",
      "rolls": 1
    },
    {
      "id": 1619,
      "name": "uncut ruby",
      "quantity": "1",
      "noted": false,
      "rarity": "0.00",
      "rolls": 1
    },
    {
      "id": 1452,
      "name": "chaos talisman",
      "quantity": "1",
      "noted": false,
      "rarity": "0.00",
      "rolls": 1
    },
    {
      "id": 1462,
      "name": "nature talisman",
      "quantity": "1",
      "noted": false,
      "rarity": "0.00",
      "rolls": 1
    },
    {
      "id": 1617,
      "name": "uncut diamond",
      "quantity": "1",
      "noted": false,
      "rarity": "0.00",
      "rolls": 1
    },
    {
      "id": 830,
      "name": "rune javelin",
      "quantity": "5",
      "noted": false,
      "rarity": "0.00",
      "rolls": 1
    },
    {
      "id": 987,
      "name": "loop half of key",
      "quantity": "1",
      "noted": false,
      "rarity": "0.00",
      "rolls": 1
    },
    {
      "id": 985,
      "name": "tooth half of key",
      "quantity": "1",
      "noted": false,
      "rarity": "0.00",
      "rolls": 1
    },
    {
      "id": 1247,
      "name": "rune spear",
      "quantity": "1",
      "noted": false,
      "rarity": "0.00",
      "rolls": 1
    },
    {
      "id": 2366,
      "name": "shield left half",
      "quantity": "1",
      "noted": false,
      "rarity": "0.00",
      "rolls": 1
    },
    {
      "id": 1249,
      "name": "dragon spear",
      "quantity": "1",
      "noted": false,
      "rarity": "0.00",
      "rolls": 1
    },
    {
      "id": 532,
      "name": "big bones",
      "quantity": "1",
      "noted": false,
      "rarity": "1.00",
      "rolls": 1
    },
    {
      "id": 199,
      "name": "grimy guam leaf",
      "quantity": "1",
      "noted": false,
      "rarity": "0.03",
      "rolls": 1
    },
    {
      "id": 201,
      "name": "grimy marrentill",
      "quantity": "1",
      "noted": false,
      "rarity": "0.02",
      "rolls": 1
    },
    {
      "id": 203,
      "name": "grimy tarromin",
      "quantity": "1",
      "noted": false,
      "rarity": "0.01",
      "rolls": 1
    },
    {
      "id": 205,
      "name": "grimy harralander",
      "quantity": "1",
      "noted": false,
      "rarity": "0.01",
      "rolls": 1
    },
    {
      "id": 207,
      "name": "grimy ranarr weed",
      "quantity": "1",
      "noted": false,
      "rarity": "0.01",
      "rolls": 1
    },
    {
      "id": 209,
      "name": "grimy irit leaf",
      "quantity": "1",
      "noted": false,
      "rarity": "0.01",
      "rolls": 1
    },
    {
      "id": 211,
      "name": "grimy avantoe",
      "quantity": "1",
      "noted": false,
      "rarity": "0.00",
      "rolls": 1
    },
    {
      "id": 213,
      "name": "grimy kwuarm",
      "quantity": "1",
      "noted": false,
      "rarity": "0.00",
      "rolls": 1
    },
    {
      "id": 215,
      "name": "grimy cadantine",
      "quantity": "1",
      "noted": false,
      "rarity": "0.00",
      "rolls": 1
    },
    {
      "id": 2485,
      "name": "grimy lantadyme",
      "quantity": "1",
      "noted": false,
      "rarity": "0.00",
      "rolls": 1
    },
    {
      "id": 1355,
      "name": "mithril axe",
      "quantity": "1",
      "noted": false,
      "rarity": "0.02",
      "rolls": 1
    },
    {
      "id": 217,
      "name": "grimy dwarf weed",
      "quantity": "1",
      "noted": false,
      "rarity": "0.00",
      "rolls": 1
    },
    {
      "id": 5296,
      "name": "toadflax seed",
      "quantity": "1",
      "noted": false,
      "rarity": "0.03",
      "rolls": 1
    },
    {
      "id": 5297,
      "name": "irit seed",
      "quantity": "1",
      "noted": false,
      "rarity": "0.02",
      "rolls": 1
    },
    {
      "id": 5281,
      "name": "belladonna seed",
      "quantity": "1",
      "noted": false,
      "rarity": "0.02",
      "rolls": 1
    },
    {
      "id": 5106,
      "name": "poison ivy seed",
      "quantity": "1",
      "noted": false,
      "rarity": "0.01",
      "rolls": 1
    },
    {
      "id": 5298,
      "name": "avantoe seed",
      "quantity": "1",
      "noted": false,
      "rarity": "0.01",
      "rolls": 1
    },
    {
      "id": 5280,
      "name": "cactus seed",
      "quantity": "1",
      "noted": false,
      "rarity": "0.01",
      "rolls": 1
    },
    {
      "id": 22873,
      "name": "potato cactus seed",
      "quantity": "1",
      "noted": false,
      "rarity": "0.01",
      "rolls": 1
    },
    {
      "id": 5299,
      "name": "kwuarm seed",
      "quantity": "1",
      "noted": false,
      "rarity": "0.01",
      "rolls": 1
    },
    {
      "id": 5300,
      "name": "snapdragon seed",
      "quantity": "1",
      "noted": false,
      "rarity": "0.01",
      "rolls": 1
    },
    {
      "id": 1213,
      "name": "rune dagger",
      "quantity": "1",
      "noted": false,
      "rarity": "0.01",
      "rolls": 1
    },
    {
      "id": 5301,
      "name": "cadantine seed",
      "quantity": "1",
      "noted": false,
      "rarity": "0.00",
      "rolls": 1
    },
    {
      "id": 5302,
      "name": "lantadyme seed",
      "quantity": "1",
      "noted": false,
      "rarity": "0.00",
      "rolls": 1
    },
    {
      "id": 22879,
      "name": "snape grass seed",
      "quantity": "3",
      "noted": false,
      "rarity": "0.00",
      "rolls": 1
    },
    {
      "id": 5303,
      "name": "dwarf weed seed",
      "quantity": "1",
      "noted": false,
      "rarity": "0.00",
      "rolls": 1
    },
    {
      "id": 5304,
      "name": "torstol seed",
      "quantity": "1",
      "noted": false,
      "rarity": "0.00",
      "rolls": 1
    },
    {
      "id": 5318,
      "name": "potato seed",
      "quantity": "1-4",
      "noted": false,
      "rarity": "0.06",
      "rolls": 1
    },
    {
      "id": 5319,
      "name": "onion seed",
      "quantity": "1-3",
      "noted": false,
      "rarity": "0.03",
      "rolls": 1
    },
    {
      "id": 5324,
      "name": "cabbage seed",
      "quantity": "1-3",
      "noted": false,
      "rarity": "0.01",
      "rolls": 1
    },
    {
      "id": 5322,
      "name": "tomato seed",
      "quantity": "1-2",
      "noted": false,
      "rarity": "0.01",
      "rolls": 1
    },
    {
      "id": 5320,
      "name": "sweetcorn seed",
      "quantity": "1-2",
      "noted": false,
      "rarity": "0.00",
      "rolls": 1
    },
    {
      "id": 1161,
      "name": "adamant full helm",
      "quantity": "1",
      "noted": false,
      "rarity": "0.01",
      "rolls": 1
    },
    {
      "id": 5323,
      "name": "strawberry seed",
      "quantity": "1",
      "noted": false,
      "rarity": "0.00",
      "rolls": 1
    },
    {
      "id": 5321,
      "name": "watermelon seed",
      "quantity": "1",
      "noted": false,
      "rarity": "0.00",
      "rolls": 1
    },
    {
      "id": 22879,
      "name": "snape grass seed",
      "quantity": "1",
      "noted": false,
      "rarity": "0.00",
      "rolls": 1
    },
    {
      "id": 995,
      "name": "coins",
      "quantity": "44",
      "noted": false,
      "rarity": "0.22",
      "rolls": 1
    },
    {
      "id": 995,
      "name": "coins",
      "quantity": "132",
      "noted": false,
      "rarity": "0.09",
      "rolls": 1
    },
    {
      "id": 995,
      "name": "coins",
      "quantity": "440",
      "noted": false,
      "rarity": "0.01",
      "rolls": 1
    },
    {
      "id": 225,
      "name": "limpwurt root",
      "quantity": "1",
      "noted": false,
      "rarity": "0.05",
      "rolls": 1
    },
    {
      "id": 6333,
      "name": "teak logs",
      "quantity": "4",
      "noted": true,
      "rarity": "0.05",
      "rolls": 1
    },
    {
      "id": 6332,
      "name": "mahogany logs",
      "quantity": "2",
      "noted": false,
      "rarity": "0.02",
      "rolls": 1
    },
    {
      "id": 1197,
      "name": "mithril kiteshield",
      "quantity": "1",
      "noted": false,
      "rarity": "0.01",
      "rolls": 1
    },
    {
      "id": 8901,
      "name": "black mask",
      "quantity": "1",
      "noted": false,
      "rarity": "0.00",
      "rolls": 1
    },
    {
      "id": 13486,
      "name": "ensouled horror head",
      "quantity": "1",
      "noted": false,
      "rarity": "0.03",
      "rolls": 1
    },
    {
      "id": 2722,
      "name": "clue scroll (hard)",
      "quantity": "1",
      "noted": false,
      "rarity": "0.01",
      "rolls": 1
    },
    {
      "id": 10976,
      "name": "long bone",
      "quantity": "1",
      "noted": false,
      "rarity": "0.00",
      "rolls": 1
    },
    {
      "id": 10977,
      "name": "curved bone",
      "quantity": "1",
      "noted": false,
      "rarity": "0.00",
      "rolls": 1
    },
    {
      "id": 561,
      "name": "nature rune",
      "quantity": "6",
      "noted": false,
      "rarity": "0.05",
      "rolls": 1
    },
    {
      "id": 561,
      "name": "nature rune",
      "quantity": "4",
      "noted": false,
      "rarity": "0.04",
      "rolls": 1
    },
    {
      "id": 561,
      "name": "nature rune",
      "quantity": "3",
      "noted": false,
      "rarity": "0.01",
      "rolls": 1
    }
  ]
}