{"name":"headless beast","combat_level":82,"size":3,"hitpoints":null,"max_hit":null,"attack_type":["slash"],"attack_speed":4,"aggressive":true,"poisonous":false,"venomous":false,"immune_poison":true,"immune_venom":true,"attributes":[],"category":[],"slayer_monster":false,"slayer_level":null,"slayer_xp":null,"slayer_masters":[],"attack_level":0,"strength_level":0,"defence_level":42,"magic_level":42,"ranged_level":1,"attack_bonus":0,"strength_bonus":0,"attack_magic":0,"magic_bonus":0,"attack_ranged":0,"ranged_bonus":0,"defence_stab":18,"defence_slash":18,"defence_crush":18,"defence_magic":6,"defence_ranged":52,"drops":[{"id":532,"name":"big bones","quantity":"1","noted":false,"rarity":"1.00","rolls":1},{"id":10976,"name":"long bone","quantity":"1","noted":false,"rarity":"0.00","rolls":1},{"id":10977,"name":"curved bone","quantity":"1","noted":false,"rarity":"0.00","rolls":1}]}