{
  "id": 10523,
  "name": "forgotten soul",
  "combat_level": 46,
  "size": 1,
  "hitpoints": 50,
  "max_hit": 5,
  "attack_type": ["slash"],
  "attack_speed": 4,
  "aggressive": false,
  "poisonous": false,
  "venomous": false,
  "immune_poison": true,
  "immune_venom": true,
  "attributes": ["undead"],
  "category": [],
  "slayer_monster": false,
  "slayer_level": null,
  "slayer_xp": null,
  "slayer_masters": [],
  "attack_level": 50,
  "strength_level": 40,
  "defence_level": 20,
  "magic_level": 20,
  "ranged_level": 1,
  "attack_bonus": 0,
  "strength_bonus": 0,
  "attack_magic": 0,
  "magic_bonus": 0,
  "attack_ranged": 0,
  "ranged_bonus": 0,
  "defence_stab": 10,
  "defence_slash": 10,
  "defence_crush": 10,
  "defence_magic": 10,
  "defence_ranged": 10,
  "drops": [
    {
      "id": 1623,
      "quantity": "1",
      "noted": false,
      "rarity": "0.00",
      "rolls": 1
    },
    {
      "id": 1621,
      "quantity": "1",
      "noted": false,
      "rarity": "0.00",
      "rolls": 1
    },
    {
      "id": 1619,
      "quantity": "1",
      "noted": false,
      "rarity": "0.00",
      "rolls": 1
    },
    {
      "id": 1452,
      "quantity": "1",
      "noted": false,
      "rarity": "0.00",
      "rolls": 1
    },
    {
      "id": 1462,
      "quantity": "1",
      "noted": false,
      "rarity": "0.00",
      "rolls": 1
    },
    {
      "id": 1617,
      "quantity": "1",
      "noted": false,
      "rarity": "0.00",
      "rolls": 1
    },
    {
      "id": 830,
      "quantity": "5",
      "noted": false,
      "rarity": "0.00",
      "rolls": 1
    },
    {
      "id": 987,
      "quantity": "1",
      "noted": false,
      "rarity": "0.00",
      "rolls": 1
    },
    {
      "id": 985,
      "quantity": "1",
      "noted": false,
      "rarity": "0.00",
      "rolls": 1
    },
    {
      "id": 1247,
      "quantity": "1",
      "noted": false,
      "rarity": "0.00",
      "rolls": 1
    },
    {
      "id": 2366,
      "quantity": "1",
      "noted": false,
      "rarity": "0.00",
      "rolls": 1
    },
    {
      "id": 1249,
      "quantity": "1",
      "noted": false,
      "rarity": "0.00",
      "rolls": 1
    },
    {
      "id": 1295,
      "quantity": "1",
      "noted": false,
      "rarity": "0.01",
      "rolls": 1
    },
    {
      "id": 201,
      "quantity": "1-2",
      "noted": false,
      "rarity": "0.06",
      "rolls": 1
    },
    {
      "id": 203,
      "quantity": "1-2",
      "noted": false,
      "rarity": "0.05",
      "rolls": 1
    },
    {
      "id": 205,
      "quantity": "1-2",
      "noted": false,
      "rarity": "0.04",
      "rolls": 1
    },
    {
      "id": 207,
      "quantity": "1-2",
      "noted": false,
      "rarity": "0.03",
      "rolls": 1
    },
    {
      "id": 209,
      "quantity": "1-2",
      "noted": false,
      "rarity": "0.02",
      "rolls": 1
    },
    {
      "id": 211,
      "quantity": "1-2",
      "noted": false,
      "rarity": "0.02",
      "rolls": 1
    },
    {
      "id": 213,
      "quantity": "1-2",
      "noted": false,
      "rarity": "0.01",
      "rolls": 1
    },
    {
      "id": 215,
      "quantity": "1-2",
      "noted": false,
      "rarity": "0.01",
      "rolls": 1
    },
    {
      "id": 2485,
      "quantity": "1-2",
      "noted": false,
      "rarity": "0.01",
      "rolls": 1
    },
    {
      "id": 217,
      "quantity": "1-2",
      "noted": false,
      "rarity": "0.01",
      "rolls": 1
    },
    {
      "id": 1399,
      "quantity": "1",
      "noted": false,
      "rarity": "0.01",
      "rolls": 1
    },
    {
      "id": 563,
      "quantity": "2-4",
      "noted": false,
      "rarity": "0.05",
      "rolls": 1
    },
    {
      "id": 9142,
      "quantity": "12-24",
      "noted": false,
      "rarity": "0.02",
      "rolls": 1
    },
    {
      "id": 558,
      "quantity": "12-32",
      "noted": false,
      "rarity": "0.04",
      "rolls": 1
    },
    {
      "id": 556,
      "quantity": "30-50",
      "noted": false,
      "rarity": "0.03",
      "rolls": 1
    },
    {
      "id": 557,
      "quantity": "10-20",
      "noted": false,
      "rarity": "0.02",
      "rolls": 1
    },
    {
      "id": 555,
      "quantity": "10-30",
      "noted": false,
      "rarity": "0.02",
      "rolls": 1
    },
    {
      "id": 559,
      "quantity": "10-30",
      "noted": false,
      "rarity": "0.02",
      "rolls": 1
    },
    {
      "id": 561,
      "quantity": "3-5",
      "noted": false,
      "rarity": "0.01",
      "rolls": 1
    },
    {
      "id": 995,
      "quantity": "3",
      "noted": false,
      "rarity": "0.04",
      "rolls": 1
    },
    {
      "id": 995,
      "quantity": "5",
      "noted": false,
      "rarity": "0.04",
      "rolls": 1
    },
    {
      "id": 1393,
      "quantity": "1",
      "noted": false,
      "rarity": "0.01",
      "rolls": 1
    },
    {
      "id": 995,
      "quantity": "40-140",
      "noted": false,
      "rarity": "0.16",
      "rolls": 1
    },
    {
      "id": 227,
      "quantity": "2-4",
      "noted": true,
      "rarity": "0.08",
      "rolls": 1
    },
    {
      "id": 303,
      "quantity": "1",
      "noted": false,
      "rarity": "0.06",
      "rolls": 1
    },
    {
      "id": 1759,
      "quantity": "1",
      "noted": false,
      "rarity": "0.01",
      "rolls": 1
    },
    {
      "id": 231,
      "quantity": "1",
      "noted": false,
      "rarity": "0.01",
      "rolls": 1
    },
    {
      "id": 1397,
      "quantity": "1",
      "noted": false,
      "rarity": "0.01",
      "rolls": 1
    },
    {
      "id": 1395,
      "quantity": "1",
      "noted": false,
      "rarity": "0.01",
      "rolls": 1
    },
    {
      "id": 581,
      "quantity": "1",
      "noted": false,
      "rarity": "0.01",
      "rolls": 1
    },
    {
      "id": 1015,
      "quantity": "1",
      "noted": false,
      "rarity": "0.01",
      "rolls": 1
    },
    {
      "id": 1017,
      "quantity": "1",
      "noted": false,
      "rarity": "0.01",
      "rolls": 1
    },
    {
      "id": 199,
      "quantity": "1-2",
      "noted": false,
      "rarity": "0.09",
      "rolls": 1
    }
  ]
}