{"name":"wolf","combat_level":79,"size":2,"hitpoints":80,"max_hit":8,"attack_type":["slash"],"attack_speed":4,"aggressive":false,"poisonous":false,"venomous":false,"immune_poison":true,"immune_venom":false,"attributes":[],"category":[],"slayer_monster":false,"slayer_level":null,"slayer_xp":null,"slayer_masters":[],"attack_level":85,"strength_level":75,"defence_level":30,"magic_level":30,"ranged_level":1,"attack_bonus":0,"strength_bonus":0,"attack_magic":0,"magic_bonus":0,"attack_ranged":0,"ranged_bonus":0,"defence_stab":10,"defence_slash":10,"defence_crush":10,"defence_magic":10,"defence_ranged":10,"drops":[{"id":2859,"name":"wolf bones","quantity":"1","noted":false,"rarity":"1.00","rolls":1},{"id":7830,"name":"wolf bone","quantity":"1","noted":false,"rarity":"0.25","rolls":1},{"id":11941,"name":"looting bag","quantity":"1","noted":false,"rarity":"0.17","rolls":1},{"id":23182,"name":"clue scroll (beginner)","quantity":"1","noted":false,"rarity":"0.01","rolls":1}]}