{
  "id": 10532,
  "name": "avatar of destruction",
  "combat_level": 525,
  "size": 5,
  "hitpoints": 1500,
  "max_hit": 54,
  "attack_type": ["crush"],
  "attack_speed": 6,
  "aggressive": true,
  "poisonous": false,
  "venomous": false,
  "immune_poison": true,
  "immune_venom": true,
  "attributes": [],
  "category": [],
  "slayer_monster": false,
  "slayer_level": null,
  "slayer_xp": "0.00",
  "slayer_masters": [],
  "attack_level": 160,
  "strength_level": 320,
  "defence_level": 10,
  "magic_level": 10,
  "ranged_level": 0,
  "attack_bonus": 160,
  "strength_bonus": 42,
  "attack_magic": 0,
  "magic_bonus": 0,
  "attack_ranged": 0,
  "ranged_bonus": 0,
  "defence_stab": 20,
  "defence_slash": 20,
  "defence_crush": 20,
  "defence_magic": 20,
  "defence_ranged": 20,
  "drops": []
}