{
  "id": 10544,
  "name": "forgotten soul",
  "combat_level": 20,
  "size": 1,
  "hitpoints": 50,
  "max_hit": 2,
  "attack_type": ["crush"],
  "attack_speed": 4,
  "aggressive": false,
  "poisonous": false,
  "venomous": false,
  "immune_poison": false,
  "immune_venom": false,
  "attributes": [
    "spectral",
    "undead"
  ],
  "category": ["ghosts"],
  "slayer_monster": true,
  "slayer_level": 1,
  "slayer_xp": "50.00",
  "slayer_masters": [
    "turael",
    "spria",
    "mazchna"
  ],
  "attack_level": 8,
  "strength_level": 8,
  "defence_level": 12,
  "magic_level": 10,
  "ranged_level": 1,
  "attack_bonus": 0,
  "strength_bonus": 0,
  "attack_magic": 0,
  "magic_bonus": 0,
  "attack_ranged": 0,
  "ranged_bonus": 0,
  "defence_stab": 0,
  "defence_slash": 0,
  "defence_crush": 0,
  "defence_magic": 0,
  "defence_ranged": 0,
  "drops": [
    {
      "id": 1623,
      "name": "uncut sapphire",
      "quantity": "1",
      "noted": false,
      "rarity": "0.00",
      "rolls": 1
    },
    {
      "id": 1621,
      "name": "uncut emerald",
      "quantity": "1",
      "noted": false,
      "rarity": "0.00",
      "rolls": 1
    },
    {
      "id": 1619,
      "name": "uncut ruby",
      "quantity": "1",
      "noted": false,
      "rarity": "0.00",
      "rolls": 1
    },
    {
      "id": 1452,
      "name": "chaos talisman",
      "quantity": "1",
      "noted": false,
      "rarity": "0.00",
      "rolls": 1
    },
    {
      "id": 1462,
      "name": "nature talisman",
      "quantity": "1",
      "noted": false,
      "rarity": "0.00",
      "rolls": 1
    },
    {
      "id": 1617,
      "name": "uncut diamond",
      "quantity": "1",
      "noted": false,
      "rarity": "0.00",
      "rolls": 1
    },
    {
      "id": 830,
      "name": "rune javelin",
      "quantity": "5",
      "noted": false,
      "rarity": "0.00",
      "rolls": 1
    },
    {
      "id": 987,
      "name": "loop half of key",
      "quantity": "1",
      "noted": false,
      "rarity": "0.00",
      "rolls": 1
    },
    {
      "id": 985,
      "name": "tooth half of key",
      "quantity": "1",
      "noted": false,
      "rarity": "0.00",
      "rolls": 1
    },
    {
      "id": 1247,
      "name": "rune spear",
      "quantity": "1",
      "noted": false,
      "rarity": "0.00",
      "rolls": 1
    },
    {
      "id": 2366,
      "name": "shield left half",
      "quantity": "1",
      "noted": false,
      "rarity": "0.00",
      "rolls": 1
    },
    {
      "id": 1249,
      "name": "dragon spear",
      "quantity": "1",
      "noted": false,
      "rarity": "0.00",
      "rolls": 1
    },
    {
      "id": 1295,
      "name": "steel longsword",
      "quantity": "1",
      "noted": false,
      "rarity": "0.01",
      "rolls": 1
    },
    {
      "id": 201,
      "name": "grimy marrentill",
      "quantity": "1-2",
      "noted": false,
      "rarity": "0.06",
      "rolls": 1
    },
    {
      "id": 203,
      "name": "grimy tarromin",
      "quantity": "1-2",
      "noted": false,
      "rarity": "0.05",
      "rolls": 1
    },
    {
      "id": 205,
      "name": "grimy harralander",
      "quantity": "1-2",
      "noted": false,
      "rarity": "0.04",
      "rolls": 1
    },
    {
      "id": 207,
      "name": "grimy ranarr weed",
      "quantity": "1-2",
      "noted": false,
      "rarity": "0.03",
      "rolls": 1
    },
    {
      "id": 209,
      "name": "grimy irit leaf",
      "quantity": "1-2",
      "noted": false,
      "rarity": "0.02",
      "rolls": 1
    },
    {
      "id": 211,
      "name": "grimy avantoe",
      "quantity": "1-2",
      "noted": false,
      "rarity": "0.02",
      "rolls": 1
    },
    {
      "id": 213,
      "name": "grimy kwuarm",
      "quantity": "1-2",
      "noted": false,
      "rarity": "0.01",
      "rolls": 1
    },
    {
      "id": 215,
      "name": "grimy cadantine",
      "quantity": "1-2",
      "noted": false,
      "rarity": "0.01",
      "rolls": 1
    },
    {
      "id": 2485,
      "name": "grimy lantadyme",
      "quantity": "1-2",
      "noted": false,
      "rarity": "0.01",
      "rolls": 1
    },
    {
      "id": 217,
      "name": "grimy dwarf weed",
      "quantity": "1-2",
      "noted": false,
      "rarity": "0.01",
      "rolls": 1
    },
    {
      "id": 1399,
      "name": "earth battlestaff",
      "quantity": "1",
      "noted": false,
      "rarity": "0.01",
      "rolls": 1
    },
    {
      "id": 563,
      "name": "law rune",
      "quantity": "2-4",
      "noted": false,
      "rarity": "0.05",
      "rolls": 1
    },
    {
      "id": 9142,
      "name": "mithril bolts",
      "quantity": "12-24",
      "noted": false,
      "rarity": "0.02",
      "rolls": 1
    },
    {
      "id": 558,
      "name": "mind rune",
      "quantity": "12-32",
      "noted": false,
      "rarity": "0.04",
      "rolls": 1
    },
    {
      "id": 556,
      "name": "air rune",
      "quantity": "30-50",
      "noted": false,
      "rarity": "0.03",
      "rolls": 1
    },
    {
      "id": 557,
      "name": "earth rune",
      "quantity": "10-20",
      "noted": false,
      "rarity": "0.02",
      "rolls": 1
    },
    {
      "id": 555,
      "name": "water rune",
      "quantity": "10-30",
      "noted": false,
      "rarity": "0.02",
      "rolls": 1
    },
    {
      "id": 559,
      "name": "body rune",
      "quantity": "10-30",
      "noted": false,
      "rarity": "0.02",
      "rolls": 1
    },
    {
      "id": 561,
      "name": "nature rune",
      "quantity": "3-5",
      "noted": false,
      "rarity": "0.01",
      "rolls": 1
    },
    {
      "id": 995,
      "name": "coins",
      "quantity": "3",
      "noted": false,
      "rarity": "0.04",
      "rolls": 1
    },
    {
      "id": 995,
      "name": "coins",
      "quantity": "5",
      "noted": false,
      "rarity": "0.04",
      "rolls": 1
    },
    {
      "id": 1393,
      "name": "fire battlestaff",
      "quantity": "1",
      "noted": false,
      "rarity": "0.01",
      "rolls": 1
    },
    {
      "id": 995,
      "name": "coins",
      "quantity": "40-140",
      "noted": false,
      "rarity": "0.16",
      "rolls": 1
    },
    {
      "id": 227,
      "name": "vial of water",
      "quantity": "2-4",
      "noted": true,
      "rarity": "0.08",
      "rolls": 1
    },
    {
      "id": 303,
      "name": "small fishing net",
      "quantity": "1",
      "noted": false,
      "rarity": "0.06",
      "rolls": 1
    },
    {
      "id": 1759,
      "name": "ball of wool",
      "quantity": "1",
      "noted": false,
      "rarity": "0.01",
      "rolls": 1
    },
    {
      "id": 231,
      "name": "snape grass",
      "quantity": "1",
      "noted": false,
      "rarity": "0.01",
      "rolls": 1
    },
    {
      "id": 1397,
      "name": "air battlestaff",
      "quantity": "1",
      "noted": false,
      "rarity": "0.01",
      "rolls": 1
    },
    {
      "id": 1395,
      "name": "water battlestaff",
      "quantity": "1",
      "noted": false,
      "rarity": "0.01",
      "rolls": 1
    },
    {
      "id": 581,
      "name": "black robe",
      "quantity": "1",
      "noted": false,
      "rarity": "0.01",
      "rolls": 1
    },
    {
      "id": 1015,
      "name": "black skirt",
      "quantity": "1",
      "noted": false,
      "rarity": "0.01",
      "rolls": 1
    },
    {
      "id": 1017,
      "name": "wizard hat",
      "quantity": "1",
      "noted": false,
      "rarity": "0.01",
      "rolls": 1
    },
    {
      "id": 199,
      "name": "grimy guam leaf",
      "quantity": "1-2",
      "noted": false,
      "rarity": "0.09",
      "rolls": 1
    }
  ]
}