{"name":"urium shade","combat_level":140,"size":1,"hitpoints":130,"max_hit":13,"attack_type":["crush"],"attack_speed":4,"aggressive":false,"poisonous":false,"venomous":false,"immune_poison":true,"immune_venom":true,"attributes":["shade","spectral","undead"],"category":["shades"],"slayer_monster":true,"slayer_level":1,"slayer_xp":"130.00","slayer_masters":["mazchna","vannaka"],"attack_level":138,"strength_level":116,"defence_level":100,"magic_level":0,"ranged_level":0,"attack_bonus":0,"strength_bonus":0,"attack_magic":0,"magic_bonus":0,"attack_ranged":0,"ranged_bonus":0,"defence_stab":0,"defence_slash":0,"defence_crush":0,"defence_magic":0,"defence_ranged":0,"drops":[{"id":25419,"name":"urium remains","quantity":"1","noted":false,"rarity":"1.00","rolls":1}]}