{"name":"undead zealot","combat_level":34,"size":1,"hitpoints":28,"max_hit":4,"attack_type":["crush"],"attack_speed":4,"aggressive":true,"poisonous":false,"venomous":false,"immune_poison":false,"immune_venom":false,"attributes":[],"category":[],"slayer_monster":false,"slayer_level":null,"slayer_xp":null,"slayer_masters":[],"attack_level":28,"strength_level":28,"defence_level":38,"magic_level":1,"ranged_level":1,"attack_bonus":0,"strength_bonus":10,"attack_magic":0,"magic_bonus":0,"attack_ranged":0,"ranged_bonus":0,"defence_stab":20,"defence_slash":20,"defence_crush":0,"defence_magic":0,"defence_ranged":10,"drops":[{"id":25422,"name":"bleached bones","quantity":"1","noted":false,"rarity":"1.00","rolls":1}]}