{
  "id": 10654,
  "name": "ancient guardian",
  "combat_level": 25,
  "size": 2,
  "hitpoints": 40,
  "max_hit": 7,
  "attack_type": ["crush"],
  "attack_speed": 5,
  "aggressive": true,
  "poisonous": false,
  "venomous": false,
  "immune_poison": false,
  "immune_venom": false,
  "attributes": [],
  "category": [],
  "slayer_monster": false,
  "slayer_level": null,
  "slayer_xp": null,
  "slayer_masters": [],
  "attack_level": 25,
  "strength_level": 33,
  "defence_level": 25,
  "magic_level": 1,
  "ranged_level": 1,
  "attack_bonus": 20,
  "strength_bonus": 50,
  "attack_magic": 0,
  "magic_bonus": 0,
  "attack_ranged": 0,
  "ranged_bonus": 0,
  "defence_stab": 40,
  "defence_slash": 40,
  "defence_crush": 0,
  "defence_magic": 5,
  "defence_ranged": 30,
  "drops": []
}