{"name":"chaos golem","combat_level":70,"size":2,"hitpoints":94,"max_hit":10,"attack_type":["crush"],"attack_speed":5,"aggressive":false,"poisonous":false,"venomous":false,"immune_poison":false,"immune_venom":false,"attributes":[],"category":[],"slayer_monster":false,"slayer_level":null,"slayer_xp":null,"slayer_masters":[],"attack_level":45,"strength_level":55,"defence_level":59,"magic_level":1,"ranged_level":1,"attack_bonus":0,"strength_bonus":35,"attack_magic":0,"magic_bonus":0,"attack_ranged":0,"ranged_bonus":0,"defence_stab":5,"defence_slash":5,"defence_crush":0,"defence_magic":2,"defence_ranged":10,"drops":[{"id":434,"name":"clay","quantity":"3-4","noted":false,"rarity":"0.12","rolls":1},{"id":1617,"name":"uncut diamond","quantity":"1","noted":false,"rarity":"0.02","rolls":1},{"id":1452,"name":"chaos talisman","quantity":"1","noted":false,"rarity":"0.02","rolls":1},{"id":25676,"name":"barronite shards","quantity":"12-24","noted":false,"rarity":"0.30","rolls":1},{"id":25700,"name":"chaos core","quantity":"1","noted":false,"rarity":"0.13","rolls":1},{"id":25639,"name":"barronite guard","quantity":"1","noted":false,"rarity":"0.01","rolls":1},{"id":23182,"name":"clue scroll (beginner)","quantity":"1","noted":false,"rarity":"0.01","rolls":1},{"id":440,"name":"iron ore","quantity":"3-4","noted":false,"rarity":"0.12","rolls":1},{"id":442,"name":"silver ore","quantity":"3-4","noted":false,"rarity":"0.12","rolls":1},{"id":444,"name":"gold ore","quantity":"2-3","noted":false,"rarity":"0.12","rolls":1},{"id":1436,"name":"rune essence","quantity":"4-6","noted":true,"rarity":"0.12","rolls":1},{"id":562,"name":"chaos rune","quantity":"5-10","noted":false,"rarity":"0.15","rolls":1},{"id":1623,"name":"uncut sapphire","quantity":"1","noted":false,"rarity":"0.12","rolls":1},{"id":1621,"name":"uncut emerald","quantity":"1","noted":false,"rarity":"0.08","rolls":1},{"id":1619,"name":"uncut ruby","quantity":"1","noted":false,"rarity":"0.04","rolls":1}]}