{"name":"flawed golem","combat_level":13,"size":2,"hitpoints":25,"max_hit":3,"attack_type":["stab"],"attack_speed":5,"aggressive":false,"poisonous":false,"venomous":false,"immune_poison":false,"immune_venom":false,"attributes":["golem"],"category":[],"slayer_monster":false,"slayer_level":null,"slayer_xp":null,"slayer_masters":[],"attack_level":7,"strength_level":12,"defence_level":6,"magic_level":1,"ranged_level":1,"attack_bonus":0,"strength_bonus":15,"attack_magic":0,"magic_bonus":0,"attack_ranged":0,"ranged_bonus":0,"defence_stab":5,"defence_slash":5,"defence_crush":0,"defence_magic":2,"defence_ranged":10,"drops":[{"id":434,"name":"clay","quantity":"1","noted":false,"rarity":"0.15","rolls":1},{"id":25676,"name":"barronite shards","quantity":"6-12","noted":false,"rarity":"0.06","rolls":1},{"id":25639,"name":"barronite guard","quantity":"1","noted":false,"rarity":"0.00","rolls":1},{"id":23182,"name":"clue scroll (beginner)","quantity":"1","noted":false,"rarity":"0.01","rolls":1},{"id":434,"name":"clay","quantity":"2","noted":false,"rarity":"0.10","rolls":1},{"id":434,"name":"clay","quantity":"3","noted":false,"rarity":"0.06","rolls":1},{"id":1436,"name":"rune essence","quantity":"1-3","noted":true,"rarity":"0.23","rolls":1},{"id":1436,"name":"rune essence","quantity":"2-4","noted":true,"rarity":"0.17","rolls":1},{"id":438,"name":"tin ore","quantity":"1-2","noted":false,"rarity":"0.12","rolls":1},{"id":436,"name":"copper ore","quantity":"1-2","noted":false,"rarity":"0.12","rolls":1},{"id":1623,"name":"uncut sapphire","quantity":"1","noted":false,"rarity":"0.04","rolls":1},{"id":1621,"name":"uncut emerald","quantity":"1","noted":false,"rarity":"0.02","rolls":1}]}