{"name":"mind golem","combat_level":30,"size":2,"hitpoints":40,"max_hit":5,"attack_type":["stab"],"attack_speed":5,"aggressive":false,"poisonous":false,"venomous":false,"immune_poison":false,"immune_venom":false,"attributes":["golem"],"category":[],"slayer_monster":false,"slayer_level":null,"slayer_xp":null,"slayer_masters":[],"attack_level":14,"strength_level":31,"defence_level":25,"magic_level":1,"ranged_level":1,"attack_bonus":0,"strength_bonus":23,"attack_magic":0,"magic_bonus":0,"attack_ranged":0,"ranged_bonus":0,"defence_stab":5,"defence_slash":5,"defence_crush":0,"defence_magic":2,"defence_ranged":10,"drops":[{"id":434,"name":"clay","quantity":"2-3","noted":false,"rarity":"0.12","rolls":1},{"id":1621,"name":"uncut emerald","quantity":"1","noted":false,"rarity":"0.04","rolls":1},{"id":1619,"name":"uncut ruby","quantity":"1","noted":false,"rarity":"0.02","rolls":1},{"id":25676,"name":"barronite shards","quantity":"8-16","noted":false,"rarity":"0.13","rolls":1},{"id":25696,"name":"mind core","quantity":"1","noted":false,"rarity":"0.13","rolls":1},{"id":25639,"name":"barronite guard","quantity":"1","noted":false,"rarity":"0.00","rolls":1},{"id":23182,"name":"clue scroll (beginner)","quantity":"1","noted":false,"rarity":"0.00","rolls":1},{"id":436,"name":"copper ore","quantity":"2-3","noted":false,"rarity":"0.12","rolls":1},{"id":438,"name":"tin ore","quantity":"2-3","noted":false,"rarity":"0.12","rolls":1},{"id":440,"name":"iron ore","quantity":"1-2","noted":false,"rarity":"0.12","rolls":1},{"id":1436,"name":"rune essence","quantity":"3-5","noted":true,"rarity":"0.12","rolls":1},{"id":1436,"name":"rune essence","quantity":"1","noted":true,"rarity":"0.02","rolls":1},{"id":558,"name":"mind rune","quantity":"5-10","noted":false,"rarity":"0.15","rolls":1},{"id":558,"name":"mind rune","quantity":"1","noted":false,"rarity":"0.12","rolls":1},{"id":1623,"name":"uncut sapphire","quantity":"1","noted":false,"rarity":"0.08","rolls":1}]}