{
  "id": 10691,
  "name": "body golem",
  "combat_level": 50,
  "size": 2,
  "hitpoints": 60,
  "max_hit": 7,
  "attack_type": ["slash"],
  "attack_speed": 5,
  "aggressive": false,
  "poisonous": false,
  "venomous": false,
  "immune_poison": false,
  "immune_venom": false,
  "attributes": ["golem"],
  "category": [],
  "slayer_monster": false,
  "slayer_level": null,
  "slayer_xp": null,
  "slayer_masters": [],
  "attack_level": 33,
  "strength_level": 43,
  "defence_level": 45,
  "magic_level": 1,
  "ranged_level": 1,
  "attack_bonus": 0,
  "strength_bonus": 28,
  "attack_magic": 0,
  "magic_bonus": 0,
  "attack_ranged": 0,
  "ranged_bonus": 0,
  "defence_stab": 5,
  "defence_slash": 5,
  "defence_crush": 0,
  "defence_magic": 2,
  "defence_ranged": 10,
  "drops": [
    {
      "id": 434,
      "quantity": "3-4",
      "noted": false,
      "rarity": "0.12",
      "rolls": 1
    },
    {
      "id": 1621,
      "quantity": "1",
      "noted": false,
      "rarity": "0.04",
      "rolls": 1
    },
    {
      "id": 1619,
      "quantity": "1",
      "noted": false,
      "rarity": "0.02",
      "rolls": 1
    },
    {
      "id": 25676,
      "quantity": "10-20",
      "noted": false,
      "rarity": "0.20",
      "rolls": 1
    },
    {
      "id": 25698,
      "quantity": "1",
      "noted": false,
      "rarity": "0.13",
      "rolls": 1
    },
    {
      "id": 25639,
      "quantity": "1",
      "noted": false,
      "rarity": "0.00",
      "rolls": 1
    },
    {
      "id": 23182,
      "quantity": "1",
      "noted": false,
      "rarity": "0.01",
      "rolls": 1
    },
    {
      "id": 436,
      "quantity": "3-4",
      "noted": false,
      "rarity": "0.12",
      "rolls": 1
    },
    {
      "id": 438,
      "quantity": "3-4",
      "noted": false,
      "rarity": "0.12",
      "rolls": 1
    },
    {
      "id": 440,
      "quantity": "2-3",
      "noted": false,
      "rarity": "0.12",
      "rolls": 1
    },
    {
      "id": 1436,
      "quantity": "4-6",
      "noted": true,
      "rarity": "0.12",
      "rolls": 1
    },
    {
      "id": 1436,
      "quantity": "1",
      "noted": true,
      "rarity": "0.02",
      "rolls": 1
    },
    {
      "id": 559,
      "quantity": "5-10",
      "noted": false,
      "rarity": "0.15",
      "rolls": 1
    },
    {
      "id": 559,
      "quantity": "1",
      "noted": false,
      "rarity": "0.12",
      "rolls": 1
    },
    {
      "id": 1623,
      "quantity": "1",
      "noted": false,
      "rarity": "0.08",
      "rolls": 1
    }
  ]
}