{
  "id": 10722,
  "name": "ice spider",
  "combat_level": 61,
  "size": 1,
  "hitpoints": 65,
  "max_hit": 6,
  "attack_type": ["crush"],
  "attack_speed": 4,
  "aggressive": true,
  "poisonous": false,
  "venomous": false,
  "immune_poison": false,
  "immune_venom": false,
  "attributes": [],
  "category": ["spiders"],
  "slayer_monster": true,
  "slayer_level": 1,
  "slayer_xp": "65.00",
  "slayer_masters": [
    "turael",
    "spria",
    "krystilia"
  ],
  "attack_level": 50,
  "strength_level": 55,
  "defence_level": 43,
  "magic_level": 1,
  "ranged_level": 1,
  "attack_bonus": 0,
  "strength_bonus": 0,
  "attack_magic": 0,
  "magic_bonus": 0,
  "attack_ranged": 0,
  "ranged_bonus": 0,
  "defence_stab": 20,
  "defence_slash": 17,
  "defence_crush": 12,
  "defence_magic": 13,
  "defence_ranged": 13,
  "drops": [
    {
      "id": 11941,
      "quantity": "1",
      "noted": false,
      "rarity": "0.33",
      "rolls": 1
    },
    {
      "id": 23182,
      "quantity": "1",
      "noted": false,
      "rarity": "0.01",
      "rolls": 1
    },
    {
      "id": 23490,
      "quantity": "1",
      "noted": false,
      "rarity": "0.00",
      "rolls": 1
    },
    {
      "id": 21257,
      "quantity": "1",
      "noted": false,
      "rarity": "0.00",
      "rolls": 1
    }
  ]
}