{"name":"tolna","combat_level":46,"size":3,"hitpoints":37,"max_hit":5,"attack_type":["slash","ranged"],"attack_speed":null,"aggressive":true,"poisonous":true,"venomous":false,"immune_poison":false,"immune_venom":false,"attributes":[],"category":[],"slayer_monster":false,"slayer_level":null,"slayer_xp":null,"slayer_masters":[],"attack_level":42,"strength_level":41,"defence_level":40,"magic_level":1,"ranged_level":1,"attack_bonus":0,"strength_bonus":0,"attack_magic":0,"magic_bonus":0,"attack_ranged":0,"ranged_bonus":0,"defence_stab":0,"defence_slash":0,"defence_crush":0,"defence_magic":50,"defence_ranged":50,"drops":[]}