{"name":"nylocas ischyros","combat_level":46,"size":1,"hitpoints":11,"max_hit":17,"attack_type":["stab"],"attack_speed":3,"aggressive":false,"poisonous":false,"venomous":false,"immune_poison":true,"immune_venom":true,"attributes":[],"category":[],"slayer_monster":false,"slayer_level":null,"slayer_xp":null,"slayer_masters":[],"attack_level":200,"strength_level":160,"defence_level":1,"magic_level":1,"ranged_level":200,"attack_bonus":0,"strength_bonus":0,"attack_magic":1073,"magic_bonus":928,"attack_ranged":0,"ranged_bonus":-15,"defence_stab":0,"defence_slash":0,"defence_crush":0,"defence_magic":0,"defence_ranged":0,"drops":[]}