{"name":"xarpus","combat_level":1160,"size":5,"hitpoints":4300,"max_hit":6,"attack_type":["ranged","typeless"],"attack_speed":4,"aggressive":true,"poisonous":true,"venomous":false,"immune_poison":true,"immune_venom":true,"attributes":[],"category":[],"slayer_monster":false,"slayer_level":null,"slayer_xp":null,"slayer_masters":[],"attack_level":1,"strength_level":1,"defence_level":100,"magic_level":80,"ranged_level":50,"attack_bonus":0,"strength_bonus":0,"attack_magic":0,"magic_bonus":0,"attack_ranged":0,"ranged_bonus":0,"defence_stab":0,"defence_slash":0,"defence_crush":0,"defence_magic":0,"defence_ranged":100,"drops":[{"id":22512,"name":"the wild hunt","quantity":"1","noted":false,"rarity":"1.00","rolls":1}]}