{
  "id": 10787,
  "name": "nylocas vasilias",
  "combat_level": 301,
  "size": 4,
  "hitpoints": 1440,
  "max_hit": 24,
  "attack_type": [
    "stab",
    "ranged",
    "magic"
  ],
  "attack_speed": 4,
  "aggressive": true,
  "poisonous": false,
  "venomous": false,
  "immune_poison": true,
  "immune_venom": true,
  "attributes": [],
  "category": [],
  "slayer_monster": false,
  "slayer_level": null,
  "slayer_xp": null,
  "slayer_masters": [],
  "attack_level": 160,
  "strength_level": 140,
  "defence_level": 50,
  "magic_level": 20,
  "ranged_level": 140,
  "attack_bonus": 0,
  "strength_bonus": 40,
  "attack_magic": 380,
  "magic_bonus": 460,
  "attack_ranged": 0,
  "ranged_bonus": 40,
  "defence_stab": 0,
  "defence_slash": 0,
  "defence_crush": 0,
  "defence_magic": 0,
  "defence_ranged": 0,
  "drops": [{
    "id": 22508,
    "quantity": "1",
    "noted": false,
    "rarity": "1.00",
    "rolls": 1
  }]
}