{"name":"nylocas prinkipas","combat_level":400,"size":3,"hitpoints":400,"max_hit":null,"attack_type":["stab"],"attack_speed":4,"aggressive":true,"poisonous":false,"venomous":false,"immune_poison":true,"immune_venom":true,"attributes":[],"category":[],"slayer_monster":false,"slayer_level":null,"slayer_xp":null,"slayer_masters":[],"attack_level":200,"strength_level":175,"defence_level":25,"magic_level":25,"ranged_level":175,"attack_bonus":0,"strength_bonus":30,"attack_magic":300,"magic_bonus":300,"attack_ranged":0,"ranged_bonus":30,"defence_stab":0,"defence_slash":0,"defence_crush":0,"defence_magic":0,"defence_ranged":0,"drops":[]}