{
  "id": 10813,
  "name": "pestilent bloat",
  "combat_level": 1044,
  "size": 5,
  "hitpoints": 2400,
  "max_hit": 20,
  "attack_type": ["ranged"],
  "attack_speed": 1,
  "aggressive": true,
  "poisonous": false,
  "venomous": false,
  "immune_poison": true,
  "immune_venom": true,
  "attributes": ["undead"],
  "category": [],
  "slayer_monster": false,
  "slayer_level": null,
  "slayer_xp": null,
  "slayer_masters": [],
  "attack_level": 250,
  "strength_level": 340,
  "defence_level": 100,
  "magic_level": 150,
  "ranged_level": 180,
  "attack_bonus": 150,
  "strength_bonus": 82,
  "attack_magic": 0,
  "magic_bonus": 0,
  "attack_ranged": 180,
  "ranged_bonus": 4,
  "defence_stab": 40,
  "defence_slash": 20,
  "defence_crush": 40,
  "defence_magic": 600,
  "defence_ranged": 800,
  "drops": [{
    "id": 22506,
    "name": "the butcher",
    "quantity": "1",
    "noted": false,
    "rarity": "1.00",
    "rolls": 1
  }]
}