{
  "id": 10812,
  "name": "pestilent bloat",
  "combat_level": 312,
  "size": 5,
  "hitpoints": 1280,
  "max_hit": 8,
  "attack_type": ["ranged"],
  "attack_speed": 1,
  "aggressive": true,
  "poisonous": false,
  "venomous": false,
  "immune_poison": true,
  "immune_venom": true,
  "attributes": ["undead"],
  "category": [],
  "slayer_monster": false,
  "slayer_level": null,
  "slayer_xp": null,
  "slayer_masters": [],
  "attack_level": 100,
  "strength_level": 180,
  "defence_level": 80,
  "magic_level": 120,
  "ranged_level": 72,
  "attack_bonus": 60,
  "strength_bonus": 46,
  "attack_magic": 0,
  "magic_bonus": 0,
  "attack_ranged": 72,
  "ranged_bonus": 2,
  "defence_stab": 10,
  "defence_slash": 5,
  "defence_crush": 10,
  "defence_magic": 600,
  "defence_ranged": 800,
  "drops": [{
    "id": 22506,
    "quantity": "1",
    "noted": false,
    "rarity": "1.00",
    "rolls": 1
  }]
}