{"name":"pestilent bloat","combat_level":1044,"size":5,"hitpoints":null,"max_hit":null,"attack_type":["ranged"],"attack_speed":1,"aggressive":true,"poisonous":false,"venomous":false,"immune_poison":true,"immune_venom":true,"attributes":["undead"],"category":[],"slayer_monster":false,"slayer_level":null,"slayer_xp":null,"slayer_masters":[],"attack_level":0,"strength_level":0,"defence_level":0,"magic_level":0,"ranged_level":0,"attack_bonus":0,"strength_bonus":0,"attack_magic":0,"magic_bonus":0,"attack_ranged":0,"ranged_bonus":0,"defence_stab":0,"defence_slash":0,"defence_crush":0,"defence_magic":600,"defence_ranged":800,"drops":[{"id":22506,"name":"the butcher","quantity":"1","noted":false,"rarity":"1.00","rolls":1}]}