{
  "id": 10822,
  "name": "the maiden of sugadinti",
  "combat_level": 1128,
  "size": 6,
  "hitpoints": 3500,
  "max_hit": 36,
  "attack_type": ["magic"],
  "attack_speed": 10,
  "aggressive": true,
  "poisonous": false,
  "venomous": false,
  "immune_poison": true,
  "immune_venom": true,
  "attributes": [],
  "category": [],
  "slayer_monster": false,
  "slayer_level": null,
  "slayer_xp": null,
  "slayer_masters": [],
  "attack_level": 350,
  "strength_level": 350,
  "defence_level": 200,
  "magic_level": 350,
  "ranged_level": 350,
  "attack_bonus": 0,
  "strength_bonus": 0,
  "attack_magic": 300,
  "magic_bonus": 0,
  "attack_ranged": 0,
  "ranged_bonus": 0,
  "defence_stab": 0,
  "defence_slash": 0,
  "defence_crush": 0,
  "defence_magic": 0,
  "defence_ranged": 0,
  "drops": [{
    "id": 22504,
    "name": "serafina's diary",
    "quantity": "1",
    "noted": false,
    "rarity": "1.00",
    "rolls": 1
  }]
}