{"name":"the maiden of sugadinti","combat_level":1128,"size":6,"hitpoints":2500,"max_hit":18,"attack_type":["magic"],"attack_speed":10,"aggressive":true,"poisonous":false,"venomous":false,"immune_poison":true,"immune_venom":true,"attributes":[],"category":[],"slayer_monster":false,"slayer_level":null,"slayer_xp":null,"slayer_masters":[],"attack_level":140,"strength_level":140,"defence_level":80,"magic_level":140,"ranged_level":140,"attack_bonus":0,"strength_bonus":0,"attack_magic":150,"magic_bonus":12,"attack_ranged":0,"ranged_bonus":0,"defence_stab":0,"defence_slash":0,"defence_crush":0,"defence_magic":0,"defence_ranged":0,"drops":[{"id":22504,"name":"serafina's diary","quantity":"1","noted":false,"rarity":"1.00","rolls":1}]}