{
  "id": 10835,
  "name": "verzik vitur",
  "combat_level": 512,
  "size": 7,
  "hitpoints": 2400,
  "max_hit": 36,
  "attack_type": [
    "crush",
    "ranged",
    "magic"
  ],
  "attack_speed": 7,
  "aggressive": true,
  "poisonous": false,
  "venomous": false,
  "immune_poison": true,
  "immune_venom": true,
  "attributes": [],
  "category": [],
  "slayer_monster": false,
  "slayer_level": null,
  "slayer_xp": null,
  "slayer_masters": [],
  "attack_level": 180,
  "strength_level": 200,
  "defence_level": 120,
  "magic_level": 180,
  "ranged_level": 180,
  "attack_bonus": 32,
  "strength_bonus": 46,
  "attack_magic": 20,
  "magic_bonus": 5,
  "attack_ranged": 20,
  "ranged_bonus": 5,
  "defence_stab": 30,
  "defence_slash": 10,
  "defence_crush": 30,
  "defence_magic": 60,
  "defence_ranged": 100,
  "drops": [{
    "id": 22514,
    "name": "verzik vitur - patient record",
    "quantity": "1",
    "noted": false,
    "rarity": "1.00",
    "rolls": 1
  }]
}