{
  "id": 10833,
  "name": "verzik vitur",
  "combat_level": 488,
  "size": 3,
  "hitpoints": 1600,
  "max_hit": 16,
  "attack_type": [
    "crush",
    "ranged",
    "magic"
  ],
  "attack_speed": 4,
  "aggressive": true,
  "poisonous": false,
  "venomous": false,
  "immune_poison": true,
  "immune_venom": true,
  "attributes": [],
  "category": [],
  "slayer_monster": false,
  "slayer_level": null,
  "slayer_xp": null,
  "slayer_masters": [],
  "attack_level": 200,
  "strength_level": 150,
  "defence_level": 120,
  "magic_level": 180,
  "ranged_level": 180,
  "attack_bonus": 0,
  "strength_bonus": 0,
  "attack_magic": 32,
  "magic_bonus": 50,
  "attack_ranged": 32,
  "ranged_bonus": 50,
  "defence_stab": 40,
  "defence_slash": 20,
  "defence_crush": 40,
  "defence_magic": 40,
  "defence_ranged": 180,
  "drops": [{
    "id": 22514,
    "quantity": "1",
    "noted": false,
    "rarity": "1.00",
    "rolls": 1
  }]
}