{"name":"verzik vitur","combat_level":416,"size":3,"hitpoints":2000,"max_hit":137,"attack_type":["magic"],"attack_speed":12,"aggressive":false,"poisonous":false,"venomous":false,"immune_poison":true,"immune_venom":true,"attributes":[],"category":[],"slayer_monster":false,"slayer_level":null,"slayer_xp":null,"slayer_masters":[],"attack_level":400,"strength_level":400,"defence_level":20,"magic_level":400,"ranged_level":400,"attack_bonus":0,"strength_bonus":0,"attack_magic":80,"magic_bonus":150,"attack_ranged":80,"ranged_bonus":80,"defence_stab":20,"defence_slash":20,"defence_crush":20,"defence_magic":20,"defence_ranged":20,"drops":[{"id":22514,"name":"verzik vitur - patient record","quantity":"1","noted":false,"rarity":"1.00","rolls":1}]}