{
  "id": 10831,
  "name": "verzik vitur",
  "combat_level": 425,
  "size": 5,
  "hitpoints": 1200,
  "max_hit": 60,
  "attack_type": ["magic"],
  "attack_speed": 14,
  "aggressive": false,
  "poisonous": false,
  "venomous": false,
  "immune_poison": true,
  "immune_venom": true,
  "attributes": [],
  "category": [],
  "slayer_monster": false,
  "slayer_level": null,
  "slayer_xp": null,
  "slayer_masters": [],
  "attack_level": 180,
  "strength_level": 150,
  "defence_level": 10,
  "magic_level": 180,
  "ranged_level": 180,
  "attack_bonus": 0,
  "strength_bonus": 0,
  "attack_magic": 32,
  "magic_bonus": 140,
  "attack_ranged": 32,
  "ranged_bonus": 50,
  "defence_stab": 10,
  "defence_slash": 10,
  "defence_crush": 10,
  "defence_magic": 10,
  "defence_ranged": 10,
  "drops": [{
    "id": 22514,
    "name": "verzik vitur - patient record",
    "quantity": "1",
    "noted": false,
    "rarity": "1.00",
    "rolls": 1
  }]
}