{
  "id": 10868,
  "name": "sotetseg",
  "combat_level": 1195,
  "size": 5,
  "hitpoints": 4000,
  "max_hit": 45,
  "attack_type": [
    "crush",
    "magic"
  ],
  "attack_speed": 5,
  "aggressive": false,
  "poisonous": false,
  "venomous": false,
  "immune_poison": false,
  "immune_venom": false,
  "attributes": [],
  "category": [],
  "slayer_monster": false,
  "slayer_level": null,
  "slayer_xp": null,
  "slayer_masters": [],
  "attack_level": 350,
  "strength_level": 250,
  "defence_level": 200,
  "magic_level": 250,
  "ranged_level": 250,
  "attack_bonus": 0,
  "strength_bonus": 48,
  "attack_magic": -10,
  "magic_bonus": 60,
  "attack_ranged": -10,
  "ranged_bonus": 60,
  "defence_stab": 70,
  "defence_slash": 70,
  "defence_crush": 70,
  "defence_magic": 30,
  "defence_ranged": 150,
  "drops": [
    {
      "id": 22510,
      "quantity": "1",
      "noted": false,
      "rarity": "1.00",
      "rolls": 1
    },
    {
      "id": 10976,
      "quantity": "1",
      "noted": false,
      "rarity": "0.00",
      "rolls": 1
    },
    {
      "id": 10977,
      "quantity": "1",
      "noted": false,
      "rarity": "0.00",
      "rolls": 1
    }
  ]
}