{
  "id": 10865,
  "name": "sotetseg",
  "combat_level": 336,
  "size": 5,
  "hitpoints": 2240,
  "max_hit": 20,
  "attack_type": [
    "crush",
    "magic"
  ],
  "attack_speed": 5,
  "aggressive": false,
  "poisonous": false,
  "venomous": false,
  "immune_poison": false,
  "immune_venom": false,
  "attributes": [],
  "category": [],
  "slayer_monster": false,
  "slayer_level": null,
  "slayer_xp": null,
  "slayer_masters": [],
  "attack_level": 180,
  "strength_level": 140,
  "defence_level": 150,
  "magic_level": 150,
  "ranged_level": 150,
  "attack_bonus": 0,
  "strength_bonus": 20,
  "attack_magic": -10,
  "magic_bonus": 26,
  "attack_ranged": -10,
  "ranged_bonus": 26,
  "defence_stab": 30,
  "defence_slash": 30,
  "defence_crush": 30,
  "defence_magic": 10,
  "defence_ranged": 120,
  "drops": [
    {
      "id": 22510,
      "name": "the shadow realm",
      "quantity": "1",
      "noted": false,
      "rarity": "1.00",
      "rolls": 1
    },
    {
      "id": 10976,
      "name": "long bone",
      "quantity": "1",
      "noted": false,
      "rarity": "0.00",
      "rolls": 1
    },
    {
      "id": 10977,
      "name": "curved bone",
      "quantity": "1",
      "noted": false,
      "rarity": "0.00",
      "rolls": 1
    }
  ]
}