{"name":"sotetseg","combat_level":336,"size":5,"hitpoints":null,"max_hit":null,"attack_type":["crush","magic"],"attack_speed":5,"aggressive":false,"poisonous":false,"venomous":false,"immune_poison":false,"immune_venom":false,"attributes":[],"category":[],"slayer_monster":false,"slayer_level":null,"slayer_xp":null,"slayer_masters":[],"attack_level":0,"strength_level":0,"defence_level":0,"magic_level":0,"ranged_level":0,"attack_bonus":0,"strength_bonus":0,"attack_magic":-10,"magic_bonus":0,"attack_ranged":-10,"ranged_bonus":0,"defence_stab":0,"defence_slash":0,"defence_crush":0,"defence_magic":0,"defence_ranged":0,"drops":[{"id":22510,"name":"the shadow realm","quantity":"1","noted":false,"rarity":"1.00","rolls":1},{"id":10976,"name":"long bone","quantity":"1","noted":false,"rarity":"0.00","rolls":1},{"id":10977,"name":"curved bone","quantity":"1","noted":false,"rarity":"0.00","rolls":1}]}