{
  "id": 109,
  "name": "big wolf",
  "combat_level": 73,
  "size": 2,
  "hitpoints": 74,
  "max_hit": 7,
  "attack_type": ["stab"],
  "attack_speed": 4,
  "aggressive": true,
  "poisonous": false,
  "venomous": false,
  "immune_poison": false,
  "immune_venom": false,
  "attributes": [],
  "category": ["wolves"],
  "slayer_monster": true,
  "slayer_level": 1,
  "slayer_xp": "74.00",
  "slayer_masters": [
    "turael",
    "spria",
    "mazchna"
  ],
  "attack_level": 60,
  "strength_level": 61,
  "defence_level": 62,
  "magic_level": 1,
  "ranged_level": 1,
  "attack_bonus": 0,
  "strength_bonus": 0,
  "attack_magic": 0,
  "magic_bonus": 0,
  "attack_ranged": 0,
  "ranged_bonus": 0,
  "defence_stab": 0,
  "defence_slash": 0,
  "defence_crush": 0,
  "defence_magic": 0,
  "defence_ranged": 0,
  "drops": [
    {
      "id": 2859,
      "quantity": "1",
      "noted": false,
      "rarity": "1.00",
      "rolls": 1
    },
    {
      "id": 7830,
      "quantity": "1",
      "noted": false,
      "rarity": "0.25",
      "rolls": 1
    }
  ]
}