{
  "id": 10938,
  "name": "judge of yama",
  "combat_level": 168,
  "size": 4,
  "hitpoints": 260,
  "max_hit": 12,
  "attack_type": [
    "melee",
    "magic"
  ],
  "attack_speed": 4,
  "aggressive": true,
  "poisonous": false,
  "venomous": false,
  "immune_poison": true,
  "immune_venom": true,
  "attributes": ["demon"],
  "category": ["greater demons"],
  "slayer_monster": true,
  "slayer_level": 1,
  "slayer_xp": "266.50",
  "slayer_masters": [
    "chaeldar",
    "konar",
    "nieve",
    "duradel"
  ],
  "attack_level": 186,
  "strength_level": 112,
  "defence_level": 84,
  "magic_level": 84,
  "ranged_level": 0,
  "attack_bonus": 0,
  "strength_bonus": 0,
  "attack_magic": 0,
  "magic_bonus": 0,
  "attack_ranged": 0,
  "ranged_bonus": 0,
  "defence_stab": 40,
  "defence_slash": 40,
  "defence_crush": 40,
  "defence_magic": 600,
  "defence_ranged": 600,
  "drops": []
}