{
  "id": 10940,
  "name": "assassin",
  "combat_level": 132,
  "size": 1,
  "hitpoints": 120,
  "max_hit": 12,
  "attack_type": [
    "melee",
    "ranged"
  ],
  "attack_speed": 4,
  "aggressive": true,
  "poisonous": false,
  "venomous": false,
  "immune_poison": true,
  "immune_venom": true,
  "attributes": [],
  "category": [],
  "slayer_monster": false,
  "slayer_level": null,
  "slayer_xp": null,
  "slayer_masters": [],
  "attack_level": 112,
  "strength_level": 112,
  "defence_level": 92,
  "magic_level": 92,
  "ranged_level": 112,
  "attack_bonus": 0,
  "strength_bonus": 0,
  "attack_magic": 0,
  "magic_bonus": 0,
  "attack_ranged": 0,
  "ranged_bonus": 0,
  "defence_stab": 50,
  "defence_slash": 50,
  "defence_crush": 50,
  "defence_magic": 20,
  "defence_ranged": 50,
  "drops": []
}