{
  "id": 10941,
  "name": "assassin",
  "combat_level": 132,
  "size": 1,
  "hitpoints": 400,
  "max_hit": 39,
  "attack_type": [
    "slash",
    "ranged"
  ],
  "attack_speed": 4,
  "aggressive": true,
  "poisonous": false,
  "venomous": false,
  "immune_poison": true,
  "immune_venom": true,
  "attributes": [],
  "category": [],
  "slayer_monster": false,
  "slayer_level": null,
  "slayer_xp": null,
  "slayer_masters": [],
  "attack_level": 140,
  "strength_level": 140,
  "defence_level": 140,
  "magic_level": 140,
  "ranged_level": 140,
  "attack_bonus": 66,
  "strength_bonus": 12,
  "attack_magic": 0,
  "magic_bonus": 0,
  "attack_ranged": 66,
  "ranged_bonus": 12,
  "defence_stab": 60,
  "defence_slash": 30,
  "defence_crush": 80,
  "defence_magic": 200,
  "defence_ranged": 50,
  "drops": []
}