{
  "id": 10955,
  "name": "xamphur",
  "combat_level": 239,
  "size": 3,
  "hitpoints": 450,
  "max_hit": 18,
  "attack_type": ["magic"],
  "attack_speed": 5,
  "aggressive": true,
  "poisonous": false,
  "venomous": false,
  "immune_poison": true,
  "immune_venom": true,
  "attributes": [],
  "category": [],
  "slayer_monster": false,
  "slayer_level": null,
  "slayer_xp": null,
  "slayer_masters": [],
  "attack_level": 0,
  "strength_level": 0,
  "defence_level": 100,
  "magic_level": 140,
  "ranged_level": 0,
  "attack_bonus": 0,
  "strength_bonus": 0,
  "attack_magic": 20,
  "magic_bonus": 12,
  "attack_ranged": 0,
  "ranged_bonus": 0,
  "defence_stab": 180,
  "defence_slash": 180,
  "defence_crush": 180,
  "defence_magic": 260,
  "defence_ranged": 30,
  "drops": []
}