{"name":"sea snake hatchling","combat_level":62,"size":1,"hitpoints":50,"max_hit":6,"attack_type":["crush"],"attack_speed":4,"aggressive":false,"poisonous":false,"venomous":false,"immune_poison":false,"immune_venom":false,"attributes":[],"category":["sea snakes"],"slayer_monster":true,"slayer_level":40,"slayer_xp":"50.00","slayer_masters":["vannaka"],"attack_level":60,"strength_level":55,"defence_level":50,"magic_level":1,"ranged_level":1,"attack_bonus":0,"strength_bonus":0,"attack_magic":0,"magic_bonus":0,"attack_ranged":0,"ranged_bonus":0,"defence_stab":0,"defence_slash":0,"defence_crush":0,"defence_magic":0,"defence_ranged":0,"drops":[{"id":1623,"name":"uncut sapphire","quantity":"1","noted":false,"rarity":"0.00","rolls":1},{"id":1621,"name":"uncut emerald","quantity":"1","noted":false,"rarity":"0.00","rolls":1},{"id":1619,"name":"uncut ruby","quantity":"1","noted":false,"rarity":"0.00","rolls":1},{"id":1452,"name":"chaos talisman","quantity":"1","noted":false,"rarity":"0.00","rolls":1},{"id":1462,"name":"nature talisman","quantity":"1","noted":false,"rarity":"0.00","rolls":1},{"id":1617,"name":"uncut diamond","quantity":"1","noted":false,"rarity":"0.00","rolls":1},{"id":830,"name":"rune javelin","quantity":"5","noted":false,"rarity":"0.00","rolls":1},{"id":987,"name":"loop half of key","quantity":"1","noted":false,"rarity":"0.00","rolls":1},{"id":985,"name":"tooth half of key","quantity":"1","noted":false,"rarity":"0.00","rolls":1},{"id":1247,"name":"rune spear","quantity":"1","noted":false,"rarity":"0.00","rolls":1},{"id":2366,"name":"shield left half","quantity":"1","noted":false,"rarity":"0.00","rolls":1},{"id":1249,"name":"dragon spear","quantity":"1","noted":false,"rarity":"0.00","rolls":1},{"id":526,"name":"bones","quantity":"1","noted":false,"rarity":"1.00","rolls":1},{"id":313,"name":"fishing bait","quantity":"50","noted":false,"rarity":"0.03","rolls":1},{"id":46,"name":"pearl bolt tips","quantity":"3","noted":false,"rarity":"0.03","rolls":1},{"id":571,"name":"water orb","quantity":"1","noted":false,"rarity":"0.02","rolls":1},{"id":363,"name":"raw bass","quantity":"2","noted":false,"rarity":"0.03","rolls":1},{"id":377,"name":"raw lobster","quantity":"1","noted":false,"rarity":"0.02","rolls":1},{"id":401,"name":"seaweed","quantity":"5","noted":false,"rarity":"0.02","rolls":1},{"id":403,"name":"edible seaweed","quantity":"5","noted":false,"rarity":"0.02","rolls":1},{"id":411,"name":"oyster pearl","quantity":"2","noted":false,"rarity":"0.01","rolls":1},{"id":413,"name":"oyster pearls","quantity":"1","noted":false,"rarity":"0.01","rolls":1},{"id":405,"name":"casket","quantity":"1","noted":false,"rarity":"0.01","rolls":1},{"id":555,"name":"water rune","quantity":"15","noted":false,"rarity":"0.02","rolls":1},{"id":4695,"name":"mist rune","quantity":"1","noted":false,"rarity":"0.02","rolls":1},{"id":2801,"name":"clue scroll (medium)","quantity":"1","noted":false,"rarity":"0.01","rolls":1},{"id":4160,"name":"broad arrows","quantity":"4","noted":false,"rarity":"0.02","rolls":1},{"id":995,"name":"coins","quantity":"44","noted":false,"rarity":"0.47","rolls":1},{"id":995,"name":"coins","quantity":"32","noted":false,"rarity":"0.09","rolls":1},{"id":995,"name":"coins","quantity":"24","noted":false,"rarity":"0.07","rolls":1},{"id":995,"name":"coins","quantity":"23","noted":false,"rarity":"0.05","rolls":1},{"id":823,"name":"adamant dart tip","quantity":"2","noted":false,"rarity":"0.08","rolls":1}]}