{"name":"barbarian","combat_level":15,"size":1,"hitpoints":24,"max_hit":1,"attack_type":["crush"],"attack_speed":4,"aggressive":false,"poisonous":false,"venomous":false,"immune_poison":false,"immune_venom":false,"attributes":[],"category":[],"slayer_monster":false,"slayer_level":null,"slayer_xp":null,"slayer_masters":[],"attack_level":15,"strength_level":3,"defence_level":10,"magic_level":1,"ranged_level":15,"attack_bonus":9,"strength_bonus":15,"attack_magic":0,"magic_bonus":0,"attack_ranged":0,"ranged_bonus":0,"defence_stab":0,"defence_slash":3,"defence_crush":2,"defence_magic":-3,"defence_ranged":2,"drops":[{"id":526,"name":"bones","quantity":"1","noted":false,"rarity":"1.00","rolls":1},{"id":1349,"name":"iron axe","quantity":"1","noted":false,"rarity":"0.05","rolls":1},{"id":1375,"name":"bronze battleaxe","quantity":"1","noted":false,"rarity":"0.03","rolls":1},{"id":1420,"name":"iron mace","quantity":"1","noted":false,"rarity":"0.01","rolls":1},{"id":882,"name":"bronze arrow","quantity":"10","noted":false,"rarity":"0.03","rolls":1},{"id":562,"name":"chaos rune","quantity":"3","noted":false,"rarity":"0.03","rolls":1},{"id":884,"name":"iron arrow","quantity":"8","noted":false,"rarity":"0.02","rolls":1},{"id":557,"name":"earth rune","quantity":"5","noted":false,"rarity":"0.02","rolls":1},{"id":558,"name":"mind rune","quantity":"10","noted":false,"rarity":"0.02","rolls":1},{"id":554,"name":"fire rune","quantity":"8","noted":false,"rarity":"0.02","rolls":1},{"id":563,"name":"law rune","quantity":"2","noted":false,"rarity":"0.01","rolls":1},{"id":995,"name":"coins","quantity":"8","noted":false,"rarity":"0.33","rolls":1},{"id":995,"name":"coins","quantity":"12","noted":false,"rarity":"0.07","rolls":1},{"id":995,"name":"coins","quantity":"25","noted":false,"rarity":"0.04","rolls":1},{"id":995,"name":"coins","quantity":"32","noted":false,"rarity":"0.02","rolls":1},{"id":2142,"name":"cooked meat","quantity":"1","noted":false,"rarity":"0.01","rolls":1},{"id":1595,"name":"amulet mould","quantity":"1","noted":false,"rarity":"0.01","rolls":1},{"id":1917,"name":"beer","quantity":"1","noted":false,"rarity":"0.01","rolls":1},{"id":948,"name":"bear fur","quantity":"1","noted":false,"rarity":"0.01","rolls":1},{"id":956,"name":"flyer","quantity":"1","noted":false,"rarity":"0.01","rolls":1},{"id":23182,"name":"clue scroll (beginner)","quantity":"1","noted":false,"rarity":"0.02","rolls":1},{"id":2677,"name":"clue scroll (easy)","quantity":"1","noted":false,"rarity":"0.01","rolls":1}]}