{
  "id": 10984,
  "name": "barbarian",
  "combat_level": 10,
  "size": 1,
  "hitpoints": 18,
  "max_hit": 2,
  "attack_type": ["crush"],
  "attack_speed": 4,
  "aggressive": false,
  "poisonous": false,
  "venomous": false,
  "immune_poison": false,
  "immune_venom": false,
  "attributes": [],
  "category": [],
  "slayer_monster": false,
  "slayer_level": null,
  "slayer_xp": null,
  "slayer_masters": [],
  "attack_level": 8,
  "strength_level": 7,
  "defence_level": 3,
  "magic_level": 1,
  "ranged_level": 1,
  "attack_bonus": 9,
  "strength_bonus": 20,
  "attack_magic": 0,
  "magic_bonus": 0,
  "attack_ranged": 0,
  "ranged_bonus": 0,
  "defence_stab": 0,
  "defence_slash": 3,
  "defence_crush": 2,
  "defence_magic": -3,
  "defence_ranged": 2,
  "drops": [
    {
      "id": 526,
      "name": "bones",
      "quantity": "1",
      "noted": false,
      "rarity": "1.00",
      "rolls": 1
    },
    {
      "id": 563,
      "name": "law rune",
      "quantity": "2",
      "noted": false,
      "rarity": "0.01",
      "rolls": 1
    },
    {
      "id": 995,
      "name": "coins",
      "quantity": "5",
      "noted": false,
      "rarity": "0.33",
      "rolls": 1
    },
    {
      "id": 995,
      "name": "coins",
      "quantity": "8",
      "noted": false,
      "rarity": "0.07",
      "rolls": 1
    },
    {
      "id": 995,
      "name": "coins",
      "quantity": "17",
      "noted": false,
      "rarity": "0.04",
      "rolls": 1
    },
    {
      "id": 995,
      "name": "coins",
      "quantity": "27",
      "noted": false,
      "rarity": "0.02",
      "rolls": 1
    },
    {
      "id": 438,
      "name": "tin ore",
      "quantity": "1",
      "noted": false,
      "rarity": "0.01",
      "rolls": 1
    },
    {
      "id": 948,
      "name": "bear fur",
      "quantity": "1",
      "noted": false,
      "rarity": "0.01",
      "rolls": 1
    },
    {
      "id": 1917,
      "name": "beer",
      "quantity": "1",
      "noted": false,
      "rarity": "0.01",
      "rolls": 1
    },
    {
      "id": 2142,
      "name": "cooked meat",
      "quantity": "1",
      "noted": false,
      "rarity": "0.01",
      "rolls": 1
    },
    {
      "id": 956,
      "name": "flyer",
      "quantity": "1",
      "noted": false,
      "rarity": "0.01",
      "rolls": 1
    },
    {
      "id": 1351,
      "name": "bronze axe",
      "quantity": "1",
      "noted": false,
      "rarity": "0.05",
      "rolls": 1
    },
    {
      "id": 1592,
      "name": "ring mould",
      "quantity": "1",
      "noted": false,
      "rarity": "0.01",
      "rolls": 1
    },
    {
      "id": 1379,
      "name": "staff",
      "quantity": "1",
      "noted": false,
      "rarity": "0.03",
      "rolls": 1
    },
    {
      "id": 23182,
      "name": "clue scroll (beginner)",
      "quantity": "1",
      "noted": false,
      "rarity": "0.01",
      "rolls": 1
    },
    {
      "id": 2677,
      "name": "clue scroll (easy)",
      "quantity": "1",
      "noted": false,
      "rarity": "0.01",
      "rolls": 1
    },
    {
      "id": 1420,
      "name": "iron mace",
      "quantity": "1",
      "noted": false,
      "rarity": "0.01",
      "rolls": 1
    },
    {
      "id": 562,
      "name": "chaos rune",
      "quantity": "2",
      "noted": false,
      "rarity": "0.03",
      "rolls": 1
    },
    {
      "id": 882,
      "name": "bronze arrow",
      "quantity": "15",
      "noted": false,
      "rarity": "0.02",
      "rolls": 1
    },
    {
      "id": 557,
      "name": "earth rune",
      "quantity": "2",
      "noted": false,
      "rarity": "0.02",
      "rolls": 1
    },
    {
      "id": 554,
      "name": "fire rune",
      "quantity": "5",
      "noted": false,
      "rarity": "0.02",
      "rolls": 1
    },
    {
      "id": 558,
      "name": "mind rune",
      "quantity": "5",
      "noted": false,
      "rarity": "0.02",
      "rolls": 1
    }
  ]
}