{"name":"nechryael","combat_level":115,"size":1,"hitpoints":105,"max_hit":11,"attack_type":["crush"],"attack_speed":4,"aggressive":false,"poisonous":false,"venomous":false,"immune_poison":false,"immune_venom":false,"attributes":["demon"],"category":["nechryael"],"slayer_monster":true,"slayer_level":80,"slayer_xp":"105.00","slayer_masters":["vannaka","chaeldar","konar","nieve","duradel"],"attack_level":97,"strength_level":97,"defence_level":105,"magic_level":1,"ranged_level":1,"attack_bonus":0,"strength_bonus":0,"attack_magic":0,"magic_bonus":0,"attack_ranged":0,"ranged_bonus":0,"defence_stab":20,"defence_slash":20,"defence_crush":20,"defence_magic":0,"defence_ranged":20,"drops":[{"id":25772,"name":"malicious ashes","quantity":"1","noted":false,"rarity":"1.00","rolls":1},{"id":563,"name":"law rune","quantity":"25-35","noted":false,"rarity":"0.04","rolls":1},{"id":565,"name":"blood rune","quantity":"15-20","noted":false,"rarity":"0.03","rolls":1},{"id":5100,"name":"limpwurt seed","quantity":"1","noted":false,"rarity":"0.05","rolls":1},{"id":5296,"name":"toadflax seed","quantity":"1-2","noted":false,"rarity":"0.03","rolls":1},{"id":5297,"name":"irit seed","quantity":"1-2","noted":false,"rarity":"0.02","rolls":1},{"id":5281,"name":"belladonna seed","quantity":"1-2","noted":false,"rarity":"0.02","rolls":1},{"id":5106,"name":"poison ivy seed","quantity":"1-2","noted":false,"rarity":"0.01","rolls":1},{"id":5298,"name":"avantoe seed","quantity":"1-2","noted":false,"rarity":"0.01","rolls":1},{"id":5280,"name":"cactus seed","quantity":"1-2","noted":false,"rarity":"0.01","rolls":1},{"id":22873,"name":"potato cactus seed","quantity":"1-2","noted":false,"rarity":"0.01","rolls":1},{"id":1073,"name":"adamant platelegs","quantity":"1","noted":false,"rarity":"0.03","rolls":1},{"id":5299,"name":"kwuarm seed","quantity":"1-2","noted":false,"rarity":"0.01","rolls":1},{"id":5300,"name":"snapdragon seed","quantity":"1-2","noted":false,"rarity":"0.01","rolls":1},{"id":5301,"name":"cadantine seed","quantity":"1-2","noted":false,"rarity":"0.00","rolls":1},{"id":5302,"name":"lantadyme seed","quantity":"1-2","noted":false,"rarity":"0.00","rolls":1},{"id":22879,"name":"snape grass seed","quantity":"3-6","noted":false,"rarity":"0.00","rolls":1},{"id":5303,"name":"dwarf weed seed","quantity":"1-2","noted":false,"rarity":"0.00","rolls":1},{"id":5304,"name":"torstol seed","quantity":"1-2","noted":false,"rarity":"0.00","rolls":1},{"id":995,"name":"coins","quantity":"1000-1499","noted":false,"rarity":"0.11","rolls":1},{"id":995,"name":"coins","quantity":"1500-2000","noted":false,"rarity":"0.09","rolls":1},{"id":995,"name":"coins","quantity":"2500-2999","noted":false,"rarity":"0.05","rolls":1},{"id":1319,"name":"rune 2h sword","quantity":"1","noted":false,"rarity":"0.03","rolls":1},{"id":995,"name":"coins","quantity":"3000-3500","noted":false,"rarity":"0.03","rolls":1},{"id":995,"name":"coins","quantity":"500-999","noted":false,"rarity":"0.02","rolls":1},{"id":995,"name":"coins","quantity":"5000","noted":false,"rarity":"0.01","rolls":1},{"id":1761,"name":"soft clay","quantity":"25","noted":true,"rarity":"0.03","rolls":1},{"id":361,"name":"tuna","quantity":"1","noted":false,"rarity":"0.03","rolls":1},{"id":1163,"name":"rune full helm","quantity":"1","noted":false,"rarity":"0.03","rolls":1},{"id":1199,"name":"adamant kiteshield","quantity":"1","noted":false,"rarity":"0.02","rolls":1},{"id":4131,"name":"rune boots","quantity":"1","noted":false,"rarity":"0.01","rolls":1},{"id":23083,"name":"brimstone key","quantity":"1","noted":false,"rarity":"0.01","rolls":1},{"id":2722,"name":"clue scroll (hard)","quantity":"1","noted":false,"rarity":"0.01","rolls":1},{"id":562,"name":"chaos rune","quantity":"37","noted":false,"rarity":"0.07","rolls":1},{"id":560,"name":"death rune","quantity":"5","noted":false,"rarity":"0.05","rolls":1},{"id":560,"name":"death rune","quantity":"10","noted":false,"rarity":"0.05","rolls":1}]}