{
  "id": 1101,
  "name": "giant sea snake",
  "combat_level": 149,
  "size": 5,
  "hitpoints": 100,
  "max_hit": 14,
  "attack_type": [
    "crush",
    "ranged"
  ],
  "attack_speed": 4,
  "aggressive": true,
  "poisonous": true,
  "venomous": false,
  "immune_poison": true,
  "immune_venom": true,
  "attributes": [],
  "category": [],
  "slayer_monster": false,
  "slayer_level": null,
  "slayer_xp": null,
  "slayer_masters": [],
  "attack_level": 170,
  "strength_level": 90,
  "defence_level": 160,
  "magic_level": 1,
  "ranged_level": 130,
  "attack_bonus": 0,
  "strength_bonus": 0,
  "attack_magic": 0,
  "magic_bonus": 0,
  "attack_ranged": 0,
  "ranged_bonus": 0,
  "defence_stab": 0,
  "defence_slash": 0,
  "defence_crush": 0,
  "defence_magic": 0,
  "defence_ranged": 0,
  "drops": [
    {
      "id": 1623,
      "quantity": "1",
      "noted": false,
      "rarity": "0.00",
      "rolls": 1
    },
    {
      "id": 1621,
      "quantity": "1",
      "noted": false,
      "rarity": "0.00",
      "rolls": 1
    },
    {
      "id": 1619,
      "quantity": "1",
      "noted": false,
      "rarity": "0.00",
      "rolls": 1
    },
    {
      "id": 1452,
      "quantity": "1",
      "noted": false,
      "rarity": "0.00",
      "rolls": 1
    },
    {
      "id": 1462,
      "quantity": "1",
      "noted": false,
      "rarity": "0.00",
      "rolls": 1
    },
    {
      "id": 1617,
      "quantity": "1",
      "noted": false,
      "rarity": "0.00",
      "rolls": 1
    },
    {
      "id": 830,
      "quantity": "5",
      "noted": false,
      "rarity": "0.00",
      "rolls": 1
    },
    {
      "id": 987,
      "quantity": "1",
      "noted": false,
      "rarity": "0.00",
      "rolls": 1
    },
    {
      "id": 985,
      "quantity": "1",
      "noted": false,
      "rarity": "0.00",
      "rolls": 1
    },
    {
      "id": 1247,
      "quantity": "1",
      "noted": false,
      "rarity": "0.00",
      "rolls": 1
    },
    {
      "id": 2366,
      "quantity": "1",
      "noted": false,
      "rarity": "0.00",
      "rolls": 1
    },
    {
      "id": 1249,
      "quantity": "1",
      "noted": false,
      "rarity": "0.00",
      "rolls": 1
    },
    {
      "id": 532,
      "quantity": "1",
      "noted": false,
      "rarity": "1.00",
      "rolls": 1
    },
    {
      "id": 209,
      "quantity": "1",
      "noted": false,
      "rarity": "0.00",
      "rolls": 1
    },
    {
      "id": 211,
      "quantity": "1",
      "noted": false,
      "rarity": "0.00",
      "rolls": 1
    },
    {
      "id": 213,
      "quantity": "1",
      "noted": false,
      "rarity": "0.00",
      "rolls": 1
    },
    {
      "id": 215,
      "quantity": "1",
      "noted": false,
      "rarity": "0.00",
      "rolls": 1
    },
    {
      "id": 2485,
      "quantity": "1",
      "noted": false,
      "rarity": "0.00",
      "rolls": 1
    },
    {
      "id": 217,
      "quantity": "1",
      "noted": false,
      "rarity": "0.00",
      "rolls": 1
    },
    {
      "id": 5100,
      "quantity": "1",
      "noted": false,
      "rarity": "0.01",
      "rolls": 1
    },
    {
      "id": 5323,
      "quantity": "1",
      "noted": false,
      "rarity": "0.01",
      "rolls": 1
    },
    {
      "id": 5292,
      "quantity": "1",
      "noted": false,
      "rarity": "0.01",
      "rolls": 1
    },
    {
      "id": 5104,
      "quantity": "1",
      "noted": false,
      "rarity": "0.01",
      "rolls": 1
    },
    {
      "id": 555,
      "quantity": "15",
      "noted": false,
      "rarity": "0.02",
      "rolls": 1
    },
    {
      "id": 5293,
      "quantity": "1",
      "noted": false,
      "rarity": "0.01",
      "rolls": 1
    },
    {
      "id": 5311,
      "quantity": "1",
      "noted": false,
      "rarity": "0.01",
      "rolls": 1
    },
    {
      "id": 5321,
      "quantity": "1",
      "noted": false,
      "rarity": "0.01",
      "rolls": 1
    },
    {
      "id": 5294,
      "quantity": "1",
      "noted": false,
      "rarity": "0.01",
      "rolls": 1
    },
    {
      "id": 22879,
      "quantity": "1",
      "noted": false,
      "rarity": "0.00",
      "rolls": 1
    },
    {
      "id": 5295,
      "quantity": "1",
      "noted": false,
      "rarity": "0.00",
      "rolls": 1
    },
    {
      "id": 5105,
      "quantity": "1",
      "noted": false,
      "rarity": "0.00",
      "rolls": 1
    },
    {
      "id": 5282,
      "quantity": "1",
      "noted": false,
      "rarity": "0.00",
      "rolls": 1
    },
    {
      "id": 5296,
      "quantity": "1",
      "noted": false,
      "rarity": "0.00",
      "rolls": 1
    },
    {
      "id": 5281,
      "quantity": "1",
      "noted": false,
      "rarity": "0.00",
      "rolls": 1
    },
    {
      "id": 4695,
      "quantity": "1",
      "noted": false,
      "rarity": "0.02",
      "rolls": 1
    },
    {
      "id": 5297,
      "quantity": "1",
      "noted": false,
      "rarity": "0.00",
      "rolls": 1
    },
    {
      "id": 5106,
      "quantity": "1",
      "noted": false,
      "rarity": "0.00",
      "rolls": 1
    },
    {
      "id": 5298,
      "quantity": "1",
      "noted": false,
      "rarity": "0.00",
      "rolls": 1
    },
    {
      "id": 5280,
      "quantity": "1",
      "noted": false,
      "rarity": "0.00",
      "rolls": 1
    },
    {
      "id": 5299,
      "quantity": "1",
      "noted": false,
      "rarity": "0.00",
      "rolls": 1
    },
    {
      "id": 22873,
      "quantity": "1",
      "noted": false,
      "rarity": "0.00",
      "rolls": 1
    },
    {
      "id": 5300,
      "quantity": "1",
      "noted": false,
      "rarity": "0.00",
      "rolls": 1
    },
    {
      "id": 5301,
      "quantity": "1",
      "noted": false,
      "rarity": "0.00",
      "rolls": 1
    },
    {
      "id": 5302,
      "quantity": "1",
      "noted": false,
      "rarity": "0.00",
      "rolls": 1
    },
    {
      "id": 5303,
      "quantity": "1",
      "noted": false,
      "rarity": "0.00",
      "rolls": 1
    },
    {
      "id": 4160,
      "quantity": "4",
      "noted": false,
      "rarity": "0.02",
      "rolls": 1
    },
    {
      "id": 5304,
      "quantity": "1",
      "noted": false,
      "rarity": "0.00",
      "rolls": 1
    },
    {
      "id": 995,
      "quantity": "44",
      "noted": false,
      "rarity": "0.32",
      "rolls": 1
    },
    {
      "id": 995,
      "quantity": "32",
      "noted": false,
      "rarity": "0.09",
      "rolls": 1
    },
    {
      "id": 995,
      "quantity": "24",
      "noted": false,
      "rarity": "0.07",
      "rolls": 1
    },
    {
      "id": 995,
      "quantity": "23",
      "noted": false,
      "rarity": "0.05",
      "rolls": 1
    },
    {
      "id": 823,
      "quantity": "2",
      "noted": false,
      "rarity": "0.08",
      "rolls": 1
    },
    {
      "id": 313,
      "quantity": "50",
      "noted": false,
      "rarity": "0.03",
      "rolls": 1
    },
    {
      "id": 46,
      "quantity": "3",
      "noted": false,
      "rarity": "0.03",
      "rolls": 1
    },
    {
      "id": 571,
      "quantity": "1",
      "noted": false,
      "rarity": "0.02",
      "rolls": 1
    },
    {
      "id": 363,
      "quantity": "2",
      "noted": false,
      "rarity": "0.03",
      "rolls": 1
    },
    {
      "id": 199,
      "quantity": "1",
      "noted": false,
      "rarity": "0.01",
      "rolls": 1
    },
    {
      "id": 377,
      "quantity": "1",
      "noted": false,
      "rarity": "0.02",
      "rolls": 1
    },
    {
      "id": 401,
      "quantity": "5",
      "noted": false,
      "rarity": "0.02",
      "rolls": 1
    },
    {
      "id": 403,
      "quantity": "5",
      "noted": false,
      "rarity": "0.02",
      "rolls": 1
    },
    {
      "id": 405,
      "quantity": "1",
      "noted": false,
      "rarity": "0.02",
      "rolls": 1
    },
    {
      "id": 411,
      "quantity": "2",
      "noted": false,
      "rarity": "0.01",
      "rolls": 1
    },
    {
      "id": 413,
      "quantity": "1",
      "noted": false,
      "rarity": "0.01",
      "rolls": 1
    },
    {
      "id": 201,
      "quantity": "1",
      "noted": false,
      "rarity": "0.01",
      "rolls": 1
    },
    {
      "id": 7959,
      "quantity": "1",
      "noted": false,
      "rarity": "1.00",
      "rolls": 1
    },
    {
      "id": 2801,
      "quantity": "1",
      "noted": false,
      "rarity": "0.01",
      "rolls": 1
    },
    {
      "id": 10976,
      "quantity": "1",
      "noted": false,
      "rarity": "0.00",
      "rolls": 1
    },
    {
      "id": 203,
      "quantity": "1",
      "noted": false,
      "rarity": "0.01",
      "rolls": 1
    },
    {
      "id": 10977,
      "quantity": "1",
      "noted": false,
      "rarity": "0.00",
      "rolls": 1
    },
    {
      "id": 205,
      "quantity": "1",
      "noted": false,
      "rarity": "0.00",
      "rolls": 1
    },
    {
      "id": 207,
      "quantity": "1",
      "noted": false,
      "rarity": "0.00",
      "rolls": 1
    }
  ]
}