{"name":"soldier","combat_level":21,"size":1,"hitpoints":22,"max_hit":3,"attack_type":["crush"],"attack_speed":4,"aggressive":false,"poisonous":false,"venomous":false,"immune_poison":false,"immune_venom":false,"attributes":[],"category":[],"slayer_monster":false,"slayer_level":null,"slayer_xp":null,"slayer_masters":[],"attack_level":19,"strength_level":18,"defence_level":14,"magic_level":1,"ranged_level":1,"attack_bonus":9,"strength_bonus":7,"attack_magic":0,"magic_bonus":0,"attack_ranged":0,"ranged_bonus":0,"defence_stab":24,"defence_slash":14,"defence_crush":19,"defence_magic":4,"defence_ranged":16,"drops":[]}