{
  "id": 11073,
  "name": "sergeant",
  "combat_level": 84,
  "size": 1,
  "hitpoints": 86,
  "max_hit": 10,
  "attack_type": ["crush"],
  "attack_speed": 4,
  "aggressive": false,
  "poisonous": false,
  "venomous": false,
  "immune_poison": false,
  "immune_venom": false,
  "attributes": [],
  "category": [],
  "slayer_monster": false,
  "slayer_level": null,
  "slayer_xp": null,
  "slayer_masters": [],
  "attack_level": 75,
  "strength_level": 73,
  "defence_level": 61,
  "magic_level": 1,
  "ranged_level": 1,
  "attack_bonus": 17,
  "strength_bonus": 15,
  "attack_magic": 0,
  "magic_bonus": 0,
  "attack_ranged": 0,
  "ranged_bonus": 0,
  "defence_stab": 16,
  "defence_slash": 16,
  "defence_crush": 18,
  "defence_magic": -12,
  "defence_ranged": 27,
  "drops": []
}