{
  "id": 11088,
  "name": "necromancer",
  "combat_level": 68,
  "size": 1,
  "hitpoints": 80,
  "max_hit": 7,
  "attack_type": ["magic"],
  "attack_speed": 4,
  "aggressive": true,
  "poisonous": false,
  "venomous": false,
  "immune_poison": false,
  "immune_venom": false,
  "attributes": [],
  "category": [],
  "slayer_monster": false,
  "slayer_level": null,
  "slayer_xp": null,
  "slayer_masters": [],
  "attack_level": 56,
  "strength_level": 56,
  "defence_level": 50,
  "magic_level": 60,
  "ranged_level": 1,
  "attack_bonus": 0,
  "strength_bonus": 0,
  "attack_magic": 10,
  "magic_bonus": 10,
  "attack_ranged": 0,
  "ranged_bonus": 0,
  "defence_stab": 8,
  "defence_slash": 8,
  "defence_crush": 8,
  "defence_magic": 4,
  "defence_ranged": 0,
  "drops": [
    {
      "id": 526,
      "name": "bones",
      "quantity": "1",
      "noted": false,
      "rarity": "1.00",
      "rolls": 1
    },
    {
      "id": 561,
      "name": "nature rune",
      "quantity": "10-15",
      "noted": false,
      "rarity": "0.06",
      "rolls": 1
    },
    {
      "id": 563,
      "name": "law rune",
      "quantity": "10-15",
      "noted": false,
      "rarity": "0.06",
      "rolls": 1
    },
    {
      "id": 560,
      "name": "death rune",
      "quantity": "4-8",
      "noted": false,
      "rarity": "0.04",
      "rolls": 1
    },
    {
      "id": 565,
      "name": "blood rune",
      "quantity": "4-8",
      "noted": false,
      "rarity": "0.04",
      "rolls": 1
    },
    {
      "id": 995,
      "name": "coins",
      "quantity": "10-50",
      "noted": false,
      "rarity": "0.04",
      "rolls": 1
    },
    {
      "id": 1379,
      "name": "staff",
      "quantity": "1",
      "noted": false,
      "rarity": "0.04",
      "rolls": 1
    },
    {
      "id": 1438,
      "name": "air talisman",
      "quantity": "1",
      "noted": false,
      "rarity": "0.02",
      "rolls": 1
    },
    {
      "id": 1444,
      "name": "water talisman",
      "quantity": "1",
      "noted": false,
      "rarity": "0.02",
      "rolls": 1
    },
    {
      "id": 1440,
      "name": "earth talisman",
      "quantity": "1",
      "noted": false,
      "rarity": "0.02",
      "rolls": 1
    },
    {
      "id": 1442,
      "name": "fire talisman",
      "quantity": "1",
      "noted": false,
      "rarity": "0.02",
      "rolls": 1
    },
    {
      "id": 556,
      "name": "air rune",
      "quantity": "20-30",
      "noted": false,
      "rarity": "0.08",
      "rolls": 1
    },
    {
      "id": 2801,
      "name": "clue scroll (medium)",
      "quantity": "1",
      "noted": false,
      "rarity": "0.01",
      "rolls": 1
    },
    {
      "id": 555,
      "name": "water rune",
      "quantity": "20-30",
      "noted": false,
      "rarity": "0.08",
      "rolls": 1
    },
    {
      "id": 557,
      "name": "earth rune",
      "quantity": "20-30",
      "noted": false,
      "rarity": "0.08",
      "rolls": 1
    },
    {
      "id": 554,
      "name": "fire rune",
      "quantity": "20-30",
      "noted": false,
      "rarity": "0.08",
      "rolls": 1
    },
    {
      "id": 558,
      "name": "mind rune",
      "quantity": "20-30",
      "noted": false,
      "rarity": "0.08",
      "rolls": 1
    },
    {
      "id": 559,
      "name": "body rune",
      "quantity": "20-30",
      "noted": false,
      "rarity": "0.08",
      "rolls": 1
    },
    {
      "id": 564,
      "name": "cosmic rune",
      "quantity": "10-15",
      "noted": false,
      "rarity": "0.06",
      "rolls": 1
    },
    {
      "id": 562,
      "name": "chaos rune",
      "quantity": "10-15",
      "noted": false,
      "rarity": "0.06",
      "rolls": 1
    }
  ]
}