{
  "id": 11092,
  "name": "guard",
  "combat_level": 21,
  "size": 1,
  "hitpoints": 22,
  "max_hit": 3,
  "attack_type": ["crush"],
  "attack_speed": 4,
  "aggressive": false,
  "poisonous": false,
  "venomous": false,
  "immune_poison": false,
  "immune_venom": false,
  "attributes": [],
  "category": [],
  "slayer_monster": false,
  "slayer_level": null,
  "slayer_xp": null,
  "slayer_masters": [],
  "attack_level": 19,
  "strength_level": 18,
  "defence_level": 14,
  "magic_level": 1,
  "ranged_level": 1,
  "attack_bonus": 9,
  "strength_bonus": 7,
  "attack_magic": 0,
  "magic_bonus": 0,
  "attack_ranged": 0,
  "ranged_bonus": 0,
  "defence_stab": 24,
  "defence_slash": 14,
  "defence_crush": 19,
  "defence_magic": 4,
  "defence_ranged": 16,
  "drops": [
    {
      "id": 526,
      "name": "bones",
      "quantity": "1",
      "noted": false,
      "rarity": "1.00",
      "rolls": 1
    },
    {
      "id": 561,
      "name": "nature rune",
      "quantity": "1",
      "noted": false,
      "rarity": "0.01",
      "rolls": 1
    },
    {
      "id": 886,
      "name": "steel arrow",
      "quantity": "5",
      "noted": false,
      "rarity": "0.01",
      "rolls": 1
    },
    {
      "id": 5318,
      "name": "potato seed",
      "quantity": "4",
      "noted": false,
      "rarity": "0.05",
      "rolls": 1
    },
    {
      "id": 5319,
      "name": "onion seed",
      "quantity": "4",
      "noted": false,
      "rarity": "0.04",
      "rolls": 1
    },
    {
      "id": 5324,
      "name": "cabbage seed",
      "quantity": "4",
      "noted": false,
      "rarity": "0.03",
      "rolls": 1
    },
    {
      "id": 5322,
      "name": "tomato seed",
      "quantity": "3",
      "noted": false,
      "rarity": "0.01",
      "rolls": 1
    },
    {
      "id": 5320,
      "name": "sweetcorn seed",
      "quantity": "3",
      "noted": false,
      "rarity": "0.01",
      "rolls": 1
    },
    {
      "id": 5323,
      "name": "strawberry seed",
      "quantity": "2",
      "noted": false,
      "rarity": "0.00",
      "rolls": 1
    },
    {
      "id": 5321,
      "name": "watermelon seed",
      "quantity": "2",
      "noted": false,
      "rarity": "0.00",
      "rolls": 1
    },
    {
      "id": 22879,
      "name": "snape grass seed",
      "quantity": "2",
      "noted": false,
      "rarity": "0.00",
      "rolls": 1
    },
    {
      "id": 9140,
      "name": "iron bolts",
      "quantity": "2-12",
      "noted": false,
      "rarity": "0.08",
      "rolls": 1
    },
    {
      "id": 995,
      "name": "coins",
      "quantity": "1",
      "noted": false,
      "rarity": "0.15",
      "rolls": 1
    },
    {
      "id": 995,
      "name": "coins",
      "quantity": "7",
      "noted": false,
      "rarity": "0.13",
      "rolls": 1
    },
    {
      "id": 995,
      "name": "coins",
      "quantity": "5",
      "noted": false,
      "rarity": "0.14",
      "rolls": 1
    },
    {
      "id": 995,
      "name": "coins",
      "quantity": "12",
      "noted": false,
      "rarity": "0.07",
      "rolls": 1
    },
    {
      "id": 995,
      "name": "coins",
      "quantity": "4",
      "noted": false,
      "rarity": "0.06",
      "rolls": 1
    },
    {
      "id": 995,
      "name": "coins",
      "quantity": "25",
      "noted": false,
      "rarity": "0.03",
      "rolls": 1
    },
    {
      "id": 995,
      "name": "coins",
      "quantity": "17",
      "noted": false,
      "rarity": "0.03",
      "rolls": 1
    },
    {
      "id": 995,
      "name": "coins",
      "quantity": "30",
      "noted": false,
      "rarity": "0.02",
      "rolls": 1
    },
    {
      "id": 1203,
      "name": "iron dagger",
      "quantity": "1",
      "noted": false,
      "rarity": "0.05",
      "rolls": 1
    },
    {
      "id": 1446,
      "name": "body talisman",
      "quantity": "1",
      "noted": false,
      "rarity": "0.02",
      "rolls": 1
    },
    {
      "id": 886,
      "name": "steel arrow",
      "quantity": "1",
      "noted": false,
      "rarity": "0.03",
      "rolls": 1
    },
    {
      "id": 1947,
      "name": "grain",
      "quantity": "1",
      "noted": false,
      "rarity": "0.01",
      "rolls": 1
    },
    {
      "id": 440,
      "name": "iron ore",
      "quantity": "1",
      "noted": false,
      "rarity": "0.01",
      "rolls": 1
    },
    {
      "id": 2801,
      "name": "clue scroll (medium)",
      "quantity": "1",
      "noted": false,
      "rarity": "0.01",
      "rolls": 1
    },
    {
      "id": 995,
      "name": "coins",
      "quantity": "30",
      "noted": false,
      "rarity": "1.00",
      "rolls": 1
    },
    {
      "id": 882,
      "name": "bronze arrow",
      "quantity": "1",
      "noted": false,
      "rarity": "0.02",
      "rolls": 1
    },
    {
      "id": 556,
      "name": "air rune",
      "quantity": "6",
      "noted": false,
      "rarity": "0.02",
      "rolls": 1
    },
    {
      "id": 557,
      "name": "earth rune",
      "quantity": "3",
      "noted": false,
      "rarity": "0.02",
      "rolls": 1
    },
    {
      "id": 554,
      "name": "fire rune",
      "quantity": "2",
      "noted": false,
      "rarity": "0.02",
      "rolls": 1
    },
    {
      "id": 565,
      "name": "blood rune",
      "quantity": "1",
      "noted": false,
      "rarity": "0.01",
      "rolls": 1
    },
    {
      "id": 562,
      "name": "chaos rune",
      "quantity": "1",
      "noted": false,
      "rarity": "0.01",
      "rolls": 1
    }
  ]
}