{
  "id": 11110,
  "name": "dark warrior",
  "combat_level": 51,
  "size": 1,
  "hitpoints": 70,
  "max_hit": 5,
  "attack_type": ["slash"],
  "attack_speed": 4,
  "aggressive": true,
  "poisonous": false,
  "venomous": false,
  "immune_poison": false,
  "immune_venom": false,
  "attributes": [],
  "category": ["dark warriors"],
  "slayer_monster": true,
  "slayer_level": 1,
  "slayer_xp": "70.00",
  "slayer_masters": ["krystilia"],
  "attack_level": 40,
  "strength_level": 40,
  "defence_level": 30,
  "magic_level": 15,
  "ranged_level": 1,
  "attack_bonus": 0,
  "strength_bonus": 0,
  "attack_magic": 0,
  "magic_bonus": 0,
  "attack_ranged": 0,
  "ranged_bonus": 0,
  "defence_stab": 10,
  "defence_slash": 20,
  "defence_crush": 40,
  "defence_magic": 0,
  "defence_ranged": 0,
  "drops": [
    {
      "id": 526,
      "name": "bones",
      "quantity": "1",
      "noted": false,
      "rarity": "1.00",
      "rolls": 1
    },
    {
      "id": 1141,
      "name": "steel med helm",
      "quantity": "1",
      "noted": false,
      "rarity": "0.02",
      "rolls": 1
    },
    {
      "id": 1424,
      "name": "steel mace",
      "quantity": "1",
      "noted": false,
      "rarity": "0.01",
      "rolls": 1
    },
    {
      "id": 1151,
      "name": "black med helm",
      "quantity": "1",
      "noted": false,
      "rarity": "0.01",
      "rolls": 1
    },
    {
      "id": 1426,
      "name": "black mace",
      "quantity": "1",
      "noted": false,
      "rarity": "0.01",
      "rolls": 1
    },
    {
      "id": 882,
      "name": "bronze arrow",
      "quantity": "12",
      "noted": false,
      "rarity": "0.03",
      "rolls": 1
    },
    {
      "id": 558,
      "name": "mind rune",
      "quantity": "10",
      "noted": false,
      "rarity": "0.02",
      "rolls": 1
    },
    {
      "id": 555,
      "name": "water rune",
      "quantity": "10",
      "noted": false,
      "rarity": "0.02",
      "rolls": 1
    },
    {
      "id": 561,
      "name": "nature rune",
      "quantity": "8",
      "noted": false,
      "rarity": "0.02",
      "rolls": 1
    },
    {
      "id": 557,
      "name": "earth rune",
      "quantity": "10",
      "noted": false,
      "rarity": "0.01",
      "rolls": 1
    },
    {
      "id": 562,
      "name": "chaos rune",
      "quantity": "8",
      "noted": false,
      "rarity": "0.01",
      "rolls": 1
    },
    {
      "id": 199,
      "name": "grimy guam leaf",
      "quantity": "1",
      "noted": false,
      "rarity": "0.01",
      "rolls": 1
    },
    {
      "id": 201,
      "name": "grimy marrentill",
      "quantity": "1",
      "noted": false,
      "rarity": "0.00",
      "rolls": 1
    },
    {
      "id": 203,
      "name": "grimy tarromin",
      "quantity": "1",
      "noted": false,
      "rarity": "0.00",
      "rolls": 1
    },
    {
      "id": 205,
      "name": "grimy harralander",
      "quantity": "1",
      "noted": false,
      "rarity": "0.00",
      "rolls": 1
    },
    {
      "id": 207,
      "name": "grimy ranarr weed",
      "quantity": "1",
      "noted": false,
      "rarity": "0.00",
      "rolls": 1
    },
    {
      "id": 209,
      "name": "grimy irit leaf",
      "quantity": "1",
      "noted": false,
      "rarity": "0.00",
      "rolls": 1
    },
    {
      "id": 211,
      "name": "grimy avantoe",
      "quantity": "1",
      "noted": false,
      "rarity": "0.00",
      "rolls": 1
    },
    {
      "id": 213,
      "name": "grimy kwuarm",
      "quantity": "1",
      "noted": false,
      "rarity": "0.00",
      "rolls": 1
    },
    {
      "id": 215,
      "name": "grimy cadantine",
      "quantity": "1",
      "noted": false,
      "rarity": "0.00",
      "rolls": 1
    },
    {
      "id": 2485,
      "name": "grimy lantadyme",
      "quantity": "1",
      "noted": false,
      "rarity": "0.00",
      "rolls": 1
    },
    {
      "id": 217,
      "name": "grimy dwarf weed",
      "quantity": "1",
      "noted": false,
      "rarity": "0.00",
      "rolls": 1
    },
    {
      "id": 995,
      "name": "coins",
      "quantity": "50",
      "noted": false,
      "rarity": "0.24",
      "rolls": 1
    },
    {
      "id": 995,
      "name": "coins",
      "quantity": "20",
      "noted": false,
      "rarity": "0.16",
      "rolls": 1
    },
    {
      "id": 995,
      "name": "coins",
      "quantity": "30",
      "noted": false,
      "rarity": "0.16",
      "rolls": 1
    },
    {
      "id": 995,
      "name": "coins",
      "quantity": "10",
      "noted": false,
      "rarity": "0.14",
      "rolls": 1
    },
    {
      "id": 995,
      "name": "coins",
      "quantity": "80",
      "noted": false,
      "rarity": "0.07",
      "rolls": 1
    },
    {
      "id": 995,
      "name": "coins",
      "quantity": "100",
      "noted": false,
      "rarity": "0.05",
      "rolls": 1
    },
    {
      "id": 325,
      "name": "sardine",
      "quantity": "2",
      "noted": false,
      "rarity": "0.01",
      "rolls": 1
    },
    {
      "id": 440,
      "name": "iron ore",
      "quantity": "3",
      "noted": false,
      "rarity": "0.01",
      "rolls": 1
    },
    {
      "id": 2801,
      "name": "clue scroll (medium)",
      "quantity": "1",
      "noted": false,
      "rarity": "0.01",
      "rolls": 1
    }
  ]
}