{
  "id": 11176,
  "name": "spider",
  "combat_level": 123,
  "size": 2,
  "hitpoints": 100,
  "max_hit": 13,
  "attack_type": ["crush"],
  "attack_speed": 4,
  "aggressive": true,
  "poisonous": true,
  "venomous": true,
  "immune_poison": false,
  "immune_venom": false,
  "attributes": [],
  "category": ["spiders"],
  "slayer_monster": true,
  "slayer_level": 1,
  "slayer_xp": "100.00",
  "slayer_masters": [
    "turael",
    "spria"
  ],
  "attack_level": 120,
  "strength_level": 120,
  "defence_level": 80,
  "magic_level": 80,
  "ranged_level": 1,
  "attack_bonus": 0,
  "strength_bonus": 0,
  "attack_magic": 0,
  "magic_bonus": 0,
  "attack_ranged": 0,
  "ranged_bonus": 0,
  "defence_stab": 60,
  "defence_slash": 60,
  "defence_crush": 20,
  "defence_magic": 20,
  "defence_ranged": 180,
  "drops": []
}