{"name":"woman","combat_level":3,"size":1,"hitpoints":10,"max_hit":1,"attack_type":["crush"],"attack_speed":4,"aggressive":false,"poisonous":false,"venomous":false,"immune_poison":false,"immune_venom":false,"attributes":[],"category":[],"slayer_monster":false,"slayer_level":null,"slayer_xp":null,"slayer_masters":[],"attack_level":2,"strength_level":1,"defence_level":1,"magic_level":1,"ranged_level":1,"attack_bonus":0,"strength_bonus":0,"attack_magic":0,"magic_bonus":0,"attack_ranged":0,"ranged_bonus":0,"defence_stab":1,"defence_slash":1,"defence_crush":1,"defence_magic":0,"defence_ranged":0,"drops":[]}