{
  "id": 11192,
  "name": "hespori",
  "combat_level": 302,
  "size": 3,
  "hitpoints": 360,
  "max_hit": 16,
  "attack_type": [
    "ranged",
    "magic"
  ],
  "attack_speed": 6,
  "aggressive": true,
  "poisonous": true,
  "venomous": false,
  "immune_poison": true,
  "immune_venom": true,
  "attributes": [],
  "category": [],
  "slayer_monster": false,
  "slayer_level": null,
  "slayer_xp": null,
  "slayer_masters": [],
  "attack_level": 1,
  "strength_level": 1,
  "defence_level": 120,
  "magic_level": 126,
  "ranged_level": 150,
  "attack_bonus": 0,
  "strength_bonus": 0,
  "attack_magic": 150,
  "magic_bonus": 0,
  "attack_ranged": 150,
  "ranged_bonus": 0,
  "defence_stab": 60,
  "defence_slash": 20,
  "defence_crush": 60,
  "defence_magic": 80,
  "defence_ranged": 80,
  "drops": [
    {
      "id": 22881,
      "quantity": "1-2",
      "noted": false,
      "rarity": "0.33",
      "rolls": 1
    },
    {
      "id": 5105,
      "quantity": "10-16",
      "noted": false,
      "rarity": "0.03",
      "rolls": 1
    },
    {
      "id": 5106,
      "quantity": "8-16",
      "noted": false,
      "rarity": "0.03",
      "rolls": 1
    },
    {
      "id": 5297,
      "quantity": "2-8",
      "noted": false,
      "rarity": "0.04",
      "rolls": 1
    },
    {
      "id": 5298,
      "quantity": "2-5",
      "noted": false,
      "rarity": "0.04",
      "rolls": 1
    },
    {
      "id": 5299,
      "quantity": "2-5",
      "noted": false,
      "rarity": "0.04",
      "rolls": 1
    },
    {
      "id": 5296,
      "quantity": "2-5",
      "noted": false,
      "rarity": "0.04",
      "rolls": 1
    },
    {
      "id": 5301,
      "quantity": "2-5",
      "noted": false,
      "rarity": "0.04",
      "rolls": 1
    },
    {
      "id": 5302,
      "quantity": "2-5",
      "noted": false,
      "rarity": "0.04",
      "rolls": 1
    },
    {
      "id": 5303,
      "quantity": "2-5",
      "noted": false,
      "rarity": "0.04",
      "rolls": 1
    },
    {
      "id": 5295,
      "quantity": "1-2",
      "noted": false,
      "rarity": "0.03",
      "rolls": 1
    },
    {
      "id": 22883,
      "quantity": "1-2",
      "noted": false,
      "rarity": "0.33",
      "rolls": 1
    },
    {
      "id": 5300,
      "quantity": "1",
      "noted": false,
      "rarity": "0.03",
      "rolls": 1
    },
    {
      "id": 5304,
      "quantity": "1",
      "noted": false,
      "rarity": "0.03",
      "rolls": 1
    },
    {
      "id": 5314,
      "quantity": "2-4",
      "noted": false,
      "rarity": "0.05",
      "rolls": 1
    },
    {
      "id": 5313,
      "quantity": "2-5",
      "noted": false,
      "rarity": "0.04",
      "rolls": 1
    },
    {
      "id": 5315,
      "quantity": "1",
      "noted": false,
      "rarity": "0.03",
      "rolls": 1
    },
    {
      "id": 5316,
      "quantity": "1",
      "noted": false,
      "rarity": "0.01",
      "rolls": 1
    },
    {
      "id": 5287,
      "quantity": "3-6",
      "noted": false,
      "rarity": "0.04",
      "rolls": 1
    },
    {
      "id": 5288,
      "quantity": "1-3",
      "noted": false,
      "rarity": "0.04",
      "rolls": 1
    },
    {
      "id": 5289,
      "quantity": "1-3",
      "noted": false,
      "rarity": "0.04",
      "rolls": 1
    },
    {
      "id": 22877,
      "quantity": "1",
      "noted": false,
      "rarity": "0.03",
      "rolls": 1
    },
    {
      "id": 22885,
      "quantity": "1-2",
      "noted": false,
      "rarity": "0.33",
      "rolls": 1
    },
    {
      "id": 21486,
      "quantity": "2-5",
      "noted": false,
      "rarity": "0.05",
      "rolls": 1
    },
    {
      "id": 21488,
      "quantity": "1-3",
      "noted": false,
      "rarity": "0.04",
      "rolls": 1
    },
    {
      "id": 5280,
      "quantity": "4-14",
      "noted": false,
      "rarity": "0.03",
      "rolls": 1
    },
    {
      "id": 22873,
      "quantity": "4-14",
      "noted": false,
      "rarity": "0.03",
      "rolls": 1
    },
    {
      "id": 22869,
      "quantity": "1",
      "noted": false,
      "rarity": "0.03",
      "rolls": 1
    },
    {
      "id": 5317,
      "quantity": "1",
      "noted": false,
      "rarity": "0.01",
      "rolls": 1
    },
    {
      "id": 22871,
      "quantity": "1",
      "noted": false,
      "rarity": "0.01",
      "rolls": 1
    },
    {
      "id": 20661,
      "quantity": "1",
      "noted": false,
      "rarity": "0.00",
      "rolls": 1
    },
    {
      "id": 22994,
      "quantity": "1",
      "noted": false,
      "rarity": "0.03",
      "rolls": 1
    },
    {
      "id": 5321,
      "quantity": "10-20",
      "noted": false,
      "rarity": "0.03",
      "rolls": 1
    },
    {
      "id": 22879,
      "quantity": "6-16",
      "noted": false,
      "rarity": "0.03",
      "rolls": 1
    },
    {
      "id": 22887,
      "quantity": "8-18",
      "noted": false,
      "rarity": "0.06",
      "rolls": 1
    },
    {
      "id": 5100,
      "quantity": "6-14",
      "noted": false,
      "rarity": "0.03",
      "rolls": 1
    },
    {
      "id": 5311,
      "quantity": "10-20",
      "noted": false,
      "rarity": "0.03",
      "rolls": 1
    }
  ]
}