{"name":"hespori","combat_level":302,"size":3,"hitpoints":360,"max_hit":16,"attack_type":["ranged","magic"],"attack_speed":6,"aggressive":true,"poisonous":true,"venomous":false,"immune_poison":true,"immune_venom":true,"attributes":[],"category":[],"slayer_monster":false,"slayer_level":null,"slayer_xp":null,"slayer_masters":[],"attack_level":1,"strength_level":1,"defence_level":120,"magic_level":126,"ranged_level":150,"attack_bonus":0,"strength_bonus":0,"attack_magic":150,"magic_bonus":0,"attack_ranged":150,"ranged_bonus":0,"defence_stab":60,"defence_slash":20,"defence_crush":60,"defence_magic":80,"defence_ranged":80,"drops":[{"id":22881,"name":"attas seed","quantity":"1-2","noted":false,"rarity":"0.33","rolls":1},{"id":5105,"name":"whiteberry seed","quantity":"10-16","noted":false,"rarity":"0.03","rolls":1},{"id":5106,"name":"poison ivy seed","quantity":"8-16","noted":false,"rarity":"0.03","rolls":1},{"id":5297,"name":"irit seed","quantity":"2-8","noted":false,"rarity":"0.04","rolls":1},{"id":5298,"name":"avantoe seed","quantity":"2-5","noted":false,"rarity":"0.04","rolls":1},{"id":5299,"name":"kwuarm seed","quantity":"2-5","noted":false,"rarity":"0.04","rolls":1},{"id":5296,"name":"toadflax seed","quantity":"2-5","noted":false,"rarity":"0.04","rolls":1},{"id":5301,"name":"cadantine seed","quantity":"2-5","noted":false,"rarity":"0.04","rolls":1},{"id":5302,"name":"lantadyme seed","quantity":"2-5","noted":false,"rarity":"0.04","rolls":1},{"id":5303,"name":"dwarf weed seed","quantity":"2-5","noted":false,"rarity":"0.04","rolls":1},{"id":5295,"name":"ranarr seed","quantity":"1-2","noted":false,"rarity":"0.03","rolls":1},{"id":22883,"name":"iasor seed","quantity":"1-2","noted":false,"rarity":"0.33","rolls":1},{"id":5300,"name":"snapdragon seed","quantity":"1","noted":false,"rarity":"0.03","rolls":1},{"id":5304,"name":"torstol seed","quantity":"1","noted":false,"rarity":"0.03","rolls":1},{"id":5314,"name":"maple seed","quantity":"2-4","noted":false,"rarity":"0.05","rolls":1},{"id":5313,"name":"willow seed","quantity":"2-5","noted":false,"rarity":"0.04","rolls":1},{"id":5315,"name":"yew seed","quantity":"1","noted":false,"rarity":"0.03","rolls":1},{"id":5316,"name":"magic seed","quantity":"1","noted":false,"rarity":"0.01","rolls":1},{"id":5287,"name":"pineapple seed","quantity":"3-6","noted":false,"rarity":"0.04","rolls":1},{"id":5288,"name":"papaya tree seed","quantity":"1-3","noted":false,"rarity":"0.04","rolls":1},{"id":5289,"name":"palm tree seed","quantity":"1-3","noted":false,"rarity":"0.04","rolls":1},{"id":22877,"name":"dragonfruit tree seed","quantity":"1","noted":false,"rarity":"0.03","rolls":1},{"id":22885,"name":"kronos seed","quantity":"1-2","noted":false,"rarity":"0.33","rolls":1},{"id":21486,"name":"teak seed","quantity":"2-5","noted":false,"rarity":"0.05","rolls":1},{"id":21488,"name":"mahogany seed","quantity":"1-3","noted":false,"rarity":"0.04","rolls":1},{"id":5280,"name":"cactus seed","quantity":"4-14","noted":false,"rarity":"0.03","rolls":1},{"id":22873,"name":"potato cactus seed","quantity":"4-14","noted":false,"rarity":"0.03","rolls":1},{"id":22869,"name":"celastrus seed","quantity":"1","noted":false,"rarity":"0.03","rolls":1},{"id":5317,"name":"spirit seed","quantity":"1","noted":false,"rarity":"0.01","rolls":1},{"id":22871,"name":"redwood tree seed","quantity":"1","noted":false,"rarity":"0.01","rolls":1},{"id":20661,"name":"tangleroot","quantity":"1","noted":false,"rarity":"0.00","rolls":1},{"id":22994,"name":"bottomless compost bucket","quantity":"1","noted":false,"rarity":"0.03","rolls":1},{"id":5321,"name":"watermelon seed","quantity":"10-20","noted":false,"rarity":"0.03","rolls":1},{"id":22879,"name":"snape grass seed","quantity":"6-16","noted":false,"rarity":"0.03","rolls":1},{"id":22887,"name":"white lily seed","quantity":"8-18","noted":false,"rarity":"0.06","rolls":1},{"id":5100,"name":"limpwurt seed","quantity":"6-14","noted":false,"rarity":"0.03","rolls":1},{"id":5311,"name":"wildblood seed","quantity":"10-20","noted":false,"rarity":"0.03","rolls":1}]}