{"name":"wild dog","combat_level":63,"size":1,"hitpoints":62,"max_hit":6,"attack_type":["stab"],"attack_speed":4,"aggressive":false,"poisonous":false,"venomous":false,"immune_poison":false,"immune_venom":false,"attributes":[],"category":["dogs"],"slayer_monster":true,"slayer_level":1,"slayer_xp":"62.00","slayer_masters":["turael","spria","mazchna"],"attack_level":53,"strength_level":54,"defence_level":54,"magic_level":1,"ranged_level":1,"attack_bonus":0,"strength_bonus":0,"attack_magic":0,"magic_bonus":0,"attack_ranged":0,"ranged_bonus":0,"defence_stab":0,"defence_slash":0,"defence_crush":0,"defence_magic":0,"defence_ranged":0,"drops":[{"id":526,"name":"bones","quantity":"1","noted":false,"rarity":"1.00","rolls":1},{"id":13468,"name":"ensouled dog head","quantity":"1","noted":false,"rarity":"0.04","rolls":1}]}