{
  "id": 11239,
  "name": "abyssal demon",
  "combat_level": 124,
  "size": 1,
  "hitpoints": 150,
  "max_hit": 8,
  "attack_type": ["stab"],
  "attack_speed": 4,
  "aggressive": false,
  "poisonous": false,
  "venomous": false,
  "immune_poison": false,
  "immune_venom": false,
  "attributes": ["demon"],
  "category": ["abyssal demons"],
  "slayer_monster": true,
  "slayer_level": 85,
  "slayer_xp": "150.00",
  "slayer_masters": [
    "vannaka",
    "chaeldar",
    "konar",
    "nieve",
    "duradel",
    "krystilia"
  ],
  "attack_level": 97,
  "strength_level": 67,
  "defence_level": 135,
  "magic_level": 1,
  "ranged_level": 1,
  "attack_bonus": 0,
  "strength_bonus": 0,
  "attack_magic": 0,
  "magic_bonus": 0,
  "attack_ranged": 0,
  "ranged_bonus": 0,
  "defence_stab": 20,
  "defence_slash": 20,
  "defence_crush": 20,
  "defence_magic": 0,
  "defence_ranged": 20,
  "drops": []
}