{
  "id": 11238,
  "name": "dust devil",
  "combat_level": 93,
  "size": 1,
  "hitpoints": 105,
  "max_hit": 8,
  "attack_type": [
    "melee",
    "ranged"
  ],
  "attack_speed": 4,
  "aggressive": false,
  "poisonous": false,
  "venomous": false,
  "immune_poison": false,
  "immune_venom": false,
  "attributes": [],
  "category": ["dust devils"],
  "slayer_monster": true,
  "slayer_level": 65,
  "slayer_xp": "105.00",
  "slayer_masters": [
    "krystilia",
    "vannaka",
    "chaeldar",
    "konar",
    "nieve",
    "duradel",
    "krystilia"
  ],
  "attack_level": 105,
  "strength_level": 70,
  "defence_level": 40,
  "magic_level": 1,
  "ranged_level": 1,
  "attack_bonus": 0,
  "strength_bonus": 0,
  "attack_magic": 0,
  "magic_bonus": 0,
  "attack_ranged": 0,
  "ranged_bonus": 0,
  "defence_stab": 0,
  "defence_slash": 0,
  "defence_crush": 0,
  "defence_magic": 0,
  "defence_ranged": 0,
  "drops": []
}