{
  "id": 11246,
  "name": "revenant maledictus",
  "combat_level": 397,
  "size": 5,
  "hitpoints": 1250,
  "max_hit": 30,
  "attack_type": [
    "ranged",
    "magic"
  ],
  "attack_speed": 5,
  "aggressive": true,
  "poisonous": false,
  "venomous": false,
  "immune_poison": true,
  "immune_venom": true,
  "attributes": [
    "spectral",
    "undead"
  ],
  "category": [
    "revenants",
    "ghosts"
  ],
  "slayer_monster": true,
  "slayer_level": 1,
  "slayer_xp": "920.00",
  "slayer_masters": [
    "turael",
    "spria",
    "krystilia",
    "mazchna"
  ],
  "attack_level": 106,
  "strength_level": 126,
  "defence_level": 90,
  "magic_level": 130,
  "ranged_level": 130,
  "attack_bonus": 72,
  "strength_bonus": 78,
  "attack_magic": 60,
  "magic_bonus": 60,
  "attack_ranged": 265,
  "ranged_bonus": 60,
  "defence_stab": 201,
  "defence_slash": 206,
  "defence_crush": 188,
  "defence_magic": 101,
  "defence_ranged": 231,
  "drops": []
}