{
  "id": 11240,
  "name": "greater nechryael",
  "combat_level": 200,
  "size": 1,
  "hitpoints": 205,
  "max_hit": 21,
  "attack_type": ["crush"],
  "attack_speed": 4,
  "aggressive": false,
  "poisonous": false,
  "venomous": false,
  "immune_poison": false,
  "immune_venom": false,
  "attributes": ["demon"],
  "category": ["nechryael"],
  "slayer_monster": true,
  "slayer_level": 80,
  "slayer_xp": "210.00",
  "slayer_masters": [
    "krystilia",
    "vannaka",
    "chaeldar",
    "konar",
    "nieve",
    "duradel"
  ],
  "attack_level": 197,
  "strength_level": 197,
  "defence_level": 85,
  "magic_level": 1,
  "ranged_level": 1,
  "attack_bonus": 0,
  "strength_bonus": 0,
  "attack_magic": 0,
  "magic_bonus": 0,
  "attack_ranged": 0,
  "ranged_bonus": 0,
  "defence_stab": 50,
  "defence_slash": 50,
  "defence_crush": 50,
  "defence_magic": 0,
  "defence_ranged": 50,
  "drops": []
}