{
  "id": 11268,
  "name": "skoblin",
  "combat_level": 29,
  "size": 1,
  "hitpoints": 30,
  "max_hit": 5,
  "attack_type": ["slash"],
  "attack_speed": 4,
  "aggressive": true,
  "poisonous": false,
  "venomous": false,
  "immune_poison": true,
  "immune_venom": true,
  "attributes": [],
  "category": [],
  "slayer_monster": false,
  "slayer_level": null,
  "slayer_xp": null,
  "slayer_masters": [],
  "attack_level": 15,
  "strength_level": 20,
  "defence_level": 10,
  "magic_level": 10,
  "ranged_level": 1,
  "attack_bonus": 30,
  "strength_bonus": 36,
  "attack_magic": 0,
  "magic_bonus": 0,
  "attack_ranged": 0,
  "ranged_bonus": 0,
  "defence_stab": 10,
  "defence_slash": 10,
  "defence_crush": 5,
  "defence_magic": 5,
  "defence_ranged": 20,
  "drops": []
}