{"name":"barrelchest (hard)","combat_level":380,"size":3,"hitpoints":255,"max_hit":61,"attack_type":["crush","ranged"],"attack_speed":5,"aggressive":true,"poisonous":false,"venomous":false,"immune_poison":false,"immune_venom":false,"attributes":[],"category":[],"slayer_monster":false,"slayer_level":null,"slayer_xp":null,"slayer_masters":[],"attack_level":306,"strength_level":261,"defence_level":140,"magic_level":162,"ranged_level":1,"attack_bonus":80,"strength_bonus":80,"attack_magic":0,"magic_bonus":0,"attack_ranged":0,"ranged_bonus":0,"defence_stab":0,"defence_slash":0,"defence_crush":0,"defence_magic":0,"defence_ranged":0,"drops":[]}