{
  "id": 11271,
  "name": "mosschin",
  "combat_level": 88,
  "size": 1,
  "hitpoints": 120,
  "max_hit": 10,
  "attack_type": [
    "melee",
    "magic"
  ],
  "attack_speed": 4,
  "aggressive": true,
  "poisonous": false,
  "venomous": false,
  "immune_poison": true,
  "immune_venom": true,
  "attributes": [],
  "category": [],
  "slayer_monster": false,
  "slayer_level": null,
  "slayer_xp": null,
  "slayer_masters": [],
  "attack_level": 50,
  "strength_level": 50,
  "defence_level": 50,
  "magic_level": 50,
  "ranged_level": 1,
  "attack_bonus": 34,
  "strength_bonus": 40,
  "attack_magic": 34,
  "magic_bonus": 40,
  "attack_ranged": 0,
  "ranged_bonus": 0,
  "defence_stab": 10,
  "defence_slash": 10,
  "defence_crush": 5,
  "defence_magic": 5,
  "defence_ranged": 20,
  "drops": []
}