{"name":"giant scarab (hard)","combat_level":316,"size":3,"hitpoints":255,"max_hit":35,"attack_type":["stab","ranged"],"attack_speed":4,"aggressive":true,"poisonous":true,"venomous":false,"immune_poison":true,"immune_venom":true,"attributes":[],"category":["scabarites"],"slayer_monster":true,"slayer_level":1,"slayer_xp":"280.50","slayer_masters":["nieve"],"attack_level":305,"strength_level":342,"defence_level":169,"magic_level":1,"ranged_level":342,"attack_bonus":0,"strength_bonus":0,"attack_magic":0,"magic_bonus":0,"attack_ranged":0,"ranged_bonus":0,"defence_stab":70,"defence_slash":99,"defence_crush":99,"defence_magic":159,"defence_ranged":149,"drops":[{"id":10581,"name":"keris","quantity":"1","noted":false,"rarity":"1.00","rolls":1}]}