{
  "id": 11270,
  "name": "snailfeet",
  "combat_level": 56,
  "size": 1,
  "hitpoints": 80,
  "max_hit": 6,
  "attack_type": [
    "melee",
    "ranged"
  ],
  "attack_speed": 4,
  "aggressive": true,
  "poisonous": false,
  "venomous": false,
  "immune_poison": true,
  "immune_venom": true,
  "attributes": [],
  "category": [],
  "slayer_monster": false,
  "slayer_level": null,
  "slayer_xp": null,
  "slayer_masters": [],
  "attack_level": 30,
  "strength_level": 30,
  "defence_level": 30,
  "magic_level": 30,
  "ranged_level": 30,
  "attack_bonus": 32,
  "strength_bonus": 36,
  "attack_magic": 0,
  "magic_bonus": 0,
  "attack_ranged": 32,
  "ranged_bonus": 36,
  "defence_stab": 10,
  "defence_slash": 10,
  "defence_crush": 5,
  "defence_magic": 5,
  "defence_ranged": 20,
  "drops": []
}