{
  "id": 11278,
  "name": "nex",
  "combat_level": 1001,
  "size": 3,
  "hitpoints": 3400,
  "max_hit": 33,
  "attack_type": [
    "melee",
    "ranged",
    "magic"
  ],
  "attack_speed": 4,
  "aggressive": true,
  "poisonous": true,
  "venomous": false,
  "immune_poison": true,
  "immune_venom": true,
  "attributes": [],
  "category": [],
  "slayer_monster": false,
  "slayer_level": null,
  "slayer_xp": null,
  "slayer_masters": [],
  "attack_level": 315,
  "strength_level": 200,
  "defence_level": 260,
  "magic_level": 230,
  "ranged_level": 350,
  "attack_bonus": 200,
  "strength_bonus": 20,
  "attack_magic": 100,
  "magic_bonus": 22,
  "attack_ranged": 150,
  "ranged_bonus": 5,
  "defence_stab": 40,
  "defence_slash": 140,
  "defence_crush": 60,
  "defence_magic": 300,
  "defence_ranged": 190,
  "drops": []
}