{
  "id": 11273,
  "name": "strongbones",
  "combat_level": 184,
  "size": 1,
  "hitpoints": 200,
  "max_hit": 18,
  "attack_type": [
    "melee",
    "ranged",
    "magic"
  ],
  "attack_speed": 4,
  "aggressive": true,
  "poisonous": false,
  "venomous": false,
  "immune_poison": true,
  "immune_venom": true,
  "attributes": [],
  "category": [],
  "slayer_monster": false,
  "slayer_level": null,
  "slayer_xp": null,
  "slayer_masters": [],
  "attack_level": 90,
  "strength_level": 90,
  "defence_level": 90,
  "magic_level": 90,
  "ranged_level": 90,
  "attack_bonus": 38,
  "strength_bonus": 50,
  "attack_magic": 38,
  "magic_bonus": 50,
  "attack_ranged": 38,
  "ranged_bonus": 50,
  "defence_stab": 10,
  "defence_slash": 10,
  "defence_crush": 5,
  "defence_magic": 5,
  "defence_ranged": 20,
  "drops": []
}