{"name":"dessous (hard)","combat_level":217,"size":1,"hitpoints":255,"max_hit":37,"attack_type":["crush","ranged","magic"],"attack_speed":3,"aggressive":true,"poisonous":false,"venomous":false,"immune_poison":true,"immune_venom":true,"attributes":["vampyre"],"category":["vampyres"],"slayer_monster":true,"slayer_level":1,"slayer_xp":"300.00","slayer_masters":["mazchna","vannaka"],"attack_level":198,"strength_level":198,"defence_level":99,"magic_level":1,"ranged_level":1,"attack_bonus":50,"strength_bonus":50,"attack_magic":0,"magic_bonus":0,"attack_ranged":0,"ranged_bonus":0,"defence_stab":10,"defence_slash":150,"defence_crush":150,"defence_magic":0,"defence_ranged":0,"drops":[{"id":3325,"name":"vampyre dust","quantity":"1","noted":false,"rarity":"1.00","rolls":1}]}