{
  "id": 11286,
  "name": "glacies",
  "combat_level": 285,
  "size": 1,
  "hitpoints": 500,
  "max_hit": 29,
  "attack_type": ["magic"],
  "attack_speed": 5,
  "aggressive": true,
  "poisonous": false,
  "venomous": false,
  "immune_poison": true,
  "immune_venom": true,
  "attributes": [],
  "category": [],
  "slayer_monster": false,
  "slayer_level": null,
  "slayer_xp": null,
  "slayer_masters": [],
  "attack_level": 1,
  "strength_level": 1,
  "defence_level": 200,
  "magic_level": 200,
  "ranged_level": 1,
  "attack_bonus": 0,
  "strength_bonus": 0,
  "attack_magic": 0,
  "magic_bonus": 25,
  "attack_ranged": 0,
  "ranged_bonus": 0,
  "defence_stab": 100,
  "defence_slash": 100,
  "defence_crush": 25,
  "defence_magic": 150,
  "defence_ranged": 50,
  "drops": []
}