{"name":"kamil (hard)","combat_level":273,"size":1,"hitpoints":255,"max_hit":43,"attack_type":["melee","magic"],"attack_speed":4,"aggressive":true,"poisonous":false,"venomous":false,"immune_poison":false,"immune_venom":false,"attributes":[],"category":["ice warriors"],"slayer_monster":false,"slayer_level":null,"slayer_xp":null,"slayer_masters":[],"attack_level":380,"strength_level":160,"defence_level":135,"magic_level":1,"ranged_level":1,"attack_bonus":60,"strength_bonus":100,"attack_magic":0,"magic_bonus":0,"attack_ranged":0,"ranged_bonus":0,"defence_stab":35,"defence_slash":60,"defence_crush":35,"defence_magic":0,"defence_ranged":0,"drops":[{"id":1897,"name":"chocolate cake","quantity":"1\u002c2","noted":false,"rarity":"1.00","rolls":1},{"id":3024,"name":"super restore(4)","quantity":"1","noted":false,"rarity":"1.00","rolls":1}]}