{
  "id": 11290,
  "name": "spiritual warrior",
  "combat_level": 158,
  "size": 1,
  "hitpoints": 100,
  "max_hit": 20,
  "attack_type": ["crush"],
  "attack_speed": 5,
  "aggressive": false,
  "poisonous": false,
  "venomous": false,
  "immune_poison": false,
  "immune_venom": false,
  "attributes": ["spectral"],
  "category": ["spiritual creatures"],
  "slayer_monster": true,
  "slayer_level": 68,
  "slayer_xp": "105.00",
  "slayer_masters": [
    "krystilia",
    "vannaka",
    "chaeldar",
    "nieve",
    "duradel"
  ],
  "attack_level": 190,
  "strength_level": 190,
  "defence_level": 100,
  "magic_level": 50,
  "ranged_level": 1,
  "attack_bonus": 0,
  "strength_bonus": 0,
  "attack_magic": 0,
  "magic_bonus": 0,
  "attack_ranged": 110,
  "ranged_bonus": 0,
  "defence_stab": 100,
  "defence_slash": 100,
  "defence_crush": 80,
  "defence_magic": 0,
  "defence_ranged": 250,
  "drops": []
}