{
  "id": 11294,
  "name": "blood reaver",
  "combat_level": 161,
  "size": 2,
  "hitpoints": 150,
  "max_hit": 20,
  "attack_type": ["magic"],
  "attack_speed": 5,
  "aggressive": true,
  "poisonous": false,
  "venomous": false,
  "immune_poison": false,
  "immune_venom": false,
  "attributes": ["demon"],
  "category": [],
  "slayer_monster": false,
  "slayer_level": null,
  "slayer_xp": null,
  "slayer_masters": [],
  "attack_level": 1,
  "strength_level": 1,
  "defence_level": 100,
  "magic_level": 190,
  "ranged_level": 1,
  "attack_bonus": 0,
  "strength_bonus": 0,
  "attack_magic": 0,
  "magic_bonus": 0,
  "attack_ranged": 0,
  "ranged_bonus": 0,
  "defence_stab": 20,
  "defence_slash": 80,
  "defence_crush": 120,
  "defence_magic": 300,
  "defence_ranged": 55,
  "drops": []
}