{
  "id": 11291,
  "name": "spiritual ranger",
  "combat_level": 158,
  "size": 1,
  "hitpoints": 110,
  "max_hit": 20,
  "attack_type": ["ranged"],
  "attack_speed": 5,
  "aggressive": false,
  "poisonous": false,
  "venomous": false,
  "immune_poison": false,
  "immune_venom": false,
  "attributes": ["spectral"],
  "category": ["spiritual creatures"],
  "slayer_monster": true,
  "slayer_level": 63,
  "slayer_xp": "110.00",
  "slayer_masters": [
    "krystilia",
    "vannaka",
    "chaeldar",
    "nieve",
    "duradel"
  ],
  "attack_level": 1,
  "strength_level": 1,
  "defence_level": 100,
  "magic_level": 100,
  "ranged_level": 190,
  "attack_bonus": 0,
  "strength_bonus": 0,
  "attack_magic": 0,
  "magic_bonus": 0,
  "attack_ranged": 0,
  "ranged_bonus": 0,
  "defence_stab": 20,
  "defence_slash": 0,
  "defence_crush": 20,
  "defence_magic": 300,
  "defence_ranged": 50,
  "drops": []
}