{"name":"damis (hard)","combat_level":200,"size":1,"hitpoints":198,"max_hit":47,"attack_type":["crush"],"attack_speed":4,"aggressive":true,"poisonous":false,"venomous":false,"immune_poison":false,"immune_venom":false,"attributes":[],"category":[],"slayer_monster":false,"slayer_level":null,"slayer_xp":null,"slayer_masters":[],"attack_level":198,"strength_level":198,"defence_level":90,"magic_level":1,"ranged_level":1,"attack_bonus":0,"strength_bonus":80,"attack_magic":0,"magic_bonus":0,"attack_ranged":0,"ranged_bonus":0,"defence_stab":60,"defence_slash":60,"defence_crush":60,"defence_magic":60,"defence_ranged":60,"drops":[{"id":4673,"name":"shadow diamond","quantity":"1","noted":false,"rarity":"1.00","rolls":1}]}