{"name":"damis (hard)","combat_level":272,"size":1,"hitpoints":255,"max_hit":54,"attack_type":["crush"],"attack_speed":3,"aggressive":true,"poisonous":false,"venomous":false,"immune_poison":false,"immune_venom":false,"attributes":[],"category":[],"slayer_monster":false,"slayer_level":null,"slayer_xp":null,"slayer_masters":[],"attack_level":320,"strength_level":200,"defence_level":160,"magic_level":1,"ranged_level":1,"attack_bonus":0,"strength_bonus":100,"attack_magic":0,"magic_bonus":0,"attack_ranged":0,"ranged_bonus":0,"defence_stab":100,"defence_slash":100,"defence_crush":100,"defence_magic":80,"defence_ranged":120,"drops":[{"id":4673,"name":"shadow diamond","quantity":"1","noted":false,"rarity":"1.00","rolls":1}]}