{
  "id": 114,
  "name": "guard dog",
  "combat_level": 44,
  "size": 1,
  "hitpoints": 49,
  "max_hit": 5,
  "attack_type": ["crush"],
  "attack_speed": 4,
  "aggressive": false,
  "poisonous": false,
  "venomous": false,
  "immune_poison": false,
  "immune_venom": false,
  "attributes": [],
  "category": ["dogs"],
  "slayer_monster": true,
  "slayer_level": 1,
  "slayer_xp": "49.00",
  "slayer_masters": [
    "turael",
    "spria",
    "mazchna"
  ],
  "attack_level": 35,
  "strength_level": 36,
  "defence_level": 37,
  "magic_level": 1,
  "ranged_level": 1,
  "attack_bonus": 0,
  "strength_bonus": 0,
  "attack_magic": 0,
  "magic_bonus": 0,
  "attack_ranged": 0,
  "ranged_bonus": 0,
  "defence_stab": 0,
  "defence_slash": 0,
  "defence_crush": 0,
  "defence_magic": 0,
  "defence_ranged": 0,
  "drops": [
    {
      "id": 526,
      "name": "bones",
      "quantity": "1",
      "noted": false,
      "rarity": "1.00",
      "rolls": 1
    },
    {
      "id": 13468,
      "name": "ensouled dog head",
      "quantity": "1",
      "noted": false,
      "rarity": "0.04",
      "rolls": 1
    }
  ]
}