{"name":"paladin","combat_level":59,"size":1,"hitpoints":66,"max_hit":8,"attack_type":["slash"],"attack_speed":5,"aggressive":false,"poisonous":false,"venomous":false,"immune_poison":false,"immune_venom":false,"attributes":[],"category":[],"slayer_monster":false,"slayer_level":null,"slayer_xp":null,"slayer_masters":[],"attack_level":54,"strength_level":54,"defence_level":54,"magic_level":1,"ranged_level":1,"attack_bonus":20,"strength_bonus":22,"attack_magic":0,"magic_bonus":0,"attack_ranged":0,"ranged_bonus":0,"defence_stab":87,"defence_slash":84,"defence_crush":76,"defence_magic":-10,"defence_ranged":79,"drops":[{"id":1623,"name":"uncut sapphire","quantity":"1","noted":false,"rarity":"0.00","rolls":1},{"id":1621,"name":"uncut emerald","quantity":"1","noted":false,"rarity":"0.00","rolls":1},{"id":1619,"name":"uncut ruby","quantity":"1","noted":false,"rarity":"0.00","rolls":1},{"id":1452,"name":"chaos talisman","quantity":"1","noted":false,"rarity":"0.00","rolls":1},{"id":1462,"name":"nature talisman","quantity":"1","noted":false,"rarity":"0.00","rolls":1},{"id":1617,"name":"uncut diamond","quantity":"1","noted":false,"rarity":"0.00","rolls":1},{"id":830,"name":"rune javelin","quantity":"5","noted":false,"rarity":"0.00","rolls":1},{"id":987,"name":"loop half of key","quantity":"1","noted":false,"rarity":"0.00","rolls":1},{"id":985,"name":"tooth half of key","quantity":"1","noted":false,"rarity":"0.00","rolls":1},{"id":1247,"name":"rune spear","quantity":"1","noted":false,"rarity":"0.00","rolls":1},{"id":2366,"name":"shield left half","quantity":"1","noted":false,"rarity":"0.00","rolls":1},{"id":1249,"name":"dragon spear","quantity":"1","noted":false,"rarity":"0.00","rolls":1},{"id":526,"name":"bones","quantity":"1","noted":false,"rarity":"1.00","rolls":1},{"id":199,"name":"grimy guam leaf","quantity":"1","noted":false,"rarity":"0.02","rolls":1},{"id":201,"name":"grimy marrentill","quantity":"1","noted":false,"rarity":"0.01","rolls":1},{"id":203,"name":"grimy tarromin","quantity":"1","noted":false,"rarity":"0.01","rolls":1},{"id":205,"name":"grimy harralander","quantity":"1","noted":false,"rarity":"0.01","rolls":1},{"id":207,"name":"grimy ranarr weed","quantity":"1","noted":false,"rarity":"0.01","rolls":1},{"id":209,"name":"grimy irit leaf","quantity":"1","noted":false,"rarity":"0.00","rolls":1},{"id":211,"name":"grimy avantoe","quantity":"1","noted":false,"rarity":"0.00","rolls":1},{"id":213,"name":"grimy kwuarm","quantity":"1","noted":false,"rarity":"0.00","rolls":1},{"id":215,"name":"grimy cadantine","quantity":"1","noted":false,"rarity":"0.00","rolls":1},{"id":2485,"name":"grimy lantadyme","quantity":"1","noted":false,"rarity":"0.00","rolls":1},{"id":1281,"name":"steel sword","quantity":"1","noted":false,"rarity":"0.02","rolls":1},{"id":217,"name":"grimy dwarf weed","quantity":"1","noted":false,"rarity":"0.00","rolls":1},{"id":995,"name":"coins","quantity":"48","noted":false,"rarity":"0.31","rolls":1},{"id":995,"name":"coins","quantity":"15","noted":false,"rarity":"0.15","rolls":1},{"id":995,"name":"coins","quantity":"2","noted":false,"rarity":"0.13","rolls":1},{"id":995,"name":"coins","quantity":"8","noted":false,"rarity":"0.08","rolls":1},{"id":995,"name":"coins","quantity":"120","noted":false,"rarity":"0.02","rolls":1},{"id":1295,"name":"steel longsword","quantity":"1","noted":false,"rarity":"0.01","rolls":1},{"id":2801,"name":"clue scroll (medium)","quantity":"1","noted":false,"rarity":"0.01","rolls":1},{"id":995,"name":"coins","quantity":"80","noted":false,"rarity":"1.00","rolls":1},{"id":562,"name":"chaos rune","quantity":"2","noted":false,"rarity":"1.00","rolls":1},{"id":1157,"name":"steel full helm","quantity":"1","noted":false,"rarity":"0.01","rolls":1},{"id":555,"name":"water rune","quantity":"30","noted":false,"rarity":"0.10","rolls":1},{"id":565,"name":"blood rune","quantity":"1","noted":false,"rarity":"0.01","rolls":1},{"id":2351,"name":"iron bar","quantity":"1","noted":false,"rarity":"0.07","rolls":1},{"id":2359,"name":"mithril bar","quantity":"1","noted":false,"rarity":"0.01","rolls":1},{"id":2353,"name":"steel bar","quantity":"1","noted":false,"rarity":"0.01","rolls":1}]}