{
  "id": 1144,
  "name": "paladin",
  "combat_level": 59,
  "size": 1,
  "hitpoints": 57,
  "max_hit": 8,
  "attack_type": ["slash"],
  "attack_speed": 5,
  "aggressive": false,
  "poisonous": false,
  "venomous": false,
  "immune_poison": false,
  "immune_venom": false,
  "attributes": [],
  "category": [],
  "slayer_monster": false,
  "slayer_level": null,
  "slayer_xp": null,
  "slayer_masters": [],
  "attack_level": 54,
  "strength_level": 54,
  "defence_level": 54,
  "magic_level": 1,
  "ranged_level": 1,
  "attack_bonus": 20,
  "strength_bonus": 22,
  "attack_magic": 0,
  "magic_bonus": 0,
  "attack_ranged": 0,
  "ranged_bonus": 0,
  "defence_stab": 87,
  "defence_slash": 84,
  "defence_crush": 76,
  "defence_magic": -10,
  "defence_ranged": 79,
  "drops": [
    {
      "id": 1623,
      "quantity": "1",
      "noted": false,
      "rarity": "0.00",
      "rolls": 1
    },
    {
      "id": 1621,
      "quantity": "1",
      "noted": false,
      "rarity": "0.00",
      "rolls": 1
    },
    {
      "id": 1619,
      "quantity": "1",
      "noted": false,
      "rarity": "0.00",
      "rolls": 1
    },
    {
      "id": 1452,
      "quantity": "1",
      "noted": false,
      "rarity": "0.00",
      "rolls": 1
    },
    {
      "id": 1462,
      "quantity": "1",
      "noted": false,
      "rarity": "0.00",
      "rolls": 1
    },
    {
      "id": 1617,
      "quantity": "1",
      "noted": false,
      "rarity": "0.00",
      "rolls": 1
    },
    {
      "id": 830,
      "quantity": "5",
      "noted": false,
      "rarity": "0.00",
      "rolls": 1
    },
    {
      "id": 987,
      "quantity": "1",
      "noted": false,
      "rarity": "0.00",
      "rolls": 1
    },
    {
      "id": 985,
      "quantity": "1",
      "noted": false,
      "rarity": "0.00",
      "rolls": 1
    },
    {
      "id": 1247,
      "quantity": "1",
      "noted": false,
      "rarity": "0.00",
      "rolls": 1
    },
    {
      "id": 2366,
      "quantity": "1",
      "noted": false,
      "rarity": "0.00",
      "rolls": 1
    },
    {
      "id": 1249,
      "quantity": "1",
      "noted": false,
      "rarity": "0.00",
      "rolls": 1
    },
    {
      "id": 526,
      "quantity": "1",
      "noted": false,
      "rarity": "1.00",
      "rolls": 1
    },
    {
      "id": 199,
      "quantity": "1",
      "noted": false,
      "rarity": "0.02",
      "rolls": 1
    },
    {
      "id": 201,
      "quantity": "1",
      "noted": false,
      "rarity": "0.01",
      "rolls": 1
    },
    {
      "id": 203,
      "quantity": "1",
      "noted": false,
      "rarity": "0.01",
      "rolls": 1
    },
    {
      "id": 205,
      "quantity": "1",
      "noted": false,
      "rarity": "0.01",
      "rolls": 1
    },
    {
      "id": 207,
      "quantity": "1",
      "noted": false,
      "rarity": "0.01",
      "rolls": 1
    },
    {
      "id": 209,
      "quantity": "1",
      "noted": false,
      "rarity": "0.00",
      "rolls": 1
    },
    {
      "id": 211,
      "quantity": "1",
      "noted": false,
      "rarity": "0.00",
      "rolls": 1
    },
    {
      "id": 213,
      "quantity": "1",
      "noted": false,
      "rarity": "0.00",
      "rolls": 1
    },
    {
      "id": 215,
      "quantity": "1",
      "noted": false,
      "rarity": "0.00",
      "rolls": 1
    },
    {
      "id": 2485,
      "quantity": "1",
      "noted": false,
      "rarity": "0.00",
      "rolls": 1
    },
    {
      "id": 1281,
      "quantity": "1",
      "noted": false,
      "rarity": "0.02",
      "rolls": 1
    },
    {
      "id": 217,
      "quantity": "1",
      "noted": false,
      "rarity": "0.00",
      "rolls": 1
    },
    {
      "id": 995,
      "quantity": "48",
      "noted": false,
      "rarity": "0.31",
      "rolls": 1
    },
    {
      "id": 995,
      "quantity": "15",
      "noted": false,
      "rarity": "0.15",
      "rolls": 1
    },
    {
      "id": 995,
      "quantity": "2",
      "noted": false,
      "rarity": "0.13",
      "rolls": 1
    },
    {
      "id": 995,
      "quantity": "8",
      "noted": false,
      "rarity": "0.08",
      "rolls": 1
    },
    {
      "id": 995,
      "quantity": "120",
      "noted": false,
      "rarity": "0.02",
      "rolls": 1
    },
    {
      "id": 1295,
      "quantity": "1",
      "noted": false,
      "rarity": "0.01",
      "rolls": 1
    },
    {
      "id": 2801,
      "quantity": "1",
      "noted": false,
      "rarity": "0.01",
      "rolls": 1
    },
    {
      "id": 995,
      "quantity": "80",
      "noted": false,
      "rarity": "1.00",
      "rolls": 1
    },
    {
      "id": 562,
      "quantity": "2",
      "noted": false,
      "rarity": "1.00",
      "rolls": 1
    },
    {
      "id": 1157,
      "quantity": "1",
      "noted": false,
      "rarity": "0.01",
      "rolls": 1
    },
    {
      "id": 555,
      "quantity": "30",
      "noted": false,
      "rarity": "0.10",
      "rolls": 1
    },
    {
      "id": 565,
      "quantity": "1",
      "noted": false,
      "rarity": "0.01",
      "rolls": 1
    },
    {
      "id": 2351,
      "quantity": "1",
      "noted": false,
      "rarity": "0.07",
      "rolls": 1
    },
    {
      "id": 2359,
      "quantity": "1",
      "noted": false,
      "rarity": "0.01",
      "rolls": 1
    },
    {
      "id": 2353,
      "quantity": "1",
      "noted": false,
      "rarity": "0.01",
      "rolls": 1
    }
  ]
}