{
  "id": 11462,
  "name": "menaphite shadow",
  "combat_level": 147,
  "size": 1,
  "hitpoints": 50,
  "max_hit": 22,
  "attack_type": [
    "ranged",
    "magic"
  ],
  "attack_speed": 4,
  "aggressive": true,
  "poisonous": false,
  "venomous": false,
  "immune_poison": true,
  "immune_venom": true,
  "attributes": [],
  "category": [],
  "slayer_monster": false,
  "slayer_level": null,
  "slayer_xp": null,
  "slayer_masters": [],
  "attack_level": 150,
  "strength_level": 150,
  "defence_level": 70,
  "magic_level": 150,
  "ranged_level": 150,
  "attack_bonus": 46,
  "strength_bonus": 24,
  "attack_magic": 46,
  "magic_bonus": 0,
  "attack_ranged": 46,
  "ranged_bonus": 0,
  "defence_stab": 5,
  "defence_slash": 30,
  "defence_crush": 30,
  "defence_magic": 280,
  "defence_ranged": 180,
  "drops": []
}