{
  "id": 11463,
  "name": "reanimated hellhound",
  "combat_level": 0,
  "size": 2,
  "hitpoints": 35,
  "max_hit": 11,
  "attack_type": ["melee"],
  "attack_speed": 4,
  "aggressive": true,
  "poisonous": false,
  "venomous": false,
  "immune_poison": false,
  "immune_venom": false,
  "attributes": ["demon"],
  "category": ["hellhounds"],
  "slayer_monster": true,
  "slayer_level": 1,
  "slayer_xp": "35.00",
  "slayer_masters": [
    "krystilia",
    "vannaka",
    "chaeldar",
    "konar",
    "nieve",
    "duradel"
  ],
  "attack_level": 105,
  "strength_level": 104,
  "defence_level": 102,
  "magic_level": 1,
  "ranged_level": 1,
  "attack_bonus": 0,
  "strength_bonus": 0,
  "attack_magic": 0,
  "magic_bonus": 0,
  "attack_ranged": 0,
  "ranged_bonus": 0,
  "defence_stab": 0,
  "defence_slash": 0,
  "defence_crush": 0,
  "defence_magic": 0,
  "defence_ranged": 0,
  "drops": []
}