{
  "id": 11483,
  "name": "champion of scabaras",
  "combat_level": 379,
  "size": 1,
  "hitpoints": 600,
  "max_hit": 24,
  "attack_type": [
    "melee",
    "magic"
  ],
  "attack_speed": 4,
  "aggressive": true,
  "poisonous": false,
  "venomous": false,
  "immune_poison": true,
  "immune_venom": true,
  "attributes": [],
  "category": [],
  "slayer_monster": false,
  "slayer_level": null,
  "slayer_xp": null,
  "slayer_masters": [],
  "attack_level": 160,
  "strength_level": 160,
  "defence_level": 160,
  "magic_level": 160,
  "ranged_level": 0,
  "attack_bonus": 28,
  "strength_bonus": 26,
  "attack_magic": 28,
  "magic_bonus": 26,
  "attack_ranged": 0,
  "ranged_bonus": 0,
  "defence_stab": 120,
  "defence_slash": 160,
  "defence_crush": 160,
  "defence_magic": 340,
  "defence_ranged": 5,
  "drops": []
}