{
  "id": 11484,
  "name": "scarab swarm",
  "combat_level": 98,
  "size": 1,
  "hitpoints": 5,
  "max_hit": 1,
  "attack_type": ["slash"],
  "attack_speed": 1,
  "aggressive": true,
  "poisonous": true,
  "venomous": false,
  "immune_poison": true,
  "immune_venom": true,
  "attributes": [],
  "category": [],
  "slayer_monster": false,
  "slayer_level": null,
  "slayer_xp": null,
  "slayer_masters": [],
  "attack_level": 255,
  "strength_level": 5,
  "defence_level": 2,
  "magic_level": 1,
  "ranged_level": 1,
  "attack_bonus": 0,
  "strength_bonus": 0,
  "attack_magic": 0,
  "magic_bonus": 0,
  "attack_ranged": 0,
  "ranged_bonus": 0,
  "defence_stab": -100,
  "defence_slash": -100,
  "defence_crush": -100,
  "defence_magic": -100,
  "defence_ranged": -100,
  "drops": []
}