{
  "id": 11508,
  "name": "scarab mage",
  "combat_level": 119,
  "size": 1,
  "hitpoints": 120,
  "max_hit": 16,
  "attack_type": ["magic"],
  "attack_speed": 5,
  "aggressive": true,
  "poisonous": false,
  "venomous": false,
  "immune_poison": false,
  "immune_venom": false,
  "attributes": ["kalphite"],
  "category": ["scabarites"],
  "slayer_monster": true,
  "slayer_level": 1,
  "slayer_xp": "51.20",
  "slayer_masters": ["nieve"],
  "attack_level": 1,
  "strength_level": 1,
  "defence_level": 60,
  "magic_level": 100,
  "ranged_level": 1,
  "attack_bonus": 0,
  "strength_bonus": 0,
  "attack_magic": 30,
  "magic_bonus": 30,
  "attack_ranged": 0,
  "ranged_bonus": 0,
  "defence_stab": 0,
  "defence_slash": 20,
  "defence_crush": 20,
  "defence_magic": 30,
  "defence_ranged": 0,
  "drops": []
}