{
  "id": 11529,
  "name": "head menaphite guard",
  "combat_level": 174,
  "size": 1,
  "hitpoints": 180,
  "max_hit": 16,
  "attack_type": ["stab"],
  "attack_speed": 4,
  "aggressive": true,
  "poisonous": false,
  "venomous": false,
  "immune_poison": false,
  "immune_venom": false,
  "attributes": [],
  "category": [],
  "slayer_monster": false,
  "slayer_level": null,
  "slayer_xp": null,
  "slayer_masters": [],
  "attack_level": 180,
  "strength_level": 150,
  "defence_level": 150,
  "magic_level": 150,
  "ranged_level": 1,
  "attack_bonus": 0,
  "strength_bonus": 0,
  "attack_magic": 0,
  "magic_bonus": 0,
  "attack_ranged": 0,
  "ranged_bonus": 0,
  "defence_stab": 10,
  "defence_slash": 30,
  "defence_crush": 30,
  "defence_magic": 0,
  "defence_ranged": 50,
  "drops": []
}