{"name":"ogre","combat_level":63,"size":2,"hitpoints":60,"max_hit":7,"attack_type":["crush"],"attack_speed":4,"aggressive":true,"poisonous":false,"venomous":false,"immune_poison":false,"immune_venom":false,"attributes":[],"category":["ogres"],"slayer_monster":true,"slayer_level":1,"slayer_xp":"60.00","slayer_masters":["vannaka"],"attack_level":54,"strength_level":54,"defence_level":54,"magic_level":1,"ranged_level":1,"attack_bonus":8,"strength_bonus":6,"attack_magic":0,"magic_bonus":0,"attack_ranged":0,"ranged_bonus":0,"defence_stab":19,"defence_slash":23,"defence_crush":24,"defence_magic":0,"defence_ranged":0,"drops":[{"id":532,"name":"big bones","quantity":"1","noted":false,"rarity":"1.00","rolls":1},{"id":22879,"name":"snape grass seed","quantity":"1","noted":false,"rarity":"0.01","rolls":1},{"id":5295,"name":"ranarr seed","quantity":"1","noted":false,"rarity":"0.01","rolls":1},{"id":5105,"name":"whiteberry seed","quantity":"1","noted":false,"rarity":"0.00","rolls":1},{"id":5282,"name":"mushroom spore","quantity":"1","noted":false,"rarity":"0.00","rolls":1},{"id":5296,"name":"toadflax seed","quantity":"1","noted":false,"rarity":"0.00","rolls":1},{"id":5281,"name":"belladonna seed","quantity":"1","noted":false,"rarity":"0.00","rolls":1},{"id":5297,"name":"irit seed","quantity":"1","noted":false,"rarity":"0.00","rolls":1},{"id":5106,"name":"poison ivy seed","quantity":"1","noted":false,"rarity":"0.00","rolls":1},{"id":5298,"name":"avantoe seed","quantity":"1","noted":false,"rarity":"0.00","rolls":1},{"id":5280,"name":"cactus seed","quantity":"1","noted":false,"rarity":"0.00","rolls":1},{"id":5100,"name":"limpwurt seed","quantity":"1","noted":false,"rarity":"0.02","rolls":1},{"id":5299,"name":"kwuarm seed","quantity":"1","noted":false,"rarity":"0.00","rolls":1},{"id":22873,"name":"potato cactus seed","quantity":"1","noted":false,"rarity":"0.00","rolls":1},{"id":5300,"name":"snapdragon seed","quantity":"1","noted":false,"rarity":"0.00","rolls":1},{"id":5301,"name":"cadantine seed","quantity":"1","noted":false,"rarity":"0.00","rolls":1},{"id":5302,"name":"lantadyme seed","quantity":"1","noted":false,"rarity":"0.00","rolls":1},{"id":5303,"name":"dwarf weed seed","quantity":"1","noted":false,"rarity":"0.00","rolls":1},{"id":5304,"name":"torstol seed","quantity":"1","noted":false,"rarity":"0.00","rolls":1},{"id":11941,"name":"looting bag","quantity":"1","noted":false,"rarity":"0.33","rolls":1},{"id":7842,"name":"ogre ribs","quantity":"1","noted":false,"rarity":"0.25","rolls":1},{"id":13477,"name":"ensouled ogre head","quantity":"1","noted":false,"rarity":"0.03","rolls":1},{"id":5323,"name":"strawberry seed","quantity":"1","noted":false,"rarity":"0.02","rolls":1},{"id":11942,"name":"ecumenical key","quantity":"1","noted":false,"rarity":"0.02","rolls":1},{"id":10976,"name":"long bone","quantity":"1","noted":false,"rarity":"0.00","rolls":1},{"id":10977,"name":"curved bone","quantity":"1","noted":false,"rarity":"0.00","rolls":1},{"id":5292,"name":"marrentill seed","quantity":"1","noted":false,"rarity":"0.02","rolls":1},{"id":5104,"name":"jangerberry seed","quantity":"1","noted":false,"rarity":"0.01","rolls":1},{"id":5293,"name":"tarromin seed","quantity":"1","noted":false,"rarity":"0.01","rolls":1},{"id":5311,"name":"wildblood seed","quantity":"1","noted":false,"rarity":"0.01","rolls":1},{"id":5321,"name":"watermelon seed","quantity":"1","noted":false,"rarity":"0.01","rolls":1},{"id":5294,"name":"harralander seed","quantity":"1","noted":false,"rarity":"0.01","rolls":1}]}