{
  "id": 11709,
  "name": "baboon brawler",
  "combat_level": 56,
  "size": 1,
  "hitpoints": 4,
  "max_hit": 5,
  "attack_type": ["crush"],
  "attack_speed": 4,
  "aggressive": true,
  "poisonous": false,
  "venomous": false,
  "immune_poison": true,
  "immune_venom": true,
  "attributes": [],
  "category": [],
  "slayer_monster": false,
  "slayer_level": null,
  "slayer_xp": null,
  "slayer_masters": [],
  "attack_level": 40,
  "strength_level": 40,
  "defence_level": 12,
  "magic_level": 40,
  "ranged_level": 40,
  "attack_bonus": 20,
  "strength_bonus": 0,
  "attack_magic": 20,
  "magic_bonus": 0,
  "attack_ranged": 20,
  "ranged_bonus": 0,
  "defence_stab": 900,
  "defence_slash": 900,
  "defence_crush": 900,
  "defence_magic": -60,
  "defence_ranged": 900,
  "drops": []
}