{
  "id": 11716,
  "name": "volatile baboon",
  "combat_level": 72,
  "size": 1,
  "hitpoints": 8,
  "max_hit": 7,
  "attack_type": [],
  "attack_speed": 4,
  "aggressive": true,
  "poisonous": false,
  "venomous": false,
  "immune_poison": true,
  "immune_venom": true,
  "attributes": [],
  "category": [],
  "slayer_monster": false,
  "slayer_level": null,
  "slayer_xp": null,
  "slayer_masters": [],
  "attack_level": 60,
  "strength_level": 60,
  "defence_level": 20,
  "magic_level": 60,
  "ranged_level": 60,
  "attack_bonus": 25,
  "strength_bonus": 0,
  "attack_magic": 25,
  "magic_bonus": 0,
  "attack_ranged": 25,
  "ranged_bonus": 0,
  "defence_stab": 900,
  "defence_slash": 900,
  "defence_crush": 900,
  "defence_magic": -60,
  "defence_ranged": -50,
  "drops": []
}