{
  "id": 11715,
  "name": "baboon shaman",
  "combat_level": 74,
  "size": 1,
  "hitpoints": 16,
  "max_hit": 7,
  "attack_type": ["magic"],
  "attack_speed": 8,
  "aggressive": true,
  "poisonous": false,
  "venomous": false,
  "immune_poison": false,
  "immune_venom": false,
  "attributes": [],
  "category": [],
  "slayer_monster": false,
  "slayer_level": null,
  "slayer_xp": null,
  "slayer_masters": [],
  "attack_level": 60,
  "strength_level": 60,
  "defence_level": 20,
  "magic_level": 60,
  "ranged_level": 60,
  "attack_bonus": 25,
  "strength_bonus": 0,
  "attack_magic": 25,
  "magic_bonus": 0,
  "attack_ranged": 25,
  "ranged_bonus": 0,
  "defence_stab": 900,
  "defence_slash": 900,
  "defence_crush": 900,
  "defence_magic": 900,
  "defence_ranged": -50,
  "drops": []
}