{
  "id": 11719,
  "name": "kephri",
  "combat_level": 341,
  "size": 5,
  "hitpoints": 80,
  "max_hit": 24,
  "attack_type": ["magic"],
  "attack_speed": 6,
  "aggressive": true,
  "poisonous": false,
  "venomous": false,
  "immune_poison": true,
  "immune_venom": true,
  "attributes": ["kalphite"],
  "category": [],
  "slayer_monster": false,
  "slayer_level": null,
  "slayer_xp": null,
  "slayer_masters": [],
  "attack_level": 0,
  "strength_level": 0,
  "defence_level": 80,
  "magic_level": 125,
  "ranged_level": 0,
  "attack_bonus": 0,
  "strength_bonus": 0,
  "attack_magic": 125,
  "magic_bonus": 50,
  "attack_ranged": 0,
  "ranged_bonus": 0,
  "defence_stab": 60,
  "defence_slash": 300,
  "defence_crush": 100,
  "defence_magic": 200,
  "defence_ranged": 300,
  "drops": []
}