{
  "id": 11727,
  "name": "agile scarab",
  "combat_level": 53,
  "size": 1,
  "hitpoints": 30,
  "max_hit": 5,
  "attack_type": ["ranged"],
  "attack_speed": 4,
  "aggressive": true,
  "poisonous": false,
  "venomous": false,
  "immune_poison": true,
  "immune_venom": true,
  "attributes": ["kalphite"],
  "category": [],
  "slayer_monster": false,
  "slayer_level": null,
  "slayer_xp": null,
  "slayer_masters": [],
  "attack_level": 60,
  "strength_level": 20,
  "defence_level": 5,
  "magic_level": 30,
  "ranged_level": 40,
  "attack_bonus": 0,
  "strength_bonus": 25,
  "attack_magic": 150,
  "magic_bonus": 25,
  "attack_ranged": 150,
  "ranged_bonus": 5,
  "defence_stab": 0,
  "defence_slash": 0,
  "defence_crush": 0,
  "defence_magic": 0,
  "defence_ranged": 0,
  "drops": []
}