{
  "id": 11726,
  "name": "arcane scarab",
  "combat_level": 89,
  "size": 3,
  "hitpoints": 40,
  "max_hit": 22,
  "attack_type": ["magic"],
  "attack_speed": 6,
  "aggressive": true,
  "poisonous": false,
  "venomous": false,
  "immune_poison": true,
  "immune_venom": true,
  "attributes": ["kalphite"],
  "category": [],
  "slayer_monster": false,
  "slayer_level": null,
  "slayer_xp": null,
  "slayer_masters": [],
  "attack_level": 75,
  "strength_level": 80,
  "defence_level": 80,
  "magic_level": 100,
  "ranged_level": 95,
  "attack_bonus": 0,
  "strength_bonus": 55,
  "attack_magic": 250,
  "magic_bonus": 65,
  "attack_ranged": 350,
  "ranged_bonus": 0,
  "defence_stab": 15,
  "defence_slash": 250,
  "defence_crush": 30,
  "defence_magic": 75,
  "defence_ranged": 50,
  "drops": []
}