{
  "id": 11730,
  "name": "zebak",
  "combat_level": 371,
  "size": 9,
  "hitpoints": 580,
  "max_hit": 38,
  "attack_type": [
    "melee",
    "ranged",
    "magic"
  ],
  "attack_speed": 7,
  "aggressive": true,
  "poisonous": false,
  "venomous": false,
  "immune_poison": true,
  "immune_venom": true,
  "attributes": [],
  "category": [],
  "slayer_monster": false,
  "slayer_level": null,
  "slayer_xp": null,
  "slayer_masters": [],
  "attack_level": 250,
  "strength_level": 140,
  "defence_level": 70,
  "magic_level": 100,
  "ranged_level": 120,
  "attack_bonus": 160,
  "strength_bonus": 100,
  "attack_magic": 215,
  "magic_bonus": 30,
  "attack_ranged": 220,
  "ranged_bonus": 16,
  "defence_stab": 160,
  "defence_slash": 160,
  "defence_crush": 260,
  "defence_magic": 200,
  "defence_ranged": 110,
  "drops": []
}