{
  "id": 1173,
  "name": "chicken",
  "combat_level": 1,
  "size": 1,
  "hitpoints": 3,
  "max_hit": 0,
  "attack_type": ["stab"],
  "attack_speed": 4,
  "aggressive": false,
  "poisonous": false,
  "venomous": false,
  "immune_poison": true,
  "immune_venom": true,
  "attributes": [],
  "category": ["birds"],
  "slayer_monster": true,
  "slayer_level": 1,
  "slayer_xp": "3.00",
  "slayer_masters": [
    "turael",
    "spria"
  ],
  "attack_level": 1,
  "strength_level": 1,
  "defence_level": 1,
  "magic_level": 1,
  "ranged_level": 1,
  "attack_bonus": -47,
  "strength_bonus": -42,
  "attack_magic": 0,
  "magic_bonus": 0,
  "attack_ranged": 0,
  "ranged_bonus": 0,
  "defence_stab": -42,
  "defence_slash": -42,
  "defence_crush": -42,
  "defence_magic": -42,
  "defence_ranged": -42,
  "drops": [
    {
      "id": 526,
      "name": "bones",
      "quantity": "1",
      "noted": false,
      "rarity": "1.00",
      "rolls": 1
    },
    {
      "id": 2138,
      "name": "raw chicken",
      "quantity": "1",
      "noted": false,
      "rarity": "1.00",
      "rolls": 1
    },
    {
      "id": 314,
      "name": "feather",
      "quantity": "5",
      "noted": false,
      "rarity": "0.50",
      "rolls": 1
    },
    {
      "id": 314,
      "name": "feather",
      "quantity": "15",
      "noted": false,
      "rarity": "0.25",
      "rolls": 1
    },
    {
      "id": 23182,
      "name": "clue scroll (beginner)",
      "quantity": "1",
      "noted": false,
      "rarity": "0.00",
      "rolls": 1
    }
  ]
}