{
  "id": 11761,
  "name": "elidinis' warden",
  "combat_level": 544,
  "size": 5,
  "hitpoints": 140,
  "max_hit": 20,
  "attack_type": [
    "melee",
    "ranged",
    "magic"
  ],
  "attack_speed": 7,
  "aggressive": true,
  "poisonous": false,
  "venomous": false,
  "immune_poison": true,
  "immune_venom": true,
  "attributes": [],
  "category": [],
  "slayer_monster": false,
  "slayer_level": null,
  "slayer_xp": null,
  "slayer_masters": [],
  "attack_level": 300,
  "strength_level": 150,
  "defence_level": 100,
  "magic_level": 190,
  "ranged_level": 190,
  "attack_bonus": 0,
  "strength_bonus": 10,
  "attack_magic": 225,
  "magic_bonus": 0,
  "attack_ranged": 225,
  "ranged_bonus": 0,
  "defence_stab": 70,
  "defence_slash": 70,
  "defence_crush": 70,
  "defence_magic": -30,
  "defence_ranged": 70,
  "drops": []
}