{
  "id": 11778,
  "name": "ba-ba",
  "combat_level": 359,
  "size": 5,
  "hitpoints": 380,
  "max_hit": 24,
  "attack_type": [
    "melee",
    "ranged"
  ],
  "attack_speed": 6,
  "aggressive": true,
  "poisonous": false,
  "venomous": false,
  "immune_poison": true,
  "immune_venom": true,
  "attributes": [],
  "category": [],
  "slayer_monster": false,
  "slayer_level": null,
  "slayer_xp": null,
  "slayer_masters": [],
  "attack_level": 150,
  "strength_level": 160,
  "defence_level": 80,
  "magic_level": 100,
  "ranged_level": 0,
  "attack_bonus": 0,
  "strength_bonus": 26,
  "attack_magic": 0,
  "magic_bonus": 0,
  "attack_ranged": 0,
  "ranged_bonus": 0,
  "defence_stab": 80,
  "defence_slash": 160,
  "defence_crush": 240,
  "defence_magic": 280,
  "defence_ranged": 200,
  "drops": []
}