{
  "id": 11789,
  "name": "akkha",
  "combat_level": 337,
  "size": 3,
  "hitpoints": 400,
  "max_hit": 55,
  "attack_type": [
    "melee",
    "ranged",
    "magic"
  ],
  "attack_speed": 6,
  "aggressive": true,
  "poisonous": false,
  "venomous": false,
  "immune_poison": true,
  "immune_venom": true,
  "attributes": [],
  "category": [],
  "slayer_monster": false,
  "slayer_level": null,
  "slayer_xp": null,
  "slayer_masters": [],
  "attack_level": 100,
  "strength_level": 140,
  "defence_level": 80,
  "magic_level": 100,
  "ranged_level": 100,
  "attack_bonus": 115,
  "strength_bonus": 30,
  "attack_magic": 115,
  "magic_bonus": 40,
  "attack_ranged": 115,
  "ranged_bonus": 40,
  "defence_stab": 60,
  "defence_slash": 120,
  "defence_crush": 120,
  "defence_magic": 10,
  "defence_ranged": 60,
  "drops": []
}