{
  "id": 11781,
  "name": "baboon",
  "combat_level": 77,
  "size": 1,
  "hitpoints": 35,
  "max_hit": 1,
  "attack_type": ["ranged"],
  "attack_speed": 4,
  "aggressive": true,
  "poisonous": false,
  "venomous": false,
  "immune_poison": true,
  "immune_venom": true,
  "attributes": [],
  "category": [],
  "slayer_monster": false,
  "slayer_level": null,
  "slayer_xp": null,
  "slayer_masters": [],
  "attack_level": 0,
  "strength_level": 0,
  "defence_level": 50,
  "magic_level": 50,
  "ranged_level": 80,
  "attack_bonus": 0,
  "strength_bonus": 0,
  "attack_magic": 0,
  "magic_bonus": 0,
  "attack_ranged": 80,
  "ranged_bonus": 20,
  "defence_stab": 10,
  "defence_slash": 50,
  "defence_crush": 50,
  "defence_magic": 50,
  "defence_ranged": 50,
  "drops": []
}