{
  "id": 11927,
  "name": "warrior",
  "combat_level": 24,
  "size": 1,
  "hitpoints": 20,
  "max_hit": 3,
  "attack_type": ["stab"],
  "attack_speed": 4,
  "aggressive": false,
  "poisonous": false,
  "venomous": false,
  "immune_poison": false,
  "immune_venom": false,
  "attributes": [],
  "category": [],
  "slayer_monster": false,
  "slayer_level": null,
  "slayer_xp": null,
  "slayer_masters": [],
  "attack_level": 22,
  "strength_level": 22,
  "defence_level": 22,
  "magic_level": 1,
  "ranged_level": 1,
  "attack_bonus": 6,
  "strength_bonus": 7,
  "attack_magic": 6,
  "magic_bonus": 0,
  "attack_ranged": 6,
  "ranged_bonus": 0,
  "defence_stab": 40,
  "defence_slash": 41,
  "defence_crush": 37,
  "defence_magic": -10,
  "defence_ranged": 38,
  "drops": []
}