{
  "id": 11920,
  "name": "farmer",
  "combat_level": 7,
  "size": 1,
  "hitpoints": 12,
  "max_hit": 1,
  "attack_type": ["stab"],
  "attack_speed": 6,
  "aggressive": false,
  "poisonous": false,
  "venomous": false,
  "immune_poison": false,
  "immune_venom": false,
  "attributes": [],
  "category": [],
  "slayer_monster": false,
  "slayer_level": null,
  "slayer_xp": null,
  "slayer_masters": [],
  "attack_level": 3,
  "strength_level": 4,
  "defence_level": 8,
  "magic_level": 1,
  "ranged_level": 1,
  "attack_bonus": 5,
  "strength_bonus": 6,
  "attack_magic": 0,
  "magic_bonus": 0,
  "attack_ranged": 0,
  "ranged_bonus": 0,
  "defence_stab": 0,
  "defence_slash": 0,
  "defence_crush": 0,
  "defence_magic": 0,
  "defence_ranged": 0,
  "drops": []
}