{
  "id": 11933,
  "name": "paladin",
  "combat_level": 62,
  "size": 1,
  "hitpoints": 57,
  "max_hit": 8,
  "attack_type": ["slash"],
  "attack_speed": 5,
  "aggressive": false,
  "poisonous": false,
  "venomous": false,
  "immune_poison": false,
  "immune_venom": false,
  "attributes": [],
  "category": [],
  "slayer_monster": false,
  "slayer_level": null,
  "slayer_xp": null,
  "slayer_masters": [],
  "attack_level": 54,
  "strength_level": 54,
  "defence_level": 54,
  "magic_level": 1,
  "ranged_level": 1,
  "attack_bonus": 20,
  "strength_bonus": 22,
  "attack_magic": 0,
  "magic_bonus": 0,
  "attack_ranged": 0,
  "ranged_bonus": 0,
  "defence_stab": 87,
  "defence_slash": 84,
  "defence_crush": 76,
  "defence_magic": -10,
  "defence_ranged": 79,
  "drops": []
}