{
  "id": 11936,
  "name": "knight of ardougne",
  "combat_level": 46,
  "size": 1,
  "hitpoints": 52,
  "max_hit": 6,
  "attack_type": ["slash"],
  "attack_speed": 5,
  "aggressive": false,
  "poisonous": false,
  "venomous": false,
  "immune_poison": false,
  "immune_venom": false,
  "attributes": [],
  "category": [],
  "slayer_monster": false,
  "slayer_level": null,
  "slayer_xp": null,
  "slayer_masters": [],
  "attack_level": 38,
  "strength_level": 40,
  "defence_level": 31,
  "magic_level": 1,
  "ranged_level": 1,
  "attack_bonus": 8,
  "strength_bonus": 10,
  "attack_magic": 0,
  "magic_bonus": 0,
  "attack_ranged": 0,
  "ranged_bonus": 0,
  "defence_stab": 39,
  "defence_slash": 40,
  "defence_crush": 36,
  "defence_magic": -11,
  "defence_ranged": 36,
  "drops": []
}