{
  "id": 11948,
  "name": "white knight",
  "combat_level": 36,
  "size": 1,
  "hitpoints": 52,
  "max_hit": 6,
  "attack_type": ["slash"],
  "attack_speed": 7,
  "aggressive": false,
  "poisonous": false,
  "venomous": false,
  "immune_poison": false,
  "immune_venom": false,
  "attributes": [],
  "category": [],
  "slayer_monster": false,
  "slayer_level": null,
  "slayer_xp": null,
  "slayer_masters": [],
  "attack_level": 27,
  "strength_level": 29,
  "defence_level": 21,
  "magic_level": 1,
  "ranged_level": 1,
  "attack_bonus": 30,
  "strength_bonus": 31,
  "attack_magic": 0,
  "magic_bonus": 0,
  "attack_ranged": 0,
  "ranged_bonus": 0,
  "defence_stab": 83,
  "defence_slash": 76,
  "defence_crush": 70,
  "defence_magic": -11,
  "defence_ranged": 74,
  "drops": []
}