{
  "id": 11955,
  "name": "tribeswoman",
  "combat_level": 32,
  "size": 1,
  "hitpoints": 39,
  "max_hit": 4,
  "attack_type": ["stab"],
  "attack_speed": 4,
  "aggressive": true,
  "poisonous": true,
  "venomous": false,
  "immune_poison": false,
  "immune_venom": false,
  "attributes": [],
  "category": [],
  "slayer_monster": false,
  "slayer_level": null,
  "slayer_xp": null,
  "slayer_masters": [],
  "attack_level": 23,
  "strength_level": 27,
  "defence_level": 26,
  "magic_level": 1,
  "ranged_level": 1,
  "attack_bonus": 8,
  "strength_bonus": 5,
  "attack_magic": 0,
  "magic_bonus": 0,
  "attack_ranged": 0,
  "ranged_bonus": 0,
  "defence_stab": 4,
  "defence_slash": 6,
  "defence_crush": 6,
  "defence_magic": 0,
  "defence_ranged": 0,
  "drops": []
}