{
  "id": 11989,
  "name": "grizzly bear",
  "combat_level": 83,
  "size": 2,
  "hitpoints": 75,
  "max_hit": 8,
  "attack_type": ["slash"],
  "attack_speed": 4,
  "aggressive": true,
  "poisonous": false,
  "venomous": false,
  "immune_poison": false,
  "immune_venom": false,
  "attributes": [],
  "category": ["bears"],
  "slayer_monster": true,
  "slayer_level": 1,
  "slayer_xp": "75.00",
  "slayer_masters": [
    "turael",
    "spria",
    "krystilia",
    "mazchna"
  ],
  "attack_level": 72,
  "strength_level": 72,
  "defence_level": 72,
  "magic_level": 1,
  "ranged_level": 1,
  "attack_bonus": 0,
  "strength_bonus": 0,
  "attack_magic": 0,
  "magic_bonus": 0,
  "attack_ranged": 0,
  "ranged_bonus": 0,
  "defence_stab": 0,
  "defence_slash": 0,
  "defence_crush": 0,
  "defence_magic": 0,
  "defence_ranged": 0,
  "drops": []
}