{
  "id": 11994,
  "name": "calvar'ion",
  "combat_level": 264,
  "size": 3,
  "hitpoints": 150,
  "max_hit": 26,
  "attack_type": [
    "slash",
    "magic"
  ],
  "attack_speed": 4,
  "aggressive": true,
  "poisonous": false,
  "venomous": false,
  "immune_poison": false,
  "immune_venom": false,
  "attributes": ["undead"],
  "category": [
    "skeletons",
    "bosses"
  ],
  "slayer_monster": true,
  "slayer_level": 1,
  "slayer_xp": "322.50",
  "slayer_masters": [
    "turael",
    "spria",
    "krystilia",
    "mazchna",
    "konar",
    "nieve",
    "duradel"
  ],
  "attack_level": 250,
  "strength_level": 250,
  "defence_level": 225,
  "magic_level": 178,
  "ranged_level": 1,
  "attack_bonus": 0,
  "strength_bonus": 0,
  "attack_magic": 0,
  "magic_bonus": 0,
  "attack_ranged": 0,
  "ranged_bonus": 0,
  "defence_stab": 130,
  "defence_slash": 128,
  "defence_crush": -10,
  "defence_magic": 198,
  "defence_ranged": 211,
  "drops": []
}