{
  "id": 11992,
  "name": "artio",
  "combat_level": 320,
  "size": 3,
  "hitpoints": 450,
  "max_hit": 35,
  "attack_type": [
    "crush",
    "ranged",
    "magic"
  ],
  "attack_speed": 5,
  "aggressive": true,
  "poisonous": false,
  "venomous": false,
  "immune_poison": false,
  "immune_venom": false,
  "attributes": [],
  "category": [
    "bears",
    "bosses"
  ],
  "slayer_monster": true,
  "slayer_level": 1,
  "slayer_xp": "518.00",
  "slayer_masters": [
    "turael",
    "spria",
    "krystilia",
    "mazchna",
    "konar",
    "nieve",
    "duradel"
  ],
  "attack_level": 250,
  "strength_level": 270,
  "defence_level": 150,
  "magic_level": 90,
  "ranged_level": 120,
  "attack_bonus": 0,
  "strength_bonus": 0,
  "attack_magic": 0,
  "magic_bonus": 0,
  "attack_ranged": 60,
  "ranged_bonus": 18,
  "defence_stab": 125,
  "defence_slash": 110,
  "defence_crush": 110,
  "defence_magic": 0,
  "defence_ranged": 40,
  "drops": []
}