{
  "id": 12047,
  "name": "evelot",
  "combat_level": 148,
  "size": 1,
  "hitpoints": 160,
  "max_hit": 34,
  "attack_type": ["crush"],
  "attack_speed": 4,
  "aggressive": true,
  "poisonous": false,
  "venomous": false,
  "immune_poison": true,
  "immune_venom": true,
  "attributes": [],
  "category": [],
  "slayer_monster": false,
  "slayer_level": null,
  "slayer_xp": null,
  "slayer_masters": [],
  "attack_level": 160,
  "strength_level": 150,
  "defence_level": 120,
  "magic_level": 80,
  "ranged_level": 0,
  "attack_bonus": 30,
  "strength_bonus": 10,
  "attack_magic": 0,
  "magic_bonus": 0,
  "attack_ranged": 0,
  "ranged_bonus": 0,
  "defence_stab": 70,
  "defence_slash": 60,
  "defence_crush": 40,
  "defence_magic": 0,
  "defence_ranged": 40,
  "drops": []
}