{
  "id": 12073,
  "name": "strange creature",
  "combat_level": 368,
  "size": 5,
  "hitpoints": 550,
  "max_hit": 32,
  "attack_type": [
    "ranged",
    "magic"
  ],
  "attack_speed": 6,
  "aggressive": true,
  "poisonous": false,
  "venomous": false,
  "immune_poison": true,
  "immune_venom": true,
  "attributes": [],
  "category": [],
  "slayer_monster": false,
  "slayer_level": null,
  "slayer_xp": null,
  "slayer_masters": [],
  "attack_level": 280,
  "strength_level": 280,
  "defence_level": 200,
  "magic_level": 150,
  "ranged_level": 280,
  "attack_bonus": 60,
  "strength_bonus": -10,
  "attack_magic": 90,
  "magic_bonus": 66,
  "attack_ranged": 0,
  "ranged_bonus": -10,
  "defence_stab": 110,
  "defence_slash": 90,
  "defence_crush": 80,
  "defence_magic": 280,
  "defence_ranged": 0,
  "drops": []
}