{
  "id": 12080,
  "name": "phantom muspah",
  "combat_level": 741,
  "size": 5,
  "hitpoints": 850,
  "max_hit": 72,
  "attack_type": [
    "ranged",
    "magic"
  ],
  "attack_speed": 5,
  "aggressive": true,
  "poisonous": false,
  "venomous": false,
  "immune_poison": true,
  "immune_venom": true,
  "attributes": ["spectral"],
  "category": ["bosses"],
  "slayer_monster": true,
  "slayer_level": 1,
  "slayer_xp": "1763.70",
  "slayer_masters": [
    "konar",
    "nieve",
    "duradel"
  ],
  "attack_level": 280,
  "strength_level": 280,
  "defence_level": 200,
  "magic_level": 179,
  "ranged_level": 335,
  "attack_bonus": 393,
  "strength_bonus": 11,
  "attack_magic": 280,
  "magic_bonus": 180,
  "attack_ranged": 64,
  "ranged_bonus": 6,
  "defence_stab": 185,
  "defence_slash": 134,
  "defence_crush": 120,
  "defence_magic": 437,
  "defence_ranged": 56,
  "drops": []
}