{
  "id": 12093,
  "name": "alomone",
  "combat_level": 13,
  "size": 1,
  "hitpoints": 25,
  "max_hit": 2,
  "attack_type": ["crush"],
  "attack_speed": 4,
  "aggressive": false,
  "poisonous": false,
  "venomous": false,
  "immune_poison": false,
  "immune_venom": false,
  "attributes": [],
  "category": [],
  "slayer_monster": false,
  "slayer_level": null,
  "slayer_xp": null,
  "slayer_masters": [],
  "attack_level": 10,
  "strength_level": 10,
  "defence_level": 4,
  "magic_level": 1,
  "ranged_level": 1,
  "attack_bonus": 0,
  "strength_bonus": 0,
  "attack_magic": 0,
  "magic_bonus": 0,
  "attack_ranged": 0,
  "ranged_bonus": 0,
  "defence_stab": 5,
  "defence_slash": 6,
  "defence_crush": 8,
  "defence_magic": 0,
  "defence_ranged": 0,
  "drops": []
}