{
  "id": 12108,
  "name": "greater skeleton hellhound",
  "combat_level": 139,
  "size": 2,
  "hitpoints": 30,
  "max_hit": 18,
  "attack_type": ["crush"],
  "attack_speed": 4,
  "aggressive": true,
  "poisonous": false,
  "venomous": false,
  "immune_poison": false,
  "immune_venom": false,
  "attributes": [],
  "category": [
    "hellhounds",
    "skeletons"
  ],
  "slayer_monster": true,
  "slayer_level": 1,
  "slayer_xp": "30.00",
  "slayer_masters": [
    "turael",
    "spria",
    "krystilia",
    "mazchna",
    "vannaka",
    "chaeldar",
    "nieve",
    "duradel"
  ],
  "attack_level": 150,
  "strength_level": 170,
  "defence_level": 110,
  "magic_level": 1,
  "ranged_level": 1,
  "attack_bonus": 0,
  "strength_bonus": 0,
  "attack_magic": 0,
  "magic_bonus": 0,
  "attack_ranged": 0,
  "ranged_bonus": 0,
  "defence_stab": 95,
  "defence_slash": 101,
  "defence_crush": 15,
  "defence_magic": 156,
  "defence_ranged": 184,
  "drops": []
}