{
  "id": 12107,
  "name": "skeleton hellhound",
  "combat_level": 115,
  "size": 2,
  "hitpoints": 30,
  "max_hit": 16,
  "attack_type": ["crush"],
  "attack_speed": 4,
  "aggressive": true,
  "poisonous": false,
  "venomous": false,
  "immune_poison": false,
  "immune_venom": false,
  "attributes": [],
  "category": [
    "hellhounds",
    "skeletons"
  ],
  "slayer_monster": true,
  "slayer_level": 1,
  "slayer_xp": "30.00",
  "slayer_masters": [
    "turael",
    "spria",
    "krystilia",
    "mazchna",
    "vannaka",
    "chaeldar",
    "nieve",
    "duradel"
  ],
  "attack_level": 110,
  "strength_level": 150,
  "defence_level": 95,
  "magic_level": 1,
  "ranged_level": 1,
  "attack_bonus": 0,
  "strength_bonus": 0,
  "attack_magic": 0,
  "magic_bonus": 0,
  "attack_ranged": 0,
  "ranged_bonus": 0,
  "defence_stab": 76,
  "defence_slash": 73,
  "defence_crush": 10,
  "defence_magic": 126,
  "defence_ranged": 155,
  "drops": []
}