{
  "id": 12206,
  "name": "the whisperer",
  "combat_level": 587,
  "size": 3,
  "hitpoints": 660,
  "max_hit": 30,
  "attack_type": [],
  "attack_speed": 10,
  "aggressive": true,
  "poisonous": false,
  "venomous": false,
  "immune_poison": true,
  "immune_venom": true,
  "attributes": [],
  "category": ["bosses"],
  "slayer_monster": true,
  "slayer_level": 1,
  "slayer_xp": "660.00",
  "slayer_masters": [
    "konar",
    "nieve",
    "duradel"
  ],
  "attack_level": 240,
  "strength_level": 250,
  "defence_level": 200,
  "magic_level": 130,
  "ranged_level": 130,
  "attack_bonus": 100,
  "strength_bonus": 10,
  "attack_magic": 180,
  "magic_bonus": 54,
  "attack_ranged": 140,
  "ranged_bonus": 66,
  "defence_stab": 180,
  "defence_slash": 300,
  "defence_crush": 220,
  "defence_magic": 10,
  "defence_ranged": 300,
  "drops": []
}