{
  "id": 12204,
  "name": "the whisperer",
  "combat_level": 791,
  "size": 3,
  "hitpoints": 2700,
  "max_hit": 57,
  "attack_type": [],
  "attack_speed": 10,
  "aggressive": true,
  "poisonous": false,
  "venomous": false,
  "immune_poison": true,
  "immune_venom": true,
  "attributes": [],
  "category": ["bosses"],
  "slayer_monster": true,
  "slayer_level": 1,
  "slayer_xp": "2700.00",
  "slayer_masters": [
    "konar",
    "nieve",
    "duradel"
  ],
  "attack_level": 378,
  "strength_level": 378,
  "defence_level": 300,
  "magic_level": 225,
  "ranged_level": 243,
  "attack_bonus": 140,
  "strength_bonus": 30,
  "attack_magic": 190,
  "magic_bonus": 58,
  "attack_ranged": 160,
  "ranged_bonus": 70,
  "defence_stab": 180,
  "defence_slash": 300,
  "defence_crush": 220,
  "defence_magic": 10,
  "defence_ranged": 300,
  "drops": []
}