{
  "id": 12214,
  "name": "the leviathan",
  "combat_level": 798,
  "size": 7,
  "hitpoints": 2700,
  "max_hit": 86,
  "attack_type": [
    "melee",
    "ranged",
    "magic"
  ],
  "attack_speed": null,
  "aggressive": true,
  "poisonous": false,
  "venomous": false,
  "immune_poison": false,
  "immune_venom": false,
  "attributes": [],
  "category": ["bosses"],
  "slayer_monster": true,
  "slayer_level": 1,
  "slayer_xp": "2700.00",
  "slayer_masters": [
    "konar",
    "nieve",
    "duradel"
  ],
  "attack_level": 525,
  "strength_level": 630,
  "defence_level": 287,
  "magic_level": 280,
  "ranged_level": 280,
  "attack_bonus": 200,
  "strength_bonus": 22,
  "attack_magic": 160,
  "magic_bonus": 58,
  "attack_ranged": 300,
  "ranged_bonus": 26,
  "defence_stab": 260,
  "defence_slash": 190,
  "defence_crush": 230,
  "defence_magic": 280,
  "defence_ranged": 50,
  "drops": []
}