{
  "id": 12215,
  "name": "the leviathan",
  "combat_level": 593,
  "size": 7,
  "hitpoints": 720,
  "max_hit": 34,
  "attack_type": [
    "melee",
    "ranged",
    "magic"
  ],
  "attack_speed": null,
  "aggressive": true,
  "poisonous": false,
  "venomous": false,
  "immune_poison": false,
  "immune_venom": false,
  "attributes": [],
  "category": ["bosses"],
  "slayer_monster": true,
  "slayer_level": 1,
  "slayer_xp": "720.00",
  "slayer_masters": [
    "konar",
    "nieve",
    "duradel"
  ],
  "attack_level": 250,
  "strength_level": 270,
  "defence_level": 200,
  "magic_level": 130,
  "ranged_level": 130,
  "attack_bonus": 170,
  "strength_bonus": 14,
  "attack_magic": 130,
  "magic_bonus": 36,
  "attack_ranged": 230,
  "ranged_bonus": 10,
  "defence_stab": 200,
  "defence_slash": 150,
  "defence_crush": 180,
  "defence_magic": 220,
  "defence_ranged": 30,
  "drops": []
}