{
  "id": 12224,
  "name": "vardorvis",
  "combat_level": 572,
  "size": 2,
  "hitpoints": 500,
  "max_hit": null,
  "attack_type": ["slash"],
  "attack_speed": 5,
  "aggressive": false,
  "poisonous": false,
  "venomous": false,
  "immune_poison": true,
  "immune_venom": true,
  "attributes": [],
  "category": ["bosses"],
  "slayer_monster": true,
  "slayer_level": 1,
  "slayer_xp": "500.00",
  "slayer_masters": [
    "konar",
    "nieve",
    "duradel"
  ],
  "attack_level": 260,
  "strength_level": 0,
  "defence_level": 0,
  "magic_level": 180,
  "ranged_level": 0,
  "attack_bonus": 185,
  "strength_bonus": 0,
  "attack_magic": 0,
  "magic_bonus": 0,
  "attack_ranged": 0,
  "ranged_bonus": 0,
  "defence_stab": 150,
  "defence_slash": 25,
  "defence_crush": 50,
  "defence_magic": 560,
  "defence_ranged": 560,
  "drops": []
}