{
  "id": 12223,
  "name": "vardorvis",
  "combat_level": 784,
  "size": 2,
  "hitpoints": 1400,
  "max_hit": null,
  "attack_type": ["slash"],
  "attack_speed": 5,
  "aggressive": false,
  "poisonous": false,
  "venomous": false,
  "immune_poison": true,
  "immune_venom": true,
  "attributes": [],
  "category": ["bosses"],
  "slayer_monster": true,
  "slayer_level": 1,
  "slayer_xp": "1400.00",
  "slayer_masters": [
    "konar",
    "nieve",
    "duradel"
  ],
  "attack_level": 420,
  "strength_level": 0,
  "defence_level": 0,
  "magic_level": 215,
  "ranged_level": 0,
  "attack_bonus": 190,
  "strength_bonus": 10,
  "attack_magic": 0,
  "magic_bonus": 0,
  "attack_ranged": 0,
  "ranged_bonus": 0,
  "defence_stab": 215,
  "defence_slash": 65,
  "defence_crush": 85,
  "defence_magic": 580,
  "defence_ranged": 580,
  "drops": []
}