{"name":"bouncer","combat_level":137,"size":2,"hitpoints":116,"max_hit":13,"attack_type":["stab"],"attack_speed":4,"aggressive":true,"poisonous":false,"venomous":false,"immune_poison":false,"immune_venom":false,"attributes":["demon"],"category":["hellhounds"],"slayer_monster":true,"slayer_level":1,"slayer_xp":"116.00","slayer_masters":["krystilia","vannaka","chaeldar","nieve","duradel"],"attack_level":120,"strength_level":120,"defence_level":120,"magic_level":1,"ranged_level":1,"attack_bonus":0,"strength_bonus":0,"attack_magic":0,"magic_bonus":0,"attack_ranged":0,"ranged_bonus":0,"defence_stab":0,"defence_slash":0,"defence_crush":0,"defence_magic":0,"defence_ranged":0,"drops":[{"id":25769,"name":"vile ashes","quantity":"1","noted":false,"rarity":"1.00","rolls":1}]}