{"name":"khazard ogre","combat_level":63,"size":2,"hitpoints":60,"max_hit":8,"attack_type":["crush"],"attack_speed":6,"aggressive":true,"poisonous":false,"venomous":false,"immune_poison":false,"immune_venom":false,"attributes":[],"category":[],"slayer_monster":false,"slayer_level":null,"slayer_xp":null,"slayer_masters":[],"attack_level":54,"strength_level":53,"defence_level":53,"magic_level":1,"ranged_level":1,"attack_bonus":22,"strength_bonus":20,"attack_magic":0,"magic_bonus":0,"attack_ranged":0,"ranged_bonus":0,"defence_stab":0,"defence_slash":0,"defence_crush":0,"defence_magic":0,"defence_ranged":0,"drops":[]}