{
  "id": 12262,
  "name": "kasonde",
  "combat_level": 231,
  "size": 1,
  "hitpoints": 240,
  "max_hit": 20,
  "attack_type": [
    "melee",
    "ranged"
  ],
  "attack_speed": 3,
  "aggressive": true,
  "poisonous": true,
  "venomous": true,
  "immune_poison": true,
  "immune_venom": true,
  "attributes": [],
  "category": [],
  "slayer_monster": false,
  "slayer_level": null,
  "slayer_xp": null,
  "slayer_masters": [],
  "attack_level": 190,
  "strength_level": 190,
  "defence_level": 90,
  "magic_level": 90,
  "ranged_level": 190,
  "attack_bonus": 40,
  "strength_bonus": 0,
  "attack_magic": 0,
  "magic_bonus": 0,
  "attack_ranged": 50,
  "ranged_bonus": 0,
  "defence_stab": 30,
  "defence_slash": 30,
  "defence_crush": 30,
  "defence_magic": 250,
  "defence_ranged": 50,
  "drops": []
}