{
  "id": 1226,
  "name": "khazard scorpion",
  "combat_level": 44,
  "size": 3,
  "hitpoints": 40,
  "max_hit": 5,
  "attack_type": ["stab"],
  "attack_speed": 4,
  "aggressive": true,
  "poisonous": false,
  "venomous": false,
  "immune_poison": false,
  "immune_venom": false,
  "attributes": [],
  "category": [],
  "slayer_monster": false,
  "slayer_level": null,
  "slayer_xp": null,
  "slayer_masters": [],
  "attack_level": 40,
  "strength_level": 39,
  "defence_level": 34,
  "magic_level": 1,
  "ranged_level": 1,
  "attack_bonus": 0,
  "strength_bonus": 0,
  "attack_magic": 0,
  "magic_bonus": 0,
  "attack_ranged": 0,
  "ranged_bonus": 0,
  "defence_stab": 5,
  "defence_slash": 15,
  "defence_crush": 15,
  "defence_magic": 0,
  "defence_ranged": 5,
  "drops": []
}