{
  "id": 1228,
  "name": "arzinian avatar of strength",
  "combat_level": 125,
  "size": 1,
  "hitpoints": 100,
  "max_hit": 11,
  "attack_type": ["crush"],
  "attack_speed": 4,
  "aggressive": true,
  "poisonous": false,
  "venomous": false,
  "immune_poison": false,
  "immune_venom": false,
  "attributes": [],
  "category": [],
  "slayer_monster": false,
  "slayer_level": null,
  "slayer_xp": null,
  "slayer_masters": [],
  "attack_level": 110,
  "strength_level": 100,
  "defence_level": 95,
  "magic_level": 0,
  "ranged_level": 0,
  "attack_bonus": 0,
  "strength_bonus": 0,
  "attack_magic": 0,
  "magic_bonus": 0,
  "attack_ranged": 0,
  "ranged_bonus": 0,
  "defence_stab": 20,
  "defence_slash": 20,
  "defence_crush": 20,
  "defence_magic": 15,
  "defence_ranged": 80,
  "drops": []
}