{"name":"arzinian avatar of strength","combat_level":75,"size":1,"hitpoints":70,"max_hit":7,"attack_type":["crush"],"attack_speed":4,"aggressive":true,"poisonous":false,"venomous":false,"immune_poison":false,"immune_venom":false,"attributes":[],"category":[],"slayer_monster":false,"slayer_level":null,"slayer_xp":null,"slayer_masters":[],"attack_level":70,"strength_level":65,"defence_level":50,"magic_level":0,"ranged_level":0,"attack_bonus":0,"strength_bonus":0,"attack_magic":0,"magic_bonus":0,"attack_ranged":0,"ranged_bonus":0,"defence_stab":15,"defence_slash":15,"defence_crush":15,"defence_magic":10,"defence_ranged":40,"drops":[]}