{
  "id": 12300,
  "name": "mysterious figure",
  "combat_level": 271,
  "size": 1,
  "hitpoints": 450,
  "max_hit": 18,
  "attack_type": [],
  "attack_speed": 4,
  "aggressive": true,
  "poisonous": false,
  "venomous": false,
  "immune_poison": true,
  "immune_venom": true,
  "attributes": [],
  "category": [],
  "slayer_monster": false,
  "slayer_level": null,
  "slayer_xp": null,
  "slayer_masters": [],
  "attack_level": 120,
  "strength_level": 120,
  "defence_level": 120,
  "magic_level": 120,
  "ranged_level": 120,
  "attack_bonus": 80,
  "strength_bonus": 25,
  "attack_magic": 80,
  "magic_bonus": 25,
  "attack_ranged": 80,
  "ranged_bonus": 25,
  "defence_stab": 20,
  "defence_slash": 40,
  "defence_crush": 60,
  "defence_magic": 30,
  "defence_ranged": 20,
  "drops": []
}