{"name":"arzinian avatar of ranging","combat_level":125,"size":1,"hitpoints":100,"max_hit":14,"attack_type":["ranged"],"attack_speed":4,"aggressive":true,"poisonous":false,"venomous":false,"immune_poison":false,"immune_venom":false,"attributes":[],"category":[],"slayer_monster":false,"slayer_level":null,"slayer_xp":null,"slayer_masters":[],"attack_level":10,"strength_level":100,"defence_level":120,"magic_level":0,"ranged_level":110,"attack_bonus":0,"strength_bonus":0,"attack_magic":0,"magic_bonus":0,"attack_ranged":0,"ranged_bonus":10,"defence_stab":15,"defence_slash":15,"defence_crush":15,"defence_magic":80,"defence_ranged":20,"drops":[]}