{
  "id": 12329,
  "name": "ketla the unworthy",
  "combat_level": 236,
  "size": 1,
  "hitpoints": 200,
  "max_hit": 18,
  "attack_type": ["ranged"],
  "attack_speed": 3,
  "aggressive": true,
  "poisonous": false,
  "venomous": false,
  "immune_poison": true,
  "immune_venom": true,
  "attributes": ["spectral"],
  "category": [],
  "slayer_monster": false,
  "slayer_level": null,
  "slayer_xp": null,
  "slayer_masters": [],
  "attack_level": 0,
  "strength_level": 0,
  "defence_level": 130,
  "magic_level": 130,
  "ranged_level": 160,
  "attack_bonus": 0,
  "strength_bonus": 0,
  "attack_magic": 0,
  "magic_bonus": 0,
  "attack_ranged": 80,
  "ranged_bonus": 6,
  "defence_stab": 60,
  "defence_slash": 30,
  "defence_crush": 80,
  "defence_magic": 200,
  "defence_ranged": 70,
  "drops": []
}