{
  "id": 1232,
  "name": "arzinian avatar of ranging",
  "combat_level": 75,
  "size": 1,
  "hitpoints": 70,
  "max_hit": 9,
  "attack_type": ["ranged"],
  "attack_speed": 4,
  "aggressive": true,
  "poisonous": false,
  "venomous": false,
  "immune_poison": false,
  "immune_venom": false,
  "attributes": [],
  "category": [],
  "slayer_monster": false,
  "slayer_level": null,
  "slayer_xp": null,
  "slayer_masters": [],
  "attack_level": 10,
  "strength_level": 40,
  "defence_level": 75,
  "magic_level": 0,
  "ranged_level": 75,
  "attack_bonus": 0,
  "strength_bonus": 0,
  "attack_magic": 0,
  "magic_bonus": 0,
  "attack_ranged": 0,
  "ranged_bonus": 5,
  "defence_stab": 10,
  "defence_slash": 10,
  "defence_crush": 10,
  "defence_magic": 40,
  "defence_ranged": 15,
  "drops": []
}