{
  "id": 12328,
  "name": "the forsaken assassin",
  "combat_level": 252,
  "size": 1,
  "hitpoints": 200,
  "max_hit": 20,
  "attack_type": [
    "melee",
    "ranged"
  ],
  "attack_speed": 4,
  "aggressive": true,
  "poisonous": false,
  "venomous": false,
  "immune_poison": true,
  "immune_venom": true,
  "attributes": ["spectral"],
  "category": [],
  "slayer_monster": false,
  "slayer_level": null,
  "slayer_xp": null,
  "slayer_masters": [],
  "attack_level": 160,
  "strength_level": 140,
  "defence_level": 160,
  "magic_level": 140,
  "ranged_level": 160,
  "attack_bonus": 66,
  "strength_bonus": 12,
  "attack_magic": 0,
  "magic_bonus": 0,
  "attack_ranged": 66,
  "ranged_bonus": 12,
  "defence_stab": 60,
  "defence_slash": 30,
  "defence_crush": 80,
  "defence_magic": 200,
  "defence_ranged": 50,
  "drops": []
}