{
  "id": 12336,
  "name": "ancient guardian",
  "combat_level": 153,
  "size": 3,
  "hitpoints": 100,
  "max_hit": 12,
  "attack_type": ["crush"],
  "attack_speed": 5,
  "aggressive": true,
  "poisonous": false,
  "venomous": false,
  "immune_poison": true,
  "immune_venom": true,
  "attributes": ["golem"],
  "category": [],
  "slayer_monster": false,
  "slayer_level": null,
  "slayer_xp": null,
  "slayer_masters": [],
  "attack_level": 180,
  "strength_level": 110,
  "defence_level": 100,
  "magic_level": 100,
  "ranged_level": 0,
  "attack_bonus": 0,
  "strength_bonus": 0,
  "attack_magic": 0,
  "magic_bonus": 0,
  "attack_ranged": 0,
  "ranged_bonus": 0,
  "defence_stab": 50,
  "defence_slash": 40,
  "defence_crush": 20,
  "defence_magic": 10,
  "defence_ranged": 50,
  "drops": []
}