{
  "id": 12331,
  "name": "kasonde the craven",
  "combat_level": 221,
  "size": 1,
  "hitpoints": 200,
  "max_hit": 22,
  "attack_type": [
    "melee",
    "ranged"
  ],
  "attack_speed": 3,
  "aggressive": true,
  "poisonous": false,
  "venomous": false,
  "immune_poison": true,
  "immune_venom": true,
  "attributes": ["spectral"],
  "category": [],
  "slayer_monster": false,
  "slayer_level": null,
  "slayer_xp": null,
  "slayer_masters": [],
  "attack_level": 200,
  "strength_level": 200,
  "defence_level": 120,
  "magic_level": 120,
  "ranged_level": 200,
  "attack_bonus": 40,
  "strength_bonus": 4,
  "attack_magic": 0,
  "magic_bonus": 0,
  "attack_ranged": 50,
  "ranged_bonus": 4,
  "defence_stab": 30,
  "defence_slash": 30,
  "defence_crush": 30,
  "defence_magic": 250,
  "defence_ranged": 50,
  "drops": []
}