{
  "id": 12333,
  "name": "persten the deceitful",
  "combat_level": 264,
  "size": 1,
  "hitpoints": 200,
  "max_hit": 32,
  "attack_type": ["magic"],
  "attack_speed": 4,
  "aggressive": true,
  "poisonous": false,
  "venomous": false,
  "immune_poison": true,
  "immune_venom": true,
  "attributes": ["spectral"],
  "category": [],
  "slayer_monster": false,
  "slayer_level": null,
  "slayer_xp": null,
  "slayer_masters": [],
  "attack_level": 0,
  "strength_level": 0,
  "defence_level": 130,
  "magic_level": 250,
  "ranged_level": 0,
  "attack_bonus": 0,
  "strength_bonus": 0,
  "attack_magic": 40,
  "magic_bonus": 15,
  "attack_ranged": 0,
  "ranged_bonus": 0,
  "defence_stab": 70,
  "defence_slash": 70,
  "defence_crush": 70,
  "defence_magic": 200,
  "defence_ranged": 20,
  "drops": []
}