{
  "id": 12335,
  "name": "wighted leech",
  "combat_level": 96,
  "size": 1,
  "hitpoints": 5,
  "max_hit": 6,
  "attack_type": [
    "melee",
    "typeless"
  ],
  "attack_speed": 2,
  "aggressive": true,
  "poisonous": false,
  "venomous": false,
  "immune_poison": true,
  "immune_venom": false,
  "attributes": [],
  "category": [],
  "slayer_monster": false,
  "slayer_level": null,
  "slayer_xp": null,
  "slayer_masters": [],
  "attack_level": 1,
  "strength_level": 1,
  "defence_level": 1,
  "magic_level": 1,
  "ranged_level": 1,
  "attack_bonus": 0,
  "strength_bonus": 0,
  "attack_magic": 0,
  "magic_bonus": 0,
  "attack_ranged": 0,
  "ranged_bonus": 0,
  "defence_stab": 0,
  "defence_slash": 0,
  "defence_crush": 0,
  "defence_magic": 0,
  "defence_ranged": 0,
  "drops": []
}