{"name":"arzinian avatar of magic","combat_level":125,"size":1,"hitpoints":100,"max_hit":13,"attack_type":["magic"],"attack_speed":4,"aggressive":true,"poisonous":false,"venomous":false,"immune_poison":false,"immune_venom":false,"attributes":[],"category":[],"slayer_monster":false,"slayer_level":null,"slayer_xp":null,"slayer_masters":[],"attack_level":10,"strength_level":90,"defence_level":120,"magic_level":120,"ranged_level":0,"attack_bonus":0,"strength_bonus":0,"attack_magic":0,"magic_bonus":0,"attack_ranged":0,"ranged_bonus":0,"defence_stab":80,"defence_slash":80,"defence_crush":80,"defence_magic":20,"defence_ranged":15,"drops":[]}