{
  "id": 12353,
  "name": "jhallan",
  "combat_level": 491,
  "size": 2,
  "hitpoints": 1500,
  "max_hit": 26,
  "attack_type": ["magic"],
  "attack_speed": 4,
  "aggressive": true,
  "poisonous": false,
  "venomous": false,
  "immune_poison": true,
  "immune_venom": false,
  "attributes": [],
  "category": [],
  "slayer_monster": false,
  "slayer_level": null,
  "slayer_xp": null,
  "slayer_masters": [],
  "attack_level": 250,
  "strength_level": 250,
  "defence_level": 250,
  "magic_level": 250,
  "ranged_level": 0,
  "attack_bonus": 30,
  "strength_bonus": 0,
  "attack_magic": 30,
  "magic_bonus": 0,
  "attack_ranged": 0,
  "ranged_bonus": 0,
  "defence_stab": 200,
  "defence_slash": 200,
  "defence_crush": 200,
  "defence_magic": 300,
  "defence_ranged": 200,
  "drops": []
}