{"name":"arzinian avatar of magic","combat_level":75,"size":1,"hitpoints":70,"max_hit":8,"attack_type":["magic"],"attack_speed":4,"aggressive":true,"poisonous":false,"venomous":false,"immune_poison":false,"immune_venom":false,"attributes":[],"category":[],"slayer_monster":false,"slayer_level":null,"slayer_xp":null,"slayer_masters":[],"attack_level":10,"strength_level":50,"defence_level":75,"magic_level":75,"ranged_level":0,"attack_bonus":0,"strength_bonus":0,"attack_magic":0,"magic_bonus":0,"attack_ranged":0,"ranged_bonus":0,"defence_stab":40,"defence_slash":40,"defence_crush":40,"defence_magic":15,"defence_ranged":10,"drops":[]}