{
  "id": 12362,
  "name": "scarred lesser demon",
  "combat_level": 121,
  "size": 2,
  "hitpoints": 100,
  "max_hit": 12,
  "attack_type": ["crush"],
  "attack_speed": 3,
  "aggressive": true,
  "poisonous": false,
  "venomous": false,
  "immune_poison": false,
  "immune_venom": false,
  "attributes": ["demon"],
  "category": [],
  "slayer_monster": false,
  "slayer_level": null,
  "slayer_xp": null,
  "slayer_masters": [],
  "attack_level": 110,
  "strength_level": 110,
  "defence_level": 110,
  "magic_level": 110,
  "ranged_level": 110,
  "attack_bonus": 100,
  "strength_bonus": 0,
  "attack_magic": 100,
  "magic_bonus": 0,
  "attack_ranged": 100,
  "ranged_bonus": 0,
  "defence_stab": 0,
  "defence_slash": 0,
  "defence_crush": 0,
  "defence_magic": 0,
  "defence_ranged": 0,
  "drops": []
}