{
  "id": 12376,
  "name": "lesser demon",
  "combat_level": 39,
  "size": 1,
  "hitpoints": 40,
  "max_hit": 1,
  "attack_type": ["slash"],
  "attack_speed": 4,
  "aggressive": false,
  "poisonous": false,
  "venomous": false,
  "immune_poison": true,
  "immune_venom": false,
  "attributes": ["demon"],
  "category": ["none"],
  "slayer_monster": false,
  "slayer_level": null,
  "slayer_xp": "0.00",
  "slayer_masters": [],
  "attack_level": 1,
  "strength_level": 1,
  "defence_level": 30,
  "magic_level": 1,
  "ranged_level": 1,
  "attack_bonus": 0,
  "strength_bonus": 0,
  "attack_magic": 0,
  "magic_bonus": 0,
  "attack_ranged": 0,
  "ranged_bonus": 0,
  "defence_stab": 0,
  "defence_slash": 0,
  "defence_crush": 0,
  "defence_magic": 0,
  "defence_ranged": 0,
  "drops": []
}