{
  "id": 12378,
  "name": "scarred lesser demon",
  "combat_level": 121,
  "size": 2,
  "hitpoints": 70,
  "max_hit": 19,
  "attack_type": ["crush"],
  "attack_speed": 4,
  "aggressive": true,
  "poisonous": false,
  "venomous": false,
  "immune_poison": false,
  "immune_venom": false,
  "attributes": ["demon"],
  "category": [],
  "slayer_monster": false,
  "slayer_level": null,
  "slayer_xp": null,
  "slayer_masters": [],
  "attack_level": 120,
  "strength_level": 148,
  "defence_level": 90,
  "magic_level": 1,
  "ranged_level": 1,
  "attack_bonus": 66,
  "strength_bonus": 12,
  "attack_magic": 0,
  "magic_bonus": 0,
  "attack_ranged": 0,
  "ranged_bonus": 0,
  "defence_stab": 0,
  "defence_slash": 0,
  "defence_crush": 0,
  "defence_magic": 0,
  "defence_ranged": 0,
  "drops": []
}