{
  "id": 12393,
  "name": "abyssal leech",
  "combat_level": 32,
  "size": 1,
  "hitpoints": 50,
  "max_hit": 2,
  "attack_type": ["slash"],
  "attack_speed": 2,
  "aggressive": false,
  "poisonous": false,
  "venomous": false,
  "immune_poison": false,
  "immune_venom": false,
  "attributes": [],
  "category": [],
  "slayer_monster": false,
  "slayer_level": null,
  "slayer_xp": null,
  "slayer_masters": [],
  "attack_level": 50,
  "strength_level": 10,
  "defence_level": 1,
  "magic_level": 1,
  "ranged_level": 1,
  "attack_bonus": 5,
  "strength_bonus": 10,
  "attack_magic": 0,
  "magic_bonus": 0,
  "attack_ranged": 0,
  "ranged_bonus": 0,
  "defence_stab": 50,
  "defence_slash": 50,
  "defence_crush": 10,
  "defence_magic": 50,
  "defence_ranged": 10,
  "drops": []
}