{
  "id": 12394,
  "name": "abyssal walker",
  "combat_level": 90,
  "size": 1,
  "hitpoints": null,
  "max_hit": null,
  "attack_type": ["crush"],
  "attack_speed": 5,
  "aggressive": false,
  "poisonous": false,
  "venomous": false,
  "immune_poison": false,
  "immune_venom": false,
  "attributes": [],
  "category": [],
  "slayer_monster": false,
  "slayer_level": null,
  "slayer_xp": null,
  "slayer_masters": [],
  "attack_level": 0,
  "strength_level": 0,
  "defence_level": 0,
  "magic_level": 1,
  "ranged_level": 1,
  "attack_bonus": 0,
  "strength_bonus": 0,
  "attack_magic": 0,
  "magic_bonus": 0,
  "attack_ranged": 0,
  "ranged_bonus": 0,
  "defence_stab": 75,
  "defence_slash": 75,
  "defence_crush": 10,
  "defence_magic": 75,
  "defence_ranged": 75,
  "drops": []
}