{
  "id": 12442,
  "name": "dagannoth prime",
  "combat_level": 417,
  "size": 3,
  "hitpoints": 750,
  "max_hit": 26,
  "attack_type": ["slash"],
  "attack_speed": 4,
  "aggressive": false,
  "poisonous": false,
  "venomous": false,
  "immune_poison": false,
  "immune_venom": true,
  "attributes": [],
  "category": [
    "bosses",
    "dagannoth"
  ],
  "slayer_monster": false,
  "slayer_level": null,
  "slayer_xp": null,
  "slayer_masters": [],
  "attack_level": 255,
  "strength_level": 255,
  "defence_level": 255,
  "magic_level": 255,
  "ranged_level": 0,
  "attack_bonus": 0,
  "strength_bonus": 0,
  "attack_magic": 0,
  "magic_bonus": 0,
  "attack_ranged": 0,
  "ranged_bonus": 0,
  "defence_stab": 255,
  "defence_slash": 255,
  "defence_crush": 255,
  "defence_magic": 255,
  "defence_ranged": 10,
  "drops": []
}