{
  "id": 12444,
  "name": "general graardor",
  "combat_level": 624,
  "size": 4,
  "hitpoints": 1000,
  "max_hit": 60,
  "attack_type": ["crush"],
  "attack_speed": 6,
  "aggressive": false,
  "poisonous": false,
  "venomous": false,
  "immune_poison": true,
  "immune_venom": false,
  "attributes": [],
  "category": ["bosses"],
  "slayer_monster": false,
  "slayer_level": null,
  "slayer_xp": null,
  "slayer_masters": [],
  "attack_level": 280,
  "strength_level": 350,
  "defence_level": 250,
  "magic_level": 80,
  "ranged_level": 350,
  "attack_bonus": 120,
  "strength_bonus": 43,
  "attack_magic": 0,
  "magic_bonus": 0,
  "attack_ranged": 100,
  "ranged_bonus": 40,
  "defence_stab": 90,
  "defence_slash": 90,
  "defence_crush": 90,
  "defence_magic": 201,
  "defence_ranged": 90,
  "drops": []
}