{
  "id": 12443,
  "name": "kree'arra",
  "combat_level": 580,
  "size": 5,
  "hitpoints": 350,
  "max_hit": 21,
  "attack_type": ["magic"],
  "attack_speed": 6,
  "aggressive": false,
  "poisonous": false,
  "venomous": false,
  "immune_poison": true,
  "immune_venom": false,
  "attributes": [],
  "category": [],
  "slayer_monster": false,
  "slayer_level": null,
  "slayer_xp": null,
  "slayer_masters": [],
  "attack_level": 300,
  "strength_level": 200,
  "defence_level": 260,
  "magic_level": 200,
  "ranged_level": 380,
  "attack_bonus": 136,
  "strength_bonus": 12,
  "attack_magic": 0,
  "magic_bonus": 0,
  "attack_ranged": 120,
  "ranged_bonus": 50,
  "defence_stab": 180,
  "defence_slash": 180,
  "defence_crush": 180,
  "defence_magic": 200,
  "defence_ranged": 200,
  "drops": []
}