{
  "id": 12447,
  "name": "dharok the wretched",
  "combat_level": 666,
  "size": 2,
  "hitpoints": 200,
  "max_hit": 29,
  "attack_type": ["slash"],
  "attack_speed": 7,
  "aggressive": false,
  "poisonous": false,
  "venomous": false,
  "immune_poison": false,
  "immune_venom": false,
  "attributes": ["spectral"],
  "category": ["bosses"],
  "slayer_monster": false,
  "slayer_level": null,
  "slayer_xp": null,
  "slayer_masters": [],
  "attack_level": 100,
  "strength_level": 100,
  "defence_level": 100,
  "magic_level": 1,
  "ranged_level": 1,
  "attack_bonus": 0,
  "strength_bonus": 105,
  "attack_magic": -58,
  "magic_bonus": 0,
  "attack_ranged": -18,
  "ranged_bonus": 0,
  "defence_stab": 252,
  "defence_slash": 250,
  "defence_crush": 244,
  "defence_magic": -11,
  "defence_ranged": 249,
  "drops": []
}