{
  "id": 12445,
  "name": "commander zilyana",
  "combat_level": 596,
  "size": 2,
  "hitpoints": 500,
  "max_hit": 27,
  "attack_type": ["crush"],
  "attack_speed": 2,
  "aggressive": false,
  "poisonous": false,
  "venomous": false,
  "immune_poison": true,
  "immune_venom": false,
  "attributes": [],
  "category": ["bosses"],
  "slayer_monster": false,
  "slayer_level": null,
  "slayer_xp": null,
  "slayer_masters": [],
  "attack_level": 280,
  "strength_level": 196,
  "defence_level": 300,
  "magic_level": 300,
  "ranged_level": 250,
  "attack_bonus": 195,
  "strength_bonus": 20,
  "attack_magic": 200,
  "magic_bonus": 0,
  "attack_ranged": 0,
  "ranged_bonus": 0,
  "defence_stab": 100,
  "defence_slash": 100,
  "defence_crush": 100,
  "defence_magic": 100,
  "defence_ranged": 100,
  "drops": []
}