{
  "id": 12441,
  "name": "dagannoth supreme",
  "combat_level": 385,
  "size": 3,
  "hitpoints": 750,
  "max_hit": null,
  "attack_type": ["slash"],
  "attack_speed": 4,
  "aggressive": false,
  "poisonous": false,
  "venomous": false,
  "immune_poison": false,
  "immune_venom": true,
  "attributes": [],
  "category": [
    "bosses",
    "dagannoth"
  ],
  "slayer_monster": false,
  "slayer_level": null,
  "slayer_xp": null,
  "slayer_masters": [],
  "attack_level": 255,
  "strength_level": 255,
  "defence_level": 128,
  "magic_level": 255,
  "ranged_level": 255,
  "attack_bonus": 0,
  "strength_bonus": 0,
  "attack_magic": 0,
  "magic_bonus": 0,
  "attack_ranged": 0,
  "ranged_bonus": 0,
  "defence_stab": 10,
  "defence_slash": 10,
  "defence_crush": 10,
  "defence_magic": 255,
  "defence_ranged": 550,
  "drops": []
}