{
  "id": 12440,
  "name": "king black dragon",
  "combat_level": 278,
  "size": 5,
  "hitpoints": 250,
  "max_hit": 25,
  "attack_type": ["stab"],
  "attack_speed": 4,
  "aggressive": false,
  "poisonous": false,
  "venomous": false,
  "immune_poison": false,
  "immune_venom": false,
  "attributes": ["dragon"],
  "category": [
    "black dragons",
    "bosses"
  ],
  "slayer_monster": false,
  "slayer_level": null,
  "slayer_xp": null,
  "slayer_masters": [],
  "attack_level": 240,
  "strength_level": 240,
  "defence_level": 240,
  "magic_level": 240,
  "ranged_level": 1,
  "attack_bonus": 0,
  "strength_bonus": 0,
  "attack_magic": 0,
  "magic_bonus": 0,
  "attack_ranged": 0,
  "ranged_bonus": 0,
  "defence_stab": 70,
  "defence_slash": 90,
  "defence_crush": 90,
  "defence_magic": 80,
  "defence_ranged": 70,
  "drops": []
}