{
  "id": 12446,
  "name": "k'ril tsutsaroth",
  "combat_level": 650,
  "size": 5,
  "hitpoints": 1000,
  "max_hit": 46,
  "attack_type": ["slash"],
  "attack_speed": 6,
  "aggressive": false,
  "poisonous": false,
  "venomous": false,
  "immune_poison": true,
  "immune_venom": false,
  "attributes": [],
  "category": [
    "bosses",
    "greater demons"
  ],
  "slayer_monster": false,
  "slayer_level": null,
  "slayer_xp": null,
  "slayer_masters": [],
  "attack_level": 340,
  "strength_level": 300,
  "defence_level": 270,
  "magic_level": 200,
  "ranged_level": 1,
  "attack_bonus": 160,
  "strength_bonus": 31,
  "attack_magic": 0,
  "magic_bonus": 0,
  "attack_ranged": 0,
  "ranged_bonus": 0,
  "defence_stab": 80,
  "defence_slash": 80,
  "defence_crush": 80,
  "defence_magic": 130,
  "defence_ranged": 80,
  "drops": []
}