{
  "id": 12450,
  "name": "derwen",
  "combat_level": 235,
  "size": 3,
  "hitpoints": 320,
  "max_hit": 16,
  "attack_type": ["crush"],
  "attack_speed": 6,
  "aggressive": false,
  "poisonous": false,
  "venomous": false,
  "immune_poison": true,
  "immune_venom": false,
  "attributes": [],
  "category": [],
  "slayer_monster": false,
  "slayer_level": null,
  "slayer_xp": null,
  "slayer_masters": [],
  "attack_level": 250,
  "strength_level": 150,
  "defence_level": 100,
  "magic_level": 180,
  "ranged_level": 1,
  "attack_bonus": 0,
  "strength_bonus": 0,
  "attack_magic": 80,
  "magic_bonus": 80,
  "attack_ranged": 0,
  "ranged_bonus": 0,
  "defence_stab": 200,
  "defence_slash": 200,
  "defence_crush": 200,
  "defence_magic": -60,
  "defence_ranged": 200,
  "drops": []
}