{
  "id": 12455,
  "name": "jal-imkot",
  "combat_level": 240,
  "size": 4,
  "hitpoints": 750,
  "max_hit": 49,
  "attack_type": ["slash"],
  "attack_speed": 4,
  "aggressive": false,
  "poisonous": false,
  "venomous": false,
  "immune_poison": true,
  "immune_venom": false,
  "attributes": [],
  "category": ["tzhaar"],
  "slayer_monster": false,
  "slayer_level": null,
  "slayer_xp": null,
  "slayer_masters": [],
  "attack_level": 210,
  "strength_level": 290,
  "defence_level": 120,
  "magic_level": 120,
  "ranged_level": 220,
  "attack_bonus": 0,
  "strength_bonus": 40,
  "attack_magic": 0,
  "magic_bonus": 0,
  "attack_ranged": 0,
  "ranged_bonus": 0,
  "defence_stab": 65,
  "defence_slash": 65,
  "defence_crush": 65,
  "defence_magic": 30,
  "defence_ranged": 50,
  "drops": []
}