{
  "id": 12452,
  "name": "giant goblin",
  "combat_level": 347,
  "size": 2,
  "hitpoints": 750,
  "max_hit": 27,
  "attack_type": ["crush"],
  "attack_speed": 4,
  "aggressive": false,
  "poisonous": false,
  "venomous": false,
  "immune_poison": false,
  "immune_venom": false,
  "attributes": [],
  "category": ["goblins"],
  "slayer_monster": false,
  "slayer_level": null,
  "slayer_xp": null,
  "slayer_masters": [],
  "attack_level": 150,
  "strength_level": 150,
  "defence_level": 250,
  "magic_level": 1,
  "ranged_level": 1,
  "attack_bonus": 120,
  "strength_bonus": 43,
  "attack_magic": 0,
  "magic_bonus": 0,
  "attack_ranged": 0,
  "ranged_bonus": 0,
  "defence_stab": -15,
  "defence_slash": -15,
  "defence_crush": -15,
  "defence_magic": -15,
  "defence_ranged": -15,
  "drops": []
}