{
  "id": 12459,
  "name": "night beast",
  "combat_level": 362,
  "size": 4,
  "hitpoints": 500,
  "max_hit": 30,
  "attack_type": ["crush"],
  "attack_speed": 4,
  "aggressive": false,
  "poisonous": false,
  "venomous": false,
  "immune_poison": true,
  "immune_venom": false,
  "attributes": [],
  "category": ["dark beasts"],
  "slayer_monster": false,
  "slayer_level": null,
  "slayer_xp": null,
  "slayer_masters": [],
  "attack_level": 270,
  "strength_level": 290,
  "defence_level": 220,
  "magic_level": 300,
  "ranged_level": 1,
  "attack_bonus": 0,
  "strength_bonus": 0,
  "attack_magic": 0,
  "magic_bonus": 0,
  "attack_ranged": 0,
  "ranged_bonus": 0,
  "defence_stab": 75,
  "defence_slash": 80,
  "defence_crush": 200,
  "defence_magic": 190,
  "defence_ranged": 100,
  "drops": []
}