{
  "id": 12451,
  "name": "greater abyssal demon",
  "combat_level": 429,
  "size": 3,
  "hitpoints": 750,
  "max_hit": 27,
  "attack_type": ["stab"],
  "attack_speed": 4,
  "aggressive": false,
  "poisonous": false,
  "venomous": false,
  "immune_poison": true,
  "immune_venom": false,
  "attributes": ["demon"],
  "category": ["abyssal demons"],
  "slayer_monster": false,
  "slayer_level": null,
  "slayer_xp": null,
  "slayer_masters": [],
  "attack_level": 300,
  "strength_level": 260,
  "defence_level": 240,
  "magic_level": 1,
  "ranged_level": 1,
  "attack_bonus": 0,
  "strength_bonus": 0,
  "attack_magic": 0,
  "magic_bonus": 0,
  "attack_ranged": 0,
  "ranged_bonus": 0,
  "defence_stab": 50,
  "defence_slash": 50,
  "defence_crush": 50,
  "defence_magic": 0,
  "defence_ranged": 50,
  "drops": []
}