{
  "id": 12458,
  "name": "sulphur lizard",
  "combat_level": 257,
  "size": 2,
  "hitpoints": 500,
  "max_hit": 21,
  "attack_type": ["crush"],
  "attack_speed": 4,
  "aggressive": false,
  "poisonous": false,
  "venomous": false,
  "immune_poison": false,
  "immune_venom": false,
  "attributes": [],
  "category": ["lizards"],
  "slayer_monster": false,
  "slayer_level": null,
  "slayer_xp": null,
  "slayer_masters": [],
  "attack_level": 150,
  "strength_level": 200,
  "defence_level": 75,
  "magic_level": 1,
  "ranged_level": 1,
  "attack_bonus": 0,
  "strength_bonus": 0,
  "attack_magic": 0,
  "magic_bonus": 0,
  "attack_ranged": 0,
  "ranged_bonus": 0,
  "defence_stab": 15,
  "defence_slash": 25,
  "defence_crush": 25,
  "defence_magic": 0,
  "defence_ranged": 15,
  "drops": []
}