{
  "id": 12453,
  "name": "flaming pyrelord",
  "combat_level": 363,
  "size": 3,
  "hitpoints": 750,
  "max_hit": 1,
  "attack_type": ["magic"],
  "attack_speed": 4,
  "aggressive": false,
  "poisonous": false,
  "venomous": false,
  "immune_poison": true,
  "immune_venom": false,
  "attributes": ["demon"],
  "category": [],
  "slayer_monster": false,
  "slayer_level": null,
  "slayer_xp": null,
  "slayer_masters": [],
  "attack_level": 150,
  "strength_level": 200,
  "defence_level": 250,
  "magic_level": 1,
  "ranged_level": 1,
  "attack_bonus": 0,
  "strength_bonus": 0,
  "attack_magic": 0,
  "magic_bonus": 0,
  "attack_ranged": 0,
  "ranged_bonus": 0,
  "defence_stab": 18,
  "defence_slash": 18,
  "defence_crush": 18,
  "defence_magic": 150,
  "defence_ranged": 18,
  "drops": []
}