{
  "id": 12460,
  "name": "guard",
  "combat_level": 1337,
  "size": 1,
  "hitpoints": 800,
  "max_hit": 45,
  "attack_type": ["slash"],
  "attack_speed": 4,
  "aggressive": true,
  "poisonous": false,
  "venomous": false,
  "immune_poison": false,
  "immune_venom": false,
  "attributes": [],
  "category": [],
  "slayer_monster": false,
  "slayer_level": null,
  "slayer_xp": null,
  "slayer_masters": [],
  "attack_level": 800,
  "strength_level": 400,
  "defence_level": 300,
  "magic_level": 1,
  "ranged_level": 1,
  "attack_bonus": 60,
  "strength_bonus": 7,
  "attack_magic": 0,
  "magic_bonus": 0,
  "attack_ranged": 0,
  "ranged_bonus": 0,
  "defence_stab": 8,
  "defence_slash": 9,
  "defence_crush": 7,
  "defence_magic": 0,
  "defence_ranged": 8,
  "drops": []
}