{
  "id": 12465,
  "name": "mutated tortoise",
  "combat_level": 247,
  "size": 4,
  "hitpoints": 440,
  "max_hit": 18,
  "attack_type": ["crush"],
  "attack_speed": 4,
  "aggressive": false,
  "poisonous": false,
  "venomous": false,
  "immune_poison": false,
  "immune_venom": false,
  "attributes": [],
  "category": ["warped creatures"],
  "slayer_monster": true,
  "slayer_level": 56,
  "slayer_xp": "4510.00",
  "slayer_masters": [
    "chaeldar",
    "konar quo maten",
    "nieve",
    "duradel"
  ],
  "attack_level": 130,
  "strength_level": 170,
  "defence_level": 120,
  "magic_level": 90,
  "ranged_level": 0,
  "attack_bonus": 0,
  "strength_bonus": 0,
  "attack_magic": 0,
  "magic_bonus": 0,
  "attack_ranged": 0,
  "ranged_bonus": 0,
  "defence_stab": 50,
  "defence_slash": 50,
  "defence_crush": 0,
  "defence_magic": 0,
  "defence_ranged": 60,
  "drops": []
}