{
  "id": 12464,
  "name": "mutated terrorbird",
  "combat_level": 178,
  "size": 3,
  "hitpoints": 320,
  "max_hit": 16,
  "attack_type": [
    "crush",
    "ranged"
  ],
  "attack_speed": 4,
  "aggressive": false,
  "poisonous": false,
  "venomous": false,
  "immune_poison": true,
  "immune_venom": true,
  "attributes": [],
  "category": ["warped creatures"],
  "slayer_monster": true,
  "slayer_level": 56,
  "slayer_xp": "3200.00",
  "slayer_masters": [
    "chaeldar",
    "konar",
    "nieve",
    "duradel"
  ],
  "attack_level": 90,
  "strength_level": 150,
  "defence_level": 40,
  "magic_level": 110,
  "ranged_level": 75,
  "attack_bonus": 0,
  "strength_bonus": 0,
  "attack_magic": 0,
  "magic_bonus": 0,
  "attack_ranged": 400,
  "ranged_bonus": 0,
  "defence_stab": 50,
  "defence_slash": 50,
  "defence_crush": 0,
  "defence_magic": 0,
  "defence_ranged": 62,
  "drops": []
}