{
  "id": 12491,
  "name": "warped terrorbird",
  "combat_level": 96,
  "size": 2,
  "hitpoints": 150,
  "max_hit": 10,
  "attack_type": [
    "crush",
    "ranged"
  ],
  "attack_speed": 4,
  "aggressive": true,
  "poisonous": false,
  "venomous": false,
  "immune_poison": false,
  "immune_venom": false,
  "attributes": [],
  "category": ["warped creatures"],
  "slayer_monster": true,
  "slayer_level": 56,
  "slayer_xp": "150.00",
  "slayer_masters": [
    "chaeldar",
    "konar",
    "nieve",
    "duradel"
  ],
  "attack_level": 60,
  "strength_level": 90,
  "defence_level": 20,
  "magic_level": 60,
  "ranged_level": 40,
  "attack_bonus": 0,
  "strength_bonus": 0,
  "attack_magic": 0,
  "magic_bonus": 0,
  "attack_ranged": 240,
  "ranged_bonus": 0,
  "defence_stab": 50,
  "defence_slash": 50,
  "defence_crush": 0,
  "defence_magic": 0,
  "defence_ranged": 62,
  "drops": []
}