{
  "id": 12490,
  "name": "warped tortoise",
  "combat_level": 121,
  "size": 3,
  "hitpoints": 200,
  "max_hit": 12,
  "attack_type": ["crush"],
  "attack_speed": 4,
  "aggressive": false,
  "poisonous": false,
  "venomous": false,
  "immune_poison": false,
  "immune_venom": false,
  "attributes": [],
  "category": ["warped creatures"],
  "slayer_monster": true,
  "slayer_level": 56,
  "slayer_xp": "200.00",
  "slayer_masters": [
    "chaeldar",
    "konar",
    "nieve",
    "duradel"
  ],
  "attack_level": 78,
  "strength_level": 106,
  "defence_level": 78,
  "magic_level": 50,
  "ranged_level": 0,
  "attack_bonus": 0,
  "strength_bonus": 0,
  "attack_magic": 0,
  "magic_bonus": 0,
  "attack_ranged": 0,
  "ranged_bonus": 0,
  "defence_stab": 50,
  "defence_slash": 50,
  "defence_crush": 0,
  "defence_magic": 0,
  "defence_ranged": 60,
  "drops": []
}