{
  "id": 12562,
  "name": "bloodthirsty cockathrice",
  "combat_level": 89,
  "size": 3,
  "hitpoints": 142,
  "max_hit": 13,
  "attack_type": ["stab"],
  "attack_speed": 4,
  "aggressive": false,
  "poisonous": false,
  "venomous": false,
  "immune_poison": false,
  "immune_venom": false,
  "attributes": [],
  "category": ["cockatrice"],
  "slayer_monster": true,
  "slayer_level": 25,
  "slayer_xp": "1420.00",
  "slayer_masters": [
    "mazchna",
    "vannaka",
    "chaeldar"
  ],
  "attack_level": 94,
  "strength_level": 117,
  "defence_level": 78,
  "magic_level": 1,
  "ranged_level": 1,
  "attack_bonus": 0,
  "strength_bonus": 0,
  "attack_magic": 0,
  "magic_bonus": 0,
  "attack_ranged": 0,
  "ranged_bonus": 0,
  "defence_stab": 20,
  "defence_slash": 20,
  "defence_crush": 0,
  "defence_magic": 20,
  "defence_ranged": 0,
  "drops": []
}