{
  "id": 12563,
  "name": "bloodthirsty pyrelord",
  "combat_level": 97,
  "size": 2,
  "hitpoints": 187,
  "max_hit": null,
  "attack_type": [
    "melee",
    "magic"
  ],
  "attack_speed": 4,
  "aggressive": false,
  "poisonous": false,
  "venomous": false,
  "immune_poison": false,
  "immune_venom": false,
  "attributes": ["demon"],
  "category": ["pyrefiends"],
  "slayer_monster": false,
  "slayer_level": 30,
  "slayer_xp": null,
  "slayer_masters": [],
  "attack_level": 147,
  "strength_level": 97,
  "defence_level": 52,
  "magic_level": 1,
  "ranged_level": 1,
  "attack_bonus": 0,
  "strength_bonus": 0,
  "attack_magic": 0,
  "magic_bonus": 0,
  "attack_ranged": 0,
  "ranged_bonus": 0,
  "defence_stab": 18,
  "defence_slash": 18,
  "defence_crush": 18,
  "defence_magic": 0,
  "defence_ranged": 18,
  "drops": []
}