{
  "id": 12565,
  "name": "bloodthirsty basilisk",
  "combat_level": 135,
  "size": 3,
  "hitpoints": 255,
  "max_hit": 16,
  "attack_type": ["slash"],
  "attack_speed": 4,
  "aggressive": false,
  "poisonous": false,
  "venomous": false,
  "immune_poison": false,
  "immune_venom": false,
  "attributes": [],
  "category": ["basilisks"],
  "slayer_monster": true,
  "slayer_level": 40,
  "slayer_xp": "2550.00",
  "slayer_masters": [
    "vannaka",
    "chaeldar",
    "konar",
    "nieve",
    "duradel"
  ],
  "attack_level": 132,
  "strength_level": 147,
  "defence_level": 130,
  "magic_level": 1,
  "ranged_level": 1,
  "attack_bonus": 0,
  "strength_bonus": 0,
  "attack_magic": 0,
  "magic_bonus": 0,
  "attack_ranged": 0,
  "ranged_bonus": 0,
  "defence_stab": 35,
  "defence_slash": 35,
  "defence_crush": 0,
  "defence_magic": 35,
  "defence_ranged": 0,
  "drops": []
}