{
  "id": 12569,
  "name": "bloodthirsty mutated bloodveld",
  "combat_level": 278,
  "size": 3,
  "hitpoints": 615,
  "max_hit": null,
  "attack_type": [
    "melee",
    "magic"
  ],
  "attack_speed": 4,
  "aggressive": false,
  "poisonous": false,
  "venomous": false,
  "immune_poison": true,
  "immune_venom": true,
  "attributes": ["demon"],
  "category": ["bloodveld"],
  "slayer_monster": true,
  "slayer_level": 50,
  "slayer_xp": "6150.00",
  "slayer_masters": [
    "vannaka",
    "chaeldar",
    "konar",
    "nieve",
    "duradel"
  ],
  "attack_level": 375,
  "strength_level": 285,
  "defence_level": 130,
  "magic_level": 1,
  "ranged_level": 1,
  "attack_bonus": 0,
  "strength_bonus": 0,
  "attack_magic": 0,
  "magic_bonus": 0,
  "attack_ranged": 0,
  "ranged_bonus": 0,
  "defence_stab": 0,
  "defence_slash": 0,
  "defence_crush": 0,
  "defence_magic": 0,
  "defence_ranged": 0,
  "drops": []
}