{
  "id": 12566,
  "name": "bloodthirsty basilisk sentinel",
  "combat_level": 358,
  "size": 3,
  "hitpoints": 780,
  "max_hit": 42,
  "attack_type": [
    "melee",
    "magic"
  ],
  "attack_speed": 4,
  "aggressive": false,
  "poisonous": false,
  "venomous": false,
  "immune_poison": true,
  "immune_venom": true,
  "attributes": [],
  "category": ["basilisks"],
  "slayer_monster": true,
  "slayer_level": 60,
  "slayer_xp": "8580.00",
  "slayer_masters": [
    "vannaka",
    "chaeldar",
    "konar",
    "nieve",
    "duradel"
  ],
  "attack_level": 411,
  "strength_level": 411,
  "defence_level": 274,
  "magic_level": 411,
  "ranged_level": 1,
  "attack_bonus": 12,
  "strength_bonus": 0,
  "attack_magic": 0,
  "magic_bonus": 12,
  "attack_ranged": 0,
  "ranged_bonus": 0,
  "defence_stab": 50,
  "defence_slash": 50,
  "defence_crush": 10,
  "defence_magic": 50,
  "defence_ranged": 10,
  "drops": []
}