{
  "id": 12568,
  "name": "bloodthirsty bloodveld",
  "combat_level": 202,
  "size": 3,
  "hitpoints": 435,
  "max_hit": null,
  "attack_type": [
    "melee",
    "magic"
  ],
  "attack_speed": 4,
  "aggressive": false,
  "poisonous": false,
  "venomous": false,
  "immune_poison": false,
  "immune_venom": false,
  "attributes": ["demon"],
  "category": ["bloodveld"],
  "slayer_monster": true,
  "slayer_level": 50,
  "slayer_xp": "4350.00",
  "slayer_masters": [
    "vannaka",
    "chaeldar",
    "konar",
    "nieve",
    "duradel"
  ],
  "attack_level": 285,
  "strength_level": 217,
  "defence_level": 85,
  "magic_level": 1,
  "ranged_level": 1,
  "attack_bonus": 0,
  "strength_bonus": 0,
  "attack_magic": 0,
  "magic_bonus": 0,
  "attack_ranged": 0,
  "ranged_bonus": 0,
  "defence_stab": 0,
  "defence_slash": 0,
  "defence_crush": 0,
  "defence_magic": 0,
  "defence_ranged": 0,
  "drops": []
}