{
  "id": 12572,
  "name": "bloodthirsty abomination",
  "combat_level": 206,
  "size": 2,
  "hitpoints": null,
  "max_hit": null,
  "attack_type": [
    "melee",
    "magic"
  ],
  "attack_speed": 4,
  "aggressive": false,
  "poisonous": false,
  "venomous": false,
  "immune_poison": false,
  "immune_venom": true,
  "attributes": [],
  "category": ["cave horrors"],
  "slayer_monster": false,
  "slayer_level": 58,
  "slayer_xp": null,
  "slayer_masters": [],
  "attack_level": 0,
  "strength_level": 0,
  "defence_level": 0,
  "magic_level": 0,
  "ranged_level": 0,
  "attack_bonus": 0,
  "strength_bonus": 0,
  "attack_magic": 0,
  "magic_bonus": 0,
  "attack_ranged": 0,
  "ranged_bonus": 0,
  "defence_stab": 0,
  "defence_slash": 0,
  "defence_crush": 0,
  "defence_magic": 0,
  "defence_ranged": 0,
  "drops": []
}