{
  "id": 12577,
  "name": "bloodthirsty smoke devil",
  "combat_level": 280,
  "size": 2,
  "hitpoints": 360,
  "max_hit": 35,
  "attack_type": [
    "ranged",
    "magic"
  ],
  "attack_speed": 4,
  "aggressive": false,
  "poisonous": false,
  "venomous": false,
  "immune_poison": false,
  "immune_venom": false,
  "attributes": [],
  "category": ["smoke devils"],
  "slayer_monster": true,
  "slayer_level": 93,
  "slayer_xp": "3600.00",
  "slayer_masters": [
    "konar",
    "nieve",
    "duradel"
  ],
  "attack_level": 360,
  "strength_level": 345,
  "defence_level": 390,
  "magic_level": 1,
  "ranged_level": 420,
  "attack_bonus": 0,
  "strength_bonus": 0,
  "attack_magic": 0,
  "magic_bonus": 0,
  "attack_ranged": 0,
  "ranged_bonus": 0,
  "defence_stab": 0,
  "defence_slash": 0,
  "defence_crush": 0,
  "defence_magic": 850,
  "defence_ranged": 80,
  "drops": []
}