{
  "id": 12570,
  "name": "bloodthirsty jelly",
  "combat_level": 206,
  "size": 2,
  "hitpoints": 285,
  "max_hit": 23,
  "attack_type": [
    "melee",
    "magic"
  ],
  "attack_speed": 4,
  "aggressive": false,
  "poisonous": false,
  "venomous": false,
  "immune_poison": true,
  "immune_venom": true,
  "attributes": [],
  "category": ["jellies"],
  "slayer_monster": true,
  "slayer_level": 52,
  "slayer_xp": "2850.00",
  "slayer_masters": [
    "vannaka",
    "chaeldar",
    "konar"
  ],
  "attack_level": 255,
  "strength_level": 225,
  "defence_level": 220,
  "magic_level": 225,
  "ranged_level": 1,
  "attack_bonus": 0,
  "strength_bonus": 0,
  "attack_magic": 0,
  "magic_bonus": 0,
  "attack_ranged": 0,
  "ranged_bonus": 0,
  "defence_stab": 0,
  "defence_slash": 0,
  "defence_crush": 0,
  "defence_magic": 0,
  "defence_ranged": 0,
  "drops": []
}