{
  "id": 12571,
  "name": "bloodthirsty warped jelly",
  "combat_level": 241,
  "size": 3,
  "hitpoints": 330,
  "max_hit": 28,
  "attack_type": [
    "melee",
    "magic"
  ],
  "attack_speed": 4,
  "aggressive": false,
  "poisonous": false,
  "venomous": false,
  "immune_poison": true,
  "immune_venom": true,
  "attributes": [],
  "category": ["jellies"],
  "slayer_monster": true,
  "slayer_level": 52,
  "slayer_xp": "2200.00",
  "slayer_masters": [
    "vannaka",
    "chaeldar",
    "konar"
  ],
  "attack_level": 300,
  "strength_level": 270,
  "defence_level": 250,
  "magic_level": 270,
  "ranged_level": 1,
  "attack_bonus": 0,
  "strength_bonus": 0,
  "attack_magic": 0,
  "magic_bonus": 0,
  "attack_ranged": 0,
  "ranged_bonus": 0,
  "defence_stab": 0,
  "defence_slash": 0,
  "defence_crush": 0,
  "defence_magic": 0,
  "defence_ranged": 0,
  "drops": []
}