{
  "id": 12578,
  "name": "bloodthirsty gargoyle",
  "combat_level": 349,
  "size": 3,
  "hitpoints": null,
  "max_hit": null,
  "attack_type": [
    "slash",
    "ranged",
    "magic"
  ],
  "attack_speed": 4,
  "aggressive": false,
  "poisonous": false,
  "venomous": false,
  "immune_poison": false,
  "immune_venom": false,
  "attributes": [],
  "category": ["gargoyles"],
  "slayer_monster": false,
  "slayer_level": 75,
  "slayer_xp": null,
  "slayer_masters": [],
  "attack_level": 0,
  "strength_level": 0,
  "defence_level": 0,
  "magic_level": 0,
  "ranged_level": 0,
  "attack_bonus": 0,
  "strength_bonus": 0,
  "attack_magic": 0,
  "magic_bonus": 0,
  "attack_ranged": 0,
  "ranged_bonus": 0,
  "defence_stab": 0,
  "defence_slash": 0,
  "defence_crush": 0,
  "defence_magic": 0,
  "defence_ranged": 0,
  "drops": []
}