{
  "id": 12576,
  "name": "bloodthirsty kurask",
  "combat_level": 295,
  "size": 5,
  "hitpoints": 405,
  "max_hit": 49,
  "attack_type": ["crush"],
  "attack_speed": 4,
  "aggressive": true,
  "poisonous": false,
  "venomous": false,
  "immune_poison": false,
  "immune_venom": false,
  "attributes": ["leafy"],
  "category": ["kurask"],
  "slayer_monster": false,
  "slayer_level": 70,
  "slayer_xp": null,
  "slayer_masters": [],
  "attack_level": 285,
  "strength_level": 480,
  "defence_level": 250,
  "magic_level": 1,
  "ranged_level": 1,
  "attack_bonus": 0,
  "strength_bonus": 0,
  "attack_magic": 0,
  "magic_bonus": 0,
  "attack_ranged": 0,
  "ranged_bonus": 0,
  "defence_stab": 0,
  "defence_slash": 50,
  "defence_crush": 5,
  "defence_magic": 0,
  "defence_ranged": 0,
  "drops": []
}