{
  "id": 12584,
  "name": "bloodthirsty shadow wyrm",
  "combat_level": 267,
  "size": 5,
  "hitpoints": 480,
  "max_hit": 41,
  "attack_type": [
    "melee",
    "magic"
  ],
  "attack_speed": 4,
  "aggressive": false,
  "poisonous": false,
  "venomous": false,
  "immune_poison": true,
  "immune_venom": true,
  "attributes": ["dragon"],
  "category": ["wyrms"],
  "slayer_monster": true,
  "slayer_level": 62,
  "slayer_xp": "5520.00",
  "slayer_masters": [
    "chaeldar",
    "konar",
    "nieve",
    "duradel"
  ],
  "attack_level": 450,
  "strength_level": 270,
  "defence_level": 125,
  "magic_level": 240,
  "ranged_level": 187,
  "attack_bonus": 0,
  "strength_bonus": 30,
  "attack_magic": 0,
  "magic_bonus": 30,
  "attack_ranged": 0,
  "ranged_bonus": 0,
  "defence_stab": 20,
  "defence_slash": 100,
  "defence_crush": 100,
  "defence_magic": 50,
  "defence_ranged": 20,
  "drops": []
}