{
  "id": 12586,
  "name": "bloodthirsty drake",
  "combat_level": 386,
  "size": 5,
  "hitpoints": 945,
  "max_hit": 37,
  "attack_type": [
    "melee",
    "ranged"
  ],
  "attack_speed": 4,
  "aggressive": false,
  "poisonous": false,
  "venomous": false,
  "immune_poison": true,
  "immune_venom": true,
  "attributes": ["dragon"],
  "category": ["drakes"],
  "slayer_monster": false,
  "slayer_level": 84,
  "slayer_xp": null,
  "slayer_masters": [],
  "attack_level": 405,
  "strength_level": 420,
  "defence_level": 200,
  "magic_level": 450,
  "ranged_level": 360,
  "attack_bonus": 0,
  "strength_bonus": 12,
  "attack_magic": 0,
  "magic_bonus": 0,
  "attack_ranged": 0,
  "ranged_bonus": 40,
  "defence_stab": 60,
  "defence_slash": 100,
  "defence_crush": 100,
  "defence_magic": 20,
  "defence_ranged": 150,
  "drops": []
}