{
  "id": 12588,
  "name": "bloodthirsty hydra",
  "combat_level": 334,
  "size": 5,
  "hitpoints": 1125,
  "max_hit": 38,
  "attack_type": [
    "ranged",
    "magic"
  ],
  "attack_speed": 6,
  "aggressive": false,
  "poisonous": false,
  "venomous": false,
  "immune_poison": true,
  "immune_venom": true,
  "attributes": ["dragon"],
  "category": ["hydras"],
  "slayer_monster": true,
  "slayer_level": 95,
  "slayer_xp": "13777.50",
  "slayer_masters": ["konar"],
  "attack_level": 1,
  "strength_level": 1,
  "defence_level": 100,
  "magic_level": 375,
  "ranged_level": 375,
  "attack_bonus": 0,
  "strength_bonus": 0,
  "attack_magic": 0,
  "magic_bonus": 0,
  "attack_ranged": 0,
  "ranged_bonus": 0,
  "defence_stab": 100,
  "defence_slash": 200,
  "defence_crush": 200,
  "defence_magic": 200,
  "defence_ranged": 20,
  "drops": []
}