{
  "id": 12580,
  "name": "bloodthirsty night beast",
  "combat_level": 374,
  "size": 4,
  "hitpoints": 825,
  "max_hit": 44,
  "attack_type": [
    "crush",
    "magic"
  ],
  "attack_speed": 4,
  "aggressive": false,
  "poisonous": false,
  "venomous": false,
  "immune_poison": false,
  "immune_venom": false,
  "attributes": [],
  "category": ["dark beasts"],
  "slayer_monster": true,
  "slayer_level": 90,
  "slayer_xp": "10312.40",
  "slayer_masters": [
    "konar",
    "nieve",
    "duradel"
  ],
  "attack_level": 405,
  "strength_level": 435,
  "defence_level": 220,
  "magic_level": 450,
  "ranged_level": 1,
  "attack_bonus": 0,
  "strength_bonus": 0,
  "attack_magic": 0,
  "magic_bonus": 0,
  "attack_ranged": 0,
  "ranged_bonus": 0,
  "defence_stab": 75,
  "defence_slash": 80,
  "defence_crush": 200,
  "defence_magic": 190,
  "defence_ranged": 200,
  "drops": []
}