{
  "id": 12582,
  "name": "bloodthirsty nechryarch",
  "combat_level": 300,
  "size": 2,
  "hitpoints": 292,
  "max_hit": 43,
  "attack_type": ["melee"],
  "attack_speed": 4,
  "aggressive": false,
  "poisonous": false,
  "venomous": false,
  "immune_poison": false,
  "immune_venom": false,
  "attributes": ["leafy"],
  "category": ["turoth"],
  "slayer_monster": true,
  "slayer_level": 55,
  "slayer_xp": "2993.00",
  "slayer_masters": [
    "vannaka",
    "chaeldar",
    "konar",
    "nieve"
  ],
  "attack_level": 306,
  "strength_level": 420,
  "defence_level": 154,
  "magic_level": 1,
  "ranged_level": 1,
  "attack_bonus": 0,
  "strength_bonus": 0,
  "attack_magic": 0,
  "magic_bonus": 0,
  "attack_ranged": 0,
  "ranged_bonus": 0,
  "defence_stab": 0,
  "defence_slash": 40,
  "defence_crush": 40,
  "defence_magic": 0,
  "defence_ranged": 0,
  "drops": []
}