{
  "id": 12581,
  "name": "bloodthirsty abyssal demon",
  "combat_level": 342,
  "size": 1,
  "hitpoints": 600,
  "max_hit": 40,
  "attack_type": ["stab"],
  "attack_speed": 4,
  "aggressive": false,
  "poisonous": false,
  "venomous": false,
  "immune_poison": false,
  "immune_venom": false,
  "attributes": ["demon"],
  "category": ["abyssal demons"],
  "slayer_monster": true,
  "slayer_level": 85,
  "slayer_xp": "6600.00",
  "slayer_masters": [
    "vannaka",
    "chaeldar",
    "konar",
    "nieve",
    "duradel"
  ],
  "attack_level": 450,
  "strength_level": 390,
  "defence_level": 240,
  "magic_level": 1,
  "ranged_level": 1,
  "attack_bonus": 0,
  "strength_bonus": 0,
  "attack_magic": 0,
  "magic_bonus": 0,
  "attack_ranged": 0,
  "ranged_bonus": 0,
  "defence_stab": 50,
  "defence_slash": 50,
  "defence_crush": 50,
  "defence_magic": 0,
  "defence_ranged": 50,
  "drops": []
}