{"name":"ram","combat_level":2,"size":1,"hitpoints":8,"max_hit":1,"attack_type":["crush"],"attack_speed":4,"aggressive":false,"poisonous":false,"venomous":false,"immune_poison":false,"immune_venom":false,"attributes":[],"category":[],"slayer_monster":false,"slayer_level":null,"slayer_xp":null,"slayer_masters":[],"attack_level":1,"strength_level":1,"defence_level":1,"magic_level":1,"ranged_level":1,"attack_bonus":-15,"strength_bonus":-15,"attack_magic":0,"magic_bonus":0,"attack_ranged":0,"ranged_bonus":0,"defence_stab":-21,"defence_slash":-21,"defence_crush":-21,"defence_magic":-21,"defence_ranged":-21,"drops":[{"id":526,"name":"bones","quantity":"1","noted":false,"rarity":"1.00","rolls":1},{"id":7818,"name":"ram skull","quantity":"1","noted":false,"rarity":"1.00","rolls":1}]}