{
  "id": 12735,
  "name": "armoured zombie",
  "combat_level": 85,
  "size": 1,
  "hitpoints": 85,
  "max_hit": 8,
  "attack_type": ["ranged"],
  "attack_speed": 4,
  "aggressive": true,
  "poisonous": false,
  "venomous": false,
  "immune_poison": false,
  "immune_venom": false,
  "attributes": ["undead"],
  "category": ["zombies"],
  "slayer_monster": true,
  "slayer_level": 1,
  "slayer_xp": "85.00",
  "slayer_masters": [
    "turael",
    "spria",
    "mazchna"
  ],
  "attack_level": 73,
  "strength_level": 72,
  "defence_level": 68,
  "magic_level": 1,
  "ranged_level": 0,
  "attack_bonus": 0,
  "strength_bonus": 0,
  "attack_magic": 0,
  "magic_bonus": 0,
  "attack_ranged": 0,
  "ranged_bonus": 0,
  "defence_stab": 20,
  "defence_slash": 20,
  "defence_crush": 0,
  "defence_magic": 0,
  "defence_ranged": 10,
  "drops": []
}