{
  "id": 12810,
  "name": "jaguar warrior",
  "combat_level": 234,
  "size": 2,
  "hitpoints": 125,
  "max_hit": 47,
  "attack_type": ["slash"],
  "attack_speed": 5,
  "aggressive": true,
  "poisonous": false,
  "venomous": false,
  "immune_poison": true,
  "immune_venom": true,
  "attributes": [],
  "category": [],
  "slayer_monster": false,
  "slayer_level": null,
  "slayer_xp": null,
  "slayer_masters": [],
  "attack_level": 200,
  "strength_level": 330,
  "defence_level": 125,
  "magic_level": 100,
  "ranged_level": 160,
  "attack_bonus": 0,
  "strength_bonus": 25,
  "attack_magic": 0,
  "magic_bonus": 0,
  "attack_ranged": 0,
  "ranged_bonus": 0,
  "defence_stab": 30,
  "defence_slash": 30,
  "defence_crush": 30,
  "defence_magic": 15,
  "defence_ranged": 45,
  "drops": []
}