{
  "id": 12818,
  "name": "manticore",
  "combat_level": 320,
  "size": 3,
  "hitpoints": 250,
  "max_hit": 31,
  "attack_type": [
    "melee",
    "ranged",
    "magic"
  ],
  "attack_speed": 10,
  "aggressive": true,
  "poisonous": false,
  "venomous": false,
  "immune_poison": true,
  "immune_venom": true,
  "attributes": [],
  "category": [],
  "slayer_monster": false,
  "slayer_level": null,
  "slayer_xp": null,
  "slayer_masters": [],
  "attack_level": 300,
  "strength_level": 300,
  "defence_level": 250,
  "magic_level": 300,
  "ranged_level": 350,
  "attack_bonus": 0,
  "strength_bonus": 0,
  "attack_magic": 0,
  "magic_bonus": 0,
  "attack_ranged": 0,
  "ranged_bonus": 0,
  "defence_stab": 0,
  "defence_slash": 0,
  "defence_crush": 0,
  "defence_magic": 10,
  "defence_ranged": 25,
  "drops": []
}