{
  "id": 12814,
  "name": "fremennik warband archer",
  "combat_level": 104,
  "size": 1,
  "hitpoints": 50,
  "max_hit": 1,
  "attack_type": ["ranged"],
  "attack_speed": 5,
  "aggressive": true,
  "poisonous": false,
  "venomous": false,
  "immune_poison": true,
  "immune_venom": true,
  "attributes": [],
  "category": [],
  "slayer_monster": false,
  "slayer_level": null,
  "slayer_xp": null,
  "slayer_masters": [],
  "attack_level": 110,
  "strength_level": 110,
  "defence_level": 80,
  "magic_level": 110,
  "ranged_level": 3,
  "attack_bonus": 150,
  "strength_bonus": 150,
  "attack_magic": 150,
  "magic_bonus": 0,
  "attack_ranged": 0,
  "ranged_bonus": 0,
  "defence_stab": 0,
  "defence_slash": 0,
  "defence_crush": 0,
  "defence_magic": 75,
  "defence_ranged": 50,
  "drops": []
}