{
  "id": 12819,
  "name": "shockwave colossus",
  "combat_level": 239,
  "size": 3,
  "hitpoints": 125,
  "max_hit": 56,
  "attack_type": ["magic"],
  "attack_speed": 5,
  "aggressive": false,
  "poisonous": false,
  "venomous": false,
  "immune_poison": false,
  "immune_venom": false,
  "attributes": [],
  "category": [],
  "slayer_monster": false,
  "slayer_level": null,
  "slayer_xp": null,
  "slayer_masters": [],
  "attack_level": 120,
  "strength_level": 190,
  "defence_level": 150,
  "magic_level": 350,
  "ranged_level": 220,
  "attack_bonus": 0,
  "strength_bonus": 0,
  "attack_magic": 55,
  "magic_bonus": 35,
  "attack_ranged": 0,
  "ranged_bonus": 0,
  "defence_stab": 15,
  "defence_slash": 15,
  "defence_crush": 15,
  "defence_magic": 5,
  "defence_ranged": 35,
  "drops": []
}