{
  "id": 12811,
  "name": "serpent shaman",
  "combat_level": 161,
  "size": 1,
  "hitpoints": 125,
  "max_hit": null,
  "attack_type": ["magic"],
  "attack_speed": 5,
  "aggressive": true,
  "poisonous": false,
  "venomous": false,
  "immune_poison": true,
  "immune_venom": true,
  "attributes": [],
  "category": [],
  "slayer_monster": false,
  "slayer_level": null,
  "slayer_xp": null,
  "slayer_masters": [],
  "attack_level": 100,
  "strength_level": 90,
  "defence_level": 90,
  "magic_level": 220,
  "ranged_level": 160,
  "attack_bonus": 0,
  "strength_bonus": 0,
  "attack_magic": 50,
  "magic_bonus": 15,
  "attack_ranged": 0,
  "ranged_bonus": 0,
  "defence_stab": 30,
  "defence_slash": 30,
  "defence_crush": 30,
  "defence_magic": 15,
  "defence_ranged": 50,
  "drops": []
}