{
  "id": 12817,
  "name": "javelin colossus",
  "combat_level": 278,
  "size": 3,
  "hitpoints": 220,
  "max_hit": 48,
  "attack_type": ["ranged"],
  "attack_speed": 5,
  "aggressive": true,
  "poisonous": false,
  "venomous": false,
  "immune_poison": true,
  "immune_venom": true,
  "attributes": [],
  "category": [],
  "slayer_monster": false,
  "slayer_level": null,
  "slayer_xp": null,
  "slayer_masters": [],
  "attack_level": 200,
  "strength_level": 300,
  "defence_level": 190,
  "magic_level": 225,
  "ranged_level": 360,
  "attack_bonus": 0,
  "strength_bonus": 0,
  "attack_magic": 0,
  "magic_bonus": 0,
  "attack_ranged": 25,
  "ranged_bonus": 20,
  "defence_stab": 15,
  "defence_slash": 15,
  "defence_crush": 15,
  "defence_magic": 20,
  "defence_ranged": 30,
  "drops": []
}