{
  "id": 12813,
  "name": "minotaur",
  "combat_level": 318,
  "size": 3,
  "hitpoints": 225,
  "max_hit": 74,
  "attack_type": ["crush"],
  "attack_speed": 5,
  "aggressive": true,
  "poisonous": false,
  "venomous": false,
  "immune_poison": false,
  "immune_venom": false,
  "attributes": [],
  "category": [],
  "slayer_monster": false,
  "slayer_level": null,
  "slayer_xp": null,
  "slayer_masters": [],
  "attack_level": 300,
  "strength_level": 360,
  "defence_level": 190,
  "magic_level": 250,
  "ranged_level": 120,
  "attack_bonus": 0,
  "strength_bonus": 65,
  "attack_magic": 0,
  "magic_bonus": 0,
  "attack_ranged": 0,
  "ranged_bonus": 0,
  "defence_stab": 0,
  "defence_slash": 0,
  "defence_crush": 0,
  "defence_magic": 0,
  "defence_ranged": 12,
  "drops": []
}