{"name":"riyl shadow","combat_level":80,"size":1,"hitpoints":76,"max_hit":6,"attack_type":["crush"],"attack_speed":4,"aggressive":true,"poisonous":false,"venomous":false,"immune_poison":true,"immune_venom":true,"attributes":["shade","spectral","undead"],"category":["shades"],"slayer_monster":true,"slayer_level":1,"slayer_xp":"76.00","slayer_masters":["mazchna","vannaka"],"attack_level":88,"strength_level":55,"defence_level":60,"magic_level":0,"ranged_level":0,"attack_bonus":0,"strength_bonus":0,"attack_magic":0,"magic_bonus":0,"attack_ranged":0,"ranged_bonus":0,"defence_stab":0,"defence_slash":0,"defence_crush":0,"defence_magic":0,"defence_ranged":0,"drops":[{"id":3400,"name":"riyl remains","quantity":"1","noted":false,"rarity":"1.00","rolls":1}]}