{
  "id": 12821,
  "name": "sol heredit",
  "combat_level": 1563,
  "size": 5,
  "hitpoints": 1500,
  "max_hit": 44,
  "attack_type": ["crush"],
  "attack_speed": 4,
  "aggressive": true,
  "poisonous": false,
  "venomous": false,
  "immune_poison": true,
  "immune_venom": true,
  "attributes": [],
  "category": [],
  "slayer_monster": false,
  "slayer_level": null,
  "slayer_xp": null,
  "slayer_masters": [],
  "attack_level": 350,
  "strength_level": 400,
  "defence_level": 200,
  "magic_level": 300,
  "ranged_level": 350,
  "attack_bonus": 250,
  "strength_bonus": 5,
  "attack_magic": 0,
  "magic_bonus": 0,
  "attack_ranged": 150,
  "ranged_bonus": 5,
  "defence_stab": 65,
  "defence_slash": 5,
  "defence_crush": 30,
  "defence_magic": 750,
  "defence_ranged": 825,
  "drops": []
}