{"name":"asyn shadow","combat_level":100,"size":1,"hitpoints":90,"max_hit":9,"attack_type":["crush"],"attack_speed":4,"aggressive":false,"poisonous":false,"venomous":false,"immune_poison":false,"immune_venom":false,"attributes":["shade","spectral","undead"],"category":["shades"],"slayer_monster":true,"slayer_level":1,"slayer_xp":"90.00","slayer_masters":["mazchna","vannaka"],"attack_level":102,"strength_level":84,"defence_level":70,"magic_level":0,"ranged_level":0,"attack_bonus":0,"strength_bonus":0,"attack_magic":0,"magic_bonus":0,"attack_ranged":0,"ranged_bonus":0,"defence_stab":0,"defence_slash":0,"defence_crush":0,"defence_magic":0,"defence_ranged":0,"drops":[]}