{
  "id": 12879,
  "name": "sulphur nagua",
  "combat_level": 98,
  "size": 2,
  "hitpoints": 100,
  "max_hit": 11,
  "attack_type": ["slash"],
  "attack_speed": 4,
  "aggressive": true,
  "poisonous": false,
  "venomous": false,
  "immune_poison": false,
  "immune_venom": false,
  "attributes": [],
  "category": ["lesser nagua"],
  "slayer_monster": true,
  "slayer_level": 48,
  "slayer_xp": "105.00",
  "slayer_masters": [
    "chaeldar",
    "konar"
  ],
  "attack_level": 90,
  "strength_level": 105,
  "defence_level": 40,
  "magic_level": 50,
  "ranged_level": 1,
  "attack_bonus": 90,
  "strength_bonus": 0,
  "attack_magic": 0,
  "magic_bonus": 0,
  "attack_ranged": 0,
  "ranged_bonus": 0,
  "defence_stab": 50,
  "defence_slash": 50,
  "defence_crush": 10,
  "defence_magic": 200,
  "defence_ranged": 200,
  "drops": []
}