{
  "id": 12919,
  "name": "cultist",
  "combat_level": 34,
  "size": 1,
  "hitpoints": 25,
  "max_hit": 4,
  "attack_type": ["stab"],
  "attack_speed": 4,
  "aggressive": true,
  "poisonous": false,
  "venomous": false,
  "immune_poison": false,
  "immune_venom": false,
  "attributes": [],
  "category": [],
  "slayer_monster": false,
  "slayer_level": null,
  "slayer_xp": null,
  "slayer_masters": [],
  "attack_level": 30,
  "strength_level": 35,
  "defence_level": 30,
  "magic_level": 1,
  "ranged_level": 1,
  "attack_bonus": 0,
  "strength_bonus": 0,
  "attack_magic": 0,
  "magic_bonus": 0,
  "attack_ranged": 0,
  "ranged_bonus": 0,
  "defence_stab": 20,
  "defence_slash": 20,
  "defence_crush": 30,
  "defence_magic": 10,
  "defence_ranged": 20,
  "drops": []
}