{"name":"afflicted","combat_level":32,"size":1,"hitpoints":26,"max_hit":4,"attack_type":["crush"],"attack_speed":4,"aggressive":true,"poisonous":false,"venomous":false,"immune_poison":false,"immune_venom":false,"attributes":[],"category":[],"slayer_monster":false,"slayer_level":null,"slayer_xp":null,"slayer_masters":[],"attack_level":26,"strength_level":26,"defence_level":36,"magic_level":1,"ranged_level":1,"attack_bonus":0,"strength_bonus":0,"attack_magic":0,"magic_bonus":0,"attack_ranged":0,"ranged_bonus":0,"defence_stab":0,"defence_slash":0,"defence_crush":0,"defence_magic":0,"defence_ranged":0,"drops":[{"id":526,"name":"bones","quantity":"1","noted":false,"rarity":"1.00","rolls":1},{"id":199,"name":"grimy guam leaf","quantity":"1","noted":false,"rarity":"0.04","rolls":1},{"id":201,"name":"grimy marrentill","quantity":"1","noted":false,"rarity":"0.03","rolls":1},{"id":203,"name":"grimy tarromin","quantity":"1","noted":false,"rarity":"0.03","rolls":1},{"id":205,"name":"grimy harralander","quantity":"1","noted":false,"rarity":"0.02","rolls":1},{"id":207,"name":"grimy ranarr weed","quantity":"1","noted":false,"rarity":"0.02","rolls":1},{"id":209,"name":"grimy irit leaf","quantity":"1","noted":false,"rarity":"0.01","rolls":1},{"id":211,"name":"grimy avantoe","quantity":"1","noted":false,"rarity":"0.01","rolls":1},{"id":213,"name":"grimy kwuarm","quantity":"1","noted":false,"rarity":"0.01","rolls":1},{"id":215,"name":"grimy cadantine","quantity":"1","noted":false,"rarity":"0.01","rolls":1},{"id":2485,"name":"grimy lantadyme","quantity":"1","noted":false,"rarity":"0.00","rolls":1},{"id":1139,"name":"bronze med helm","quantity":"1","noted":false,"rarity":"0.02","rolls":1},{"id":217,"name":"grimy dwarf weed","quantity":"1","noted":false,"rarity":"0.00","rolls":1},{"id":995,"name":"coins","quantity":"3","noted":false,"rarity":"0.30","rolls":1},{"id":995,"name":"coins","quantity":"5","noted":false,"rarity":"0.07","rolls":1},{"id":995,"name":"coins","quantity":"15","noted":false,"rarity":"0.03","rolls":1},{"id":995,"name":"coins","quantity":"25","noted":false,"rarity":"0.01","rolls":1},{"id":313,"name":"fishing bait","quantity":"1","noted":false,"rarity":"0.04","rolls":1},{"id":436,"name":"copper ore","quantity":"1","noted":false,"rarity":"0.02","rolls":1},{"id":1440,"name":"earth talisman","quantity":"1","noted":false,"rarity":"0.02","rolls":1},{"id":1965,"name":"cabbage","quantity":"1","noted":false,"rarity":"0.01","rolls":1},{"id":23182,"name":"clue scroll (beginner)","quantity":"1","noted":false,"rarity":"0.01","rolls":1},{"id":1203,"name":"iron dagger","quantity":"1","noted":false,"rarity":"0.01","rolls":1},{"id":2677,"name":"clue scroll (easy)","quantity":"1","noted":false,"rarity":"0.01","rolls":1},{"id":877,"name":"bronze bolts","quantity":"2-12","noted":false,"rarity":"0.17","rolls":1},{"id":882,"name":"bronze arrow","quantity":"7","noted":false,"rarity":"0.02","rolls":1},{"id":557,"name":"earth rune","quantity":"4","noted":false,"rarity":"0.02","rolls":1},{"id":554,"name":"fire rune","quantity":"6","noted":false,"rarity":"0.02","rolls":1},{"id":558,"name":"mind rune","quantity":"9","noted":false,"rarity":"0.02","rolls":1},{"id":562,"name":"chaos rune","quantity":"2","noted":false,"rarity":"0.01","rolls":1}]}