{
  "id": 130,
  "name": "skeleton",
  "combat_level": 22,
  "size": 1,
  "hitpoints": 29,
  "max_hit": 3,
  "attack_type": ["crush"],
  "attack_speed": 4,
  "aggressive": true,
  "poisonous": false,
  "venomous": false,
  "immune_poison": false,
  "immune_venom": false,
  "attributes": [],
  "category": [],
  "slayer_monster": false,
  "slayer_level": null,
  "slayer_xp": null,
  "slayer_masters": [],
  "attack_level": 15,
  "strength_level": 18,
  "defence_level": 17,
  "magic_level": 1,
  "ranged_level": 1,
  "attack_bonus": 0,
  "strength_bonus": 0,
  "attack_magic": 0,
  "magic_bonus": 0,
  "attack_ranged": 0,
  "ranged_bonus": 0,
  "defence_stab": 9,
  "defence_slash": 11,
  "defence_crush": -2,
  "defence_magic": 1,
  "defence_ranged": 4,
  "drops": [
    {
      "id": 199,
      "quantity": "1",
      "noted": false,
      "rarity": "0.04",
      "rolls": 1
    },
    {
      "id": 201,
      "quantity": "1",
      "noted": false,
      "rarity": "0.03",
      "rolls": 1
    },
    {
      "id": 203,
      "quantity": "1",
      "noted": false,
      "rarity": "0.02",
      "rolls": 1
    },
    {
      "id": 205,
      "quantity": "1",
      "noted": false,
      "rarity": "0.02",
      "rolls": 1
    },
    {
      "id": 207,
      "quantity": "1",
      "noted": false,
      "rarity": "0.01",
      "rolls": 1
    },
    {
      "id": 209,
      "quantity": "1",
      "noted": false,
      "rarity": "0.01",
      "rolls": 1
    },
    {
      "id": 211,
      "quantity": "1",
      "noted": false,
      "rarity": "0.01",
      "rolls": 1
    },
    {
      "id": 213,
      "quantity": "1",
      "noted": false,
      "rarity": "0.01",
      "rolls": 1
    },
    {
      "id": 215,
      "quantity": "1",
      "noted": false,
      "rarity": "0.01",
      "rolls": 1
    },
    {
      "id": 2485,
      "quantity": "1",
      "noted": false,
      "rarity": "0.00",
      "rolls": 1
    },
    {
      "id": 217,
      "quantity": "1",
      "noted": false,
      "rarity": "0.00",
      "rolls": 1
    },
    {
      "id": 23490,
      "quantity": "1",
      "noted": false,
      "rarity": "0.00",
      "rolls": 1
    },
    {
      "id": 21257,
      "quantity": "1",
      "noted": false,
      "rarity": "0.00",
      "rolls": 1
    },
    {
      "id": 199,
      "quantity": "1",
      "noted": false,
      "rarity": "0.04",
      "rolls": 1
    },
    {
      "id": 201,
      "quantity": "1",
      "noted": false,
      "rarity": "0.03",
      "rolls": 1
    },
    {
      "id": 203,
      "quantity": "1",
      "noted": false,
      "rarity": "0.02",
      "rolls": 1
    },
    {
      "id": 205,
      "quantity": "1",
      "noted": false,
      "rarity": "0.02",
      "rolls": 1
    },
    {
      "id": 207,
      "quantity": "1",
      "noted": false,
      "rarity": "0.01",
      "rolls": 1
    },
    {
      "id": 209,
      "quantity": "1",
      "noted": false,
      "rarity": "0.01",
      "rolls": 1
    },
    {
      "id": 211,
      "quantity": "1",
      "noted": false,
      "rarity": "0.01",
      "rolls": 1
    },
    {
      "id": 213,
      "quantity": "1",
      "noted": false,
      "rarity": "0.01",
      "rolls": 1
    },
    {
      "id": 215,
      "quantity": "1",
      "noted": false,
      "rarity": "0.00",
      "rolls": 1
    },
    {
      "id": 2485,
      "quantity": "1",
      "noted": false,
      "rarity": "0.00",
      "rolls": 1
    },
    {
      "id": 217,
      "quantity": "1",
      "noted": false,
      "rarity": "0.00",
      "rolls": 1
    }
  ]
}