{
  "id": 13004,
  "name": "buffalo",
  "combat_level": 9,
  "size": 2,
  "hitpoints": 20,
  "max_hit": 2,
  "attack_type": ["crush"],
  "attack_speed": 4,
  "aggressive": false,
  "poisonous": false,
  "venomous": false,
  "immune_poison": false,
  "immune_venom": false,
  "attributes": [],
  "category": ["cows"],
  "slayer_monster": true,
  "slayer_level": 1,
  "slayer_xp": "20.00",
  "slayer_masters": ["turael"],
  "attack_level": 6,
  "strength_level": 6,
  "defence_level": 1,
  "magic_level": 1,
  "ranged_level": 1,
  "attack_bonus": 0,
  "strength_bonus": 0,
  "attack_magic": 0,
  "magic_bonus": 0,
  "attack_ranged": 0,
  "ranged_bonus": 0,
  "defence_stab": -21,
  "defence_slash": -21,
  "defence_crush": -21,
  "defence_magic": -21,
  "defence_ranged": -21,
  "drops": []
}