{
  "id": 13013,
  "name": "blue moon",
  "combat_level": 329,
  "size": 1,
  "hitpoints": 500,
  "max_hit": 18,
  "attack_type": ["slash"],
  "attack_speed": 4,
  "aggressive": true,
  "poisonous": false,
  "venomous": false,
  "immune_poison": true,
  "immune_venom": true,
  "attributes": [],
  "category": [],
  "slayer_monster": false,
  "slayer_level": null,
  "slayer_xp": null,
  "slayer_masters": [],
  "attack_level": 258,
  "strength_level": 100,
  "defence_level": 60,
  "magic_level": 100,
  "ranged_level": 1,
  "attack_bonus": 100,
  "strength_bonus": 0,
  "attack_magic": 0,
  "magic_bonus": 0,
  "attack_ranged": 0,
  "ranged_bonus": 0,
  "defence_stab": 100,
  "defence_slash": 100,
  "defence_crush": 0,
  "defence_magic": 500,
  "defence_ranged": 500,
  "drops": []
}