{
  "id": 13029,
  "name": "grimy lizard",
  "combat_level": 50,
  "size": 2,
  "hitpoints": 75,
  "max_hit": 3,
  "attack_type": ["crush"],
  "attack_speed": 4,
  "aggressive": false,
  "poisonous": true,
  "venomous": false,
  "immune_poison": true,
  "immune_venom": true,
  "attributes": [],
  "category": ["lizard"],
  "slayer_monster": false,
  "slayer_level": 44,
  "slayer_xp": null,
  "slayer_masters": [],
  "attack_level": 65,
  "strength_level": 25,
  "defence_level": 10,
  "magic_level": 25,
  "ranged_level": 1,
  "attack_bonus": 0,
  "strength_bonus": 0,
  "attack_magic": 0,
  "magic_bonus": 0,
  "attack_ranged": 0,
  "ranged_bonus": 0,
  "defence_stab": 35,
  "defence_slash": 15,
  "defence_crush": 50,
  "defence_magic": 50,
  "defence_ranged": 35,
  "drops": []
}