{
  "id": 13032,
  "name": "wyrmling",
  "combat_level": 55,
  "size": 2,
  "hitpoints": 65,
  "max_hit": 5,
  "attack_type": ["slash"],
  "attack_speed": 4,
  "aggressive": false,
  "poisonous": false,
  "venomous": false,
  "immune_poison": false,
  "immune_venom": false,
  "attributes": ["dragon"],
  "category": ["wyrms"],
  "slayer_monster": true,
  "slayer_level": 62,
  "slayer_xp": "65.00",
  "slayer_masters": [
    "chaeldar",
    "konar",
    "nieve",
    "duradel"
  ],
  "attack_level": 20,
  "strength_level": 30,
  "defence_level": 40,
  "magic_level": 60,
  "ranged_level": 15,
  "attack_bonus": 0,
  "strength_bonus": 10,
  "attack_magic": 0,
  "magic_bonus": 10,
  "attack_ranged": 0,
  "ranged_bonus": 0,
  "defence_stab": 20,
  "defence_slash": 50,
  "defence_crush": 50,
  "defence_magic": 50,
  "defence_ranged": 20,
  "drops": []
}