{
  "id": 13030,
  "name": "moonlight cockatrice",
  "combat_level": 49,
  "size": 3,
  "hitpoints": 52,
  "max_hit": 6,
  "attack_type": ["stab"],
  "attack_speed": 4,
  "aggressive": false,
  "poisonous": false,
  "venomous": false,
  "immune_poison": false,
  "immune_venom": false,
  "attributes": [],
  "category": ["cockatrice"],
  "slayer_monster": false,
  "slayer_level": 25,
  "slayer_xp": null,
  "slayer_masters": [],
  "attack_level": 31,
  "strength_level": 52,
  "defence_level": 39,
  "magic_level": 1,
  "ranged_level": 1,
  "attack_bonus": 0,
  "strength_bonus": 0,
  "attack_magic": 0,
  "magic_bonus": 0,
  "attack_ranged": 0,
  "ranged_bonus": 0,
  "defence_stab": 14,
  "defence_slash": 14,
  "defence_crush": 0,
  "defence_magic": 14,
  "defence_ranged": 0,
  "drops": []
}