{
  "id": 13139,
  "name": "embertailed jerboa",
  "combat_level": 2,
  "size": 1,
  "hitpoints": 2,
  "max_hit": 0,
  "attack_type": ["crush"],
  "attack_speed": 4,
  "aggressive": false,
  "poisonous": false,
  "venomous": false,
  "immune_poison": false,
  "immune_venom": false,
  "attributes": [],
  "category": [],
  "slayer_monster": false,
  "slayer_level": null,
  "slayer_xp": null,
  "slayer_masters": [],
  "attack_level": 1,
  "strength_level": 1,
  "defence_level": 1,
  "magic_level": 1,
  "ranged_level": 1,
  "attack_bonus": -47,
  "strength_bonus": -53,
  "attack_magic": 0,
  "magic_bonus": 0,
  "attack_ranged": 0,
  "ranged_bonus": 0,
  "defence_stab": -42,
  "defence_slash": -42,
  "defence_crush": -42,
  "defence_magic": -42,
  "defence_ranged": -42,
  "drops": []
}