{
  "id": 132,
  "name": "hobgoblin",
  "combat_level": 54,
  "size": 1,
  "hitpoints": 62,
  "max_hit": 6,
  "attack_type": ["crush"],
  "attack_speed": 6,
  "aggressive": true,
  "poisonous": false,
  "venomous": false,
  "immune_poison": false,
  "immune_venom": false,
  "attributes": [],
  "category": [],
  "slayer_monster": false,
  "slayer_level": null,
  "slayer_xp": null,
  "slayer_masters": [],
  "attack_level": 45,
  "strength_level": 43,
  "defence_level": 43,
  "magic_level": 1,
  "ranged_level": 1,
  "attack_bonus": 8,
  "strength_bonus": 10,
  "attack_magic": 0,
  "magic_bonus": 0,
  "attack_ranged": 0,
  "ranged_bonus": 0,
  "defence_stab": 1,
  "defence_slash": 1,
  "defence_crush": 0,
  "defence_magic": 0,
  "defence_ranged": 0,
  "drops": [
    {
      "id": 1623,
      "quantity": "1",
      "noted": false,
      "rarity": "0.00",
      "rolls": 1
    },
    {
      "id": 1621,
      "quantity": "1",
      "noted": false,
      "rarity": "0.00",
      "rolls": 1
    },
    {
      "id": 1619,
      "quantity": "1",
      "noted": false,
      "rarity": "0.00",
      "rolls": 1
    },
    {
      "id": 1452,
      "quantity": "1",
      "noted": false,
      "rarity": "0.00",
      "rolls": 1
    },
    {
      "id": 1462,
      "quantity": "1",
      "noted": false,
      "rarity": "0.00",
      "rolls": 1
    },
    {
      "id": 1617,
      "quantity": "1",
      "noted": false,
      "rarity": "0.00",
      "rolls": 1
    },
    {
      "id": 830,
      "quantity": "5",
      "noted": false,
      "rarity": "0.00",
      "rolls": 1
    },
    {
      "id": 987,
      "quantity": "1",
      "noted": false,
      "rarity": "0.00",
      "rolls": 1
    },
    {
      "id": 985,
      "quantity": "1",
      "noted": false,
      "rarity": "0.00",
      "rolls": 1
    },
    {
      "id": 1247,
      "quantity": "1",
      "noted": false,
      "rarity": "0.00",
      "rolls": 1
    },
    {
      "id": 2366,
      "quantity": "1",
      "noted": false,
      "rarity": "0.00",
      "rolls": 1
    },
    {
      "id": 1249,
      "quantity": "1",
      "noted": false,
      "rarity": "0.00",
      "rolls": 1
    },
    {
      "id": 526,
      "quantity": "1",
      "noted": false,
      "rarity": "1.00",
      "rolls": 1
    },
    {
      "id": 554,
      "quantity": "7",
      "noted": false,
      "rarity": "0.02",
      "rolls": 1
    },
    {
      "id": 5282,
      "quantity": "1",
      "noted": false,
      "rarity": "0.00",
      "rolls": 1
    },
    {
      "id": 5296,
      "quantity": "1",
      "noted": false,
      "rarity": "0.00",
      "rolls": 1
    },
    {
      "id": 5281,
      "quantity": "1",
      "noted": false,
      "rarity": "0.00",
      "rolls": 1
    },
    {
      "id": 5297,
      "quantity": "1",
      "noted": false,
      "rarity": "0.00",
      "rolls": 1
    },
    {
      "id": 5106,
      "quantity": "1",
      "noted": false,
      "rarity": "0.00",
      "rolls": 1
    },
    {
      "id": 5298,
      "quantity": "1",
      "noted": false,
      "rarity": "0.00",
      "rolls": 1
    },
    {
      "id": 5280,
      "quantity": "1",
      "noted": false,
      "rarity": "0.00",
      "rolls": 1
    },
    {
      "id": 5299,
      "quantity": "1",
      "noted": false,
      "rarity": "0.00",
      "rolls": 1
    },
    {
      "id": 22873,
      "quantity": "1",
      "noted": false,
      "rarity": "0.00",
      "rolls": 1
    },
    {
      "id": 5300,
      "quantity": "1",
      "noted": false,
      "rarity": "0.00",
      "rolls": 1
    },
    {
      "id": 559,
      "quantity": "6",
      "noted": false,
      "rarity": "0.02",
      "rolls": 1
    },
    {
      "id": 5301,
      "quantity": "1",
      "noted": false,
      "rarity": "0.00",
      "rolls": 1
    },
    {
      "id": 5302,
      "quantity": "1",
      "noted": false,
      "rarity": "0.00",
      "rolls": 1
    },
    {
      "id": 5303,
      "quantity": "1",
      "noted": false,
      "rarity": "0.00",
      "rolls": 1
    },
    {
      "id": 5304,
      "quantity": "1",
      "noted": false,
      "rarity": "0.00",
      "rolls": 1
    },
    {
      "id": 995,
      "quantity": "15",
      "noted": false,
      "rarity": "0.27",
      "rolls": 1
    },
    {
      "id": 995,
      "quantity": "5",
      "noted": false,
      "rarity": "0.19",
      "rolls": 1
    },
    {
      "id": 995,
      "quantity": "10",
      "noted": false,
      "rarity": "0.05",
      "rolls": 1
    },
    {
      "id": 995,
      "quantity": "28",
      "noted": false,
      "rarity": "0.03",
      "rolls": 1
    },
    {
      "id": 995,
      "quantity": "62",
      "noted": false,
      "rarity": "0.03",
      "rolls": 1
    },
    {
      "id": 995,
      "quantity": "42",
      "noted": false,
      "rarity": "0.02",
      "rolls": 1
    },
    {
      "id": 562,
      "quantity": "3",
      "noted": false,
      "rarity": "0.02",
      "rolls": 1
    },
    {
      "id": 995,
      "quantity": "1",
      "noted": false,
      "rarity": "0.02",
      "rolls": 1
    },
    {
      "id": 995,
      "quantity": "1",
      "noted": false,
      "rarity": "0.01",
      "rolls": 1
    },
    {
      "id": 225,
      "quantity": "1",
      "noted": false,
      "rarity": "0.16",
      "rolls": 1
    },
    {
      "id": 288,
      "quantity": "1",
      "noted": false,
      "rarity": "0.04",
      "rolls": 1
    },
    {
      "id": 561,
      "quantity": "4",
      "noted": false,
      "rarity": "0.02",
      "rolls": 1
    },
    {
      "id": 11941,
      "quantity": "1",
      "noted": false,
      "rarity": "0.33",
      "rolls": 1
    },
    {
      "id": 11942,
      "quantity": "1",
      "noted": false,
      "rarity": "0.02",
      "rolls": 1
    },
    {
      "id": 23182,
      "quantity": "1",
      "noted": false,
      "rarity": "0.01",
      "rolls": 1
    },
    {
      "id": 6802,
      "quantity": "1",
      "noted": false,
      "rarity": "0.00",
      "rolls": 1
    },
    {
      "id": 564,
      "quantity": "2",
      "noted": false,
      "rarity": "0.01",
      "rolls": 1
    },
    {
      "id": 199,
      "quantity": "1",
      "noted": false,
      "rarity": "0.01",
      "rolls": 1
    },
    {
      "id": 201,
      "quantity": "1",
      "noted": false,
      "rarity": "0.01",
      "rolls": 1
    },
    {
      "id": 203,
      "quantity": "1",
      "noted": false,
      "rarity": "0.01",
      "rolls": 1
    },
    {
      "id": 205,
      "quantity": "1",
      "noted": false,
      "rarity": "0.01",
      "rolls": 1
    },
    {
      "id": 207,
      "quantity": "1",
      "noted": false,
      "rarity": "0.00",
      "rolls": 1
    },
    {
      "id": 1237,
      "quantity": "1",
      "noted": false,
      "rarity": "0.02",
      "rolls": 1
    },
    {
      "id": 209,
      "quantity": "1",
      "noted": false,
      "rarity": "0.00",
      "rolls": 1
    },
    {
      "id": 211,
      "quantity": "1",
      "noted": false,
      "rarity": "0.00",
      "rolls": 1
    },
    {
      "id": 213,
      "quantity": "1",
      "noted": false,
      "rarity": "0.00",
      "rolls": 1
    },
    {
      "id": 215,
      "quantity": "1",
      "noted": false,
      "rarity": "0.00",
      "rolls": 1
    },
    {
      "id": 2485,
      "quantity": "1",
      "noted": false,
      "rarity": "0.00",
      "rolls": 1
    },
    {
      "id": 217,
      "quantity": "1",
      "noted": false,
      "rarity": "0.00",
      "rolls": 1
    },
    {
      "id": 5318,
      "quantity": "4",
      "noted": false,
      "rarity": "0.05",
      "rolls": 1
    },
    {
      "id": 5319,
      "quantity": "4",
      "noted": false,
      "rarity": "0.04",
      "rolls": 1
    },
    {
      "id": 5324,
      "quantity": "4",
      "noted": false,
      "rarity": "0.03",
      "rolls": 1
    },
    {
      "id": 5322,
      "quantity": "3",
      "noted": false,
      "rarity": "0.01",
      "rolls": 1
    },
    {
      "id": 1279,
      "quantity": "1",
      "noted": false,
      "rarity": "0.02",
      "rolls": 1
    },
    {
      "id": 5320,
      "quantity": "3",
      "noted": false,
      "rarity": "0.01",
      "rolls": 1
    },
    {
      "id": 5323,
      "quantity": "2",
      "noted": false,
      "rarity": "0.00",
      "rolls": 1
    },
    {
      "id": 5321,
      "quantity": "2",
      "noted": false,
      "rarity": "0.00",
      "rolls": 1
    },
    {
      "id": 22879,
      "quantity": "2",
      "noted": false,
      "rarity": "0.00",
      "rolls": 1
    },
    {
      "id": 995,
      "quantity": "5",
      "noted": false,
      "rarity": "0.14",
      "rolls": 1
    },
    {
      "id": 995,
      "quantity": "15",
      "noted": false,
      "rarity": "0.13",
      "rolls": 1
    },
    {
      "id": 995,
      "quantity": "28",
      "noted": false,
      "rarity": "0.13",
      "rolls": 1
    },
    {
      "id": 995,
      "quantity": "5",
      "noted": false,
      "rarity": "0.09",
      "rolls": 1
    },
    {
      "id": 995,
      "quantity": "10",
      "noted": false,
      "rarity": "0.05",
      "rolls": 1
    },
    {
      "id": 995,
      "quantity": "62",
      "noted": false,
      "rarity": "0.03",
      "rolls": 1
    },
    {
      "id": 1207,
      "quantity": "1",
      "noted": false,
      "rarity": "0.02",
      "rolls": 1
    },
    {
      "id": 995,
      "quantity": "42",
      "noted": false,
      "rarity": "0.02",
      "rolls": 1
    },
    {
      "id": 995,
      "quantity": "1",
      "noted": false,
      "rarity": "0.01",
      "rolls": 1
    },
    {
      "id": 6306,
      "quantity": "1",
      "noted": false,
      "rarity": "0.01",
      "rolls": 1
    },
    {
      "id": 6306,
      "quantity": "5",
      "noted": false,
      "rarity": "0.09",
      "rolls": 1
    },
    {
      "id": 6306,
      "quantity": "15",
      "noted": false,
      "rarity": "0.13",
      "rolls": 1
    },
    {
      "id": 6306,
      "quantity": "28",
      "noted": false,
      "rarity": "0.13",
      "rolls": 1
    },
    {
      "id": 6306,
      "quantity": "42",
      "noted": false,
      "rarity": "0.02",
      "rolls": 1
    },
    {
      "id": 6306,
      "quantity": "62",
      "noted": false,
      "rarity": "0.03",
      "rolls": 1
    },
    {
      "id": 225,
      "quantity": "1",
      "noted": false,
      "rarity": "0.17",
      "rolls": 1
    },
    {
      "id": 288,
      "quantity": "1",
      "noted": false,
      "rarity": "0.04",
      "rolls": 1
    },
    {
      "id": 1239,
      "quantity": "1",
      "noted": false,
      "rarity": "0.02",
      "rolls": 1
    },
    {
      "id": 1241,
      "quantity": "1",
      "noted": false,
      "rarity": "0.02",
      "rolls": 1
    },
    {
      "id": 11941,
      "quantity": "1",
      "noted": false,
      "rarity": "0.20",
      "rolls": 1
    },
    {
      "id": 11942,
      "quantity": "1",
      "noted": false,
      "rarity": "0.02",
      "rolls": 1
    },
    {
      "id": 23182,
      "quantity": "1",
      "noted": false,
      "rarity": "0.01",
      "rolls": 1
    },
    {
      "id": 6802,
      "quantity": "1",
      "noted": false,
      "rarity": "0.00",
      "rolls": 1
    },
    {
      "id": 526,
      "quantity": "1",
      "noted": false,
      "rarity": "1.00",
      "rolls": 1
    },
    {
      "id": 1279,
      "quantity": "1",
      "noted": false,
      "rarity": "0.02",
      "rolls": 1
    },
    {
      "id": 1207,
      "quantity": "1",
      "noted": false,
      "rarity": "0.02",
      "rolls": 1
    },
    {
      "id": 1295,
      "quantity": "1",
      "noted": false,
      "rarity": "0.01",
      "rolls": 1
    },
    {
      "id": 1295,
      "quantity": "1",
      "noted": false,
      "rarity": "0.01",
      "rolls": 1
    },
    {
      "id": 563,
      "quantity": "2",
      "noted": false,
      "rarity": "0.02",
      "rolls": 1
    },
    {
      "id": 555,
      "quantity": "2",
      "noted": false,
      "rarity": "0.02",
      "rolls": 1
    },
    {
      "id": 554,
      "quantity": "7",
      "noted": false,
      "rarity": "0.02",
      "rolls": 1
    },
    {
      "id": 559,
      "quantity": "6",
      "noted": false,
      "rarity": "0.02",
      "rolls": 1
    },
    {
      "id": 562,
      "quantity": "3",
      "noted": false,
      "rarity": "0.02",
      "rolls": 1
    },
    {
      "id": 561,
      "quantity": "4",
      "noted": false,
      "rarity": "0.02",
      "rolls": 1
    },
    {
      "id": 564,
      "quantity": "2",
      "noted": false,
      "rarity": "0.01",
      "rolls": 1
    },
    {
      "id": 826,
      "quantity": "5",
      "noted": false,
      "rarity": "0.01",
      "rolls": 1
    },
    {
      "id": 199,
      "quantity": "1",
      "noted": false,
      "rarity": "0.01",
      "rolls": 1
    },
    {
      "id": 201,
      "quantity": "1",
      "noted": false,
      "rarity": "0.01",
      "rolls": 1
    },
    {
      "id": 563,
      "quantity": "2",
      "noted": false,
      "rarity": "0.02",
      "rolls": 1
    },
    {
      "id": 203,
      "quantity": "1",
      "noted": false,
      "rarity": "0.01",
      "rolls": 1
    },
    {
      "id": 205,
      "quantity": "1",
      "noted": false,
      "rarity": "0.01",
      "rolls": 1
    },
    {
      "id": 207,
      "quantity": "1",
      "noted": false,
      "rarity": "0.00",
      "rolls": 1
    },
    {
      "id": 209,
      "quantity": "1",
      "noted": false,
      "rarity": "0.00",
      "rolls": 1
    },
    {
      "id": 211,
      "quantity": "1",
      "noted": false,
      "rarity": "0.00",
      "rolls": 1
    },
    {
      "id": 213,
      "quantity": "1",
      "noted": false,
      "rarity": "0.00",
      "rolls": 1
    },
    {
      "id": 215,
      "quantity": "1",
      "noted": false,
      "rarity": "0.00",
      "rolls": 1
    },
    {
      "id": 2485,
      "quantity": "1",
      "noted": false,
      "rarity": "0.00",
      "rolls": 1
    },
    {
      "id": 217,
      "quantity": "1",
      "noted": false,
      "rarity": "0.00",
      "rolls": 1
    },
    {
      "id": 5100,
      "quantity": "1",
      "noted": false,
      "rarity": "0.01",
      "rolls": 1
    },
    {
      "id": 555,
      "quantity": "2",
      "noted": false,
      "rarity": "0.02",
      "rolls": 1
    },
    {
      "id": 5323,
      "quantity": "1",
      "noted": false,
      "rarity": "0.01",
      "rolls": 1
    },
    {
      "id": 5292,
      "quantity": "1",
      "noted": false,
      "rarity": "0.01",
      "rolls": 1
    },
    {
      "id": 5104,
      "quantity": "1",
      "noted": false,
      "rarity": "0.01",
      "rolls": 1
    },
    {
      "id": 5293,
      "quantity": "1",
      "noted": false,
      "rarity": "0.01",
      "rolls": 1
    },
    {
      "id": 5311,
      "quantity": "1",
      "noted": false,
      "rarity": "0.01",
      "rolls": 1
    },
    {
      "id": 5321,
      "quantity": "1",
      "noted": false,
      "rarity": "0.01",
      "rolls": 1
    },
    {
      "id": 5294,
      "quantity": "1",
      "noted": false,
      "rarity": "0.01",
      "rolls": 1
    },
    {
      "id": 22879,
      "quantity": "1",
      "noted": false,
      "rarity": "0.00",
      "rolls": 1
    },
    {
      "id": 5295,
      "quantity": "1",
      "noted": false,
      "rarity": "0.00",
      "rolls": 1
    },
    {
      "id": 5105,
      "quantity": "1",
      "noted": false,
      "rarity": "0.00",
      "rolls": 1
    }
  ]
}