{
  "id": 133,
  "name": "troll",
  "combat_level": 91,
  "size": 1,
  "hitpoints": 120,
  "max_hit": 23,
  "attack_type": ["crush"],
  "attack_speed": 4,
  "aggressive": true,
  "poisonous": false,
  "venomous": false,
  "immune_poison": false,
  "immune_venom": false,
  "attributes": [],
  "category": [],
  "slayer_monster": false,
  "slayer_level": null,
  "slayer_xp": null,
  "slayer_masters": [],
  "attack_level": 50,
  "strength_level": 100,
  "defence_level": 50,
  "magic_level": 0,
  "ranged_level": 0,
  "attack_bonus": 40,
  "strength_bonus": 70,
  "attack_magic": 0,
  "magic_bonus": 0,
  "attack_ranged": 0,
  "ranged_bonus": 0,
  "defence_stab": 25,
  "defence_slash": 25,
  "defence_crush": 40,
  "defence_magic": 200,
  "defence_ranged": 200,
  "drops": []
}