{
  "id": 1356,
  "name": "dwarf gang member",
  "combat_level": 49,
  "size": 1,
  "hitpoints": 25,
  "max_hit": 7,
  "attack_type": ["crush"],
  "attack_speed": 5,
  "aggressive": false,
  "poisonous": false,
  "venomous": false,
  "immune_poison": false,
  "immune_venom": false,
  "attributes": [],
  "category": ["dwarves"],
  "slayer_monster": true,
  "slayer_level": 1,
  "slayer_xp": "25.00",
  "slayer_masters": [
    "turael",
    "spria"
  ],
  "attack_level": 30,
  "strength_level": 60,
  "defence_level": 57,
  "magic_level": 1,
  "ranged_level": 1,
  "attack_bonus": 0,
  "strength_bonus": 0,
  "attack_magic": 0,
  "magic_bonus": 0,
  "attack_ranged": 0,
  "ranged_bonus": 0,
  "defence_stab": 7,
  "defence_slash": 7,
  "defence_crush": 0,
  "defence_magic": 0,
  "defence_ranged": 7,
  "drops": [{
    "id": 526,
    "name": "bones",
    "quantity": "1",
    "noted": false,
    "rarity": "1.00",
    "rolls": 1
  }]
}