{
  "id": 1362,
  "name": "slagilith",
  "combat_level": 92,
  "size": 2,
  "hitpoints": 60,
  "max_hit": 13,
  "attack_type": ["crush"],
  "attack_speed": 4,
  "aggressive": true,
  "poisonous": false,
  "venomous": false,
  "immune_poison": false,
  "immune_venom": false,
  "attributes": [],
  "category": [],
  "slayer_monster": false,
  "slayer_level": null,
  "slayer_xp": null,
  "slayer_masters": [],
  "attack_level": 60,
  "strength_level": 120,
  "defence_level": 75,
  "magic_level": 1,
  "ranged_level": 1,
  "attack_bonus": 10,
  "strength_bonus": 0,
  "attack_magic": 0,
  "magic_bonus": 0,
  "attack_ranged": 0,
  "ranged_bonus": 0,
  "defence_stab": 50,
  "defence_slash": 50,
  "defence_crush": 5,
  "defence_magic": 5,
  "defence_ranged": 50,
  "drops": [
    {
      "id": 449,
      "name": "adamantite ore",
      "quantity": "1",
      "noted": false,
      "rarity": "1.00",
      "rolls": 1
    },
    {
      "id": 1617,
      "name": "uncut diamond",
      "quantity": "1",
      "noted": false,
      "rarity": "1.00",
      "rolls": 1
    },
    {
      "id": 1619,
      "name": "uncut ruby",
      "quantity": "1",
      "noted": false,
      "rarity": "1.00",
      "rolls": 1
    }
  ]
}