{
  "id": 1369,
  "name": "air elemental",
  "combat_level": 34,
  "size": 1,
  "hitpoints": 30,
  "max_hit": 3,
  "attack_type": ["stab"],
  "attack_speed": 4,
  "aggressive": false,
  "poisonous": false,
  "venomous": false,
  "immune_poison": false,
  "immune_venom": false,
  "attributes": [],
  "category": [],
  "slayer_monster": false,
  "slayer_level": null,
  "slayer_xp": null,
  "slayer_masters": [],
  "attack_level": 40,
  "strength_level": 20,
  "defence_level": 30,
  "magic_level": 40,
  "ranged_level": 20,
  "attack_bonus": 0,
  "strength_bonus": 0,
  "attack_magic": 0,
  "magic_bonus": 0,
  "attack_ranged": 0,
  "ranged_bonus": 0,
  "defence_stab": 0,
  "defence_slash": 0,
  "defence_crush": 0,
  "defence_magic": 0,
  "defence_ranged": 0,
  "drops": [
    {
      "id": 1623,
      "name": "uncut sapphire",
      "quantity": "1",
      "noted": false,
      "rarity": "0.00",
      "rolls": 1
    },
    {
      "id": 1621,
      "name": "uncut emerald",
      "quantity": "1",
      "noted": false,
      "rarity": "0.00",
      "rolls": 1
    },
    {
      "id": 1619,
      "name": "uncut ruby",
      "quantity": "1",
      "noted": false,
      "rarity": "0.00",
      "rolls": 1
    },
    {
      "id": 1452,
      "name": "chaos talisman",
      "quantity": "1",
      "noted": false,
      "rarity": "0.00",
      "rolls": 1
    },
    {
      "id": 1462,
      "name": "nature talisman",
      "quantity": "1",
      "noted": false,
      "rarity": "0.00",
      "rolls": 1
    },
    {
      "id": 1617,
      "name": "uncut diamond",
      "quantity": "1",
      "noted": false,
      "rarity": "0.00",
      "rolls": 1
    },
    {
      "id": 830,
      "name": "rune javelin",
      "quantity": "5",
      "noted": false,
      "rarity": "0.00",
      "rolls": 1
    },
    {
      "id": 987,
      "name": "loop half of key",
      "quantity": "1",
      "noted": false,
      "rarity": "0.00",
      "rolls": 1
    },
    {
      "id": 985,
      "name": "tooth half of key",
      "quantity": "1",
      "noted": false,
      "rarity": "0.00",
      "rolls": 1
    },
    {
      "id": 1247,
      "name": "rune spear",
      "quantity": "1",
      "noted": false,
      "rarity": "0.00",
      "rolls": 1
    },
    {
      "id": 2366,
      "name": "shield left half",
      "quantity": "1",
      "noted": false,
      "rarity": "0.00",
      "rolls": 1
    },
    {
      "id": 1249,
      "name": "dragon spear",
      "quantity": "1",
      "noted": false,
      "rarity": "0.00",
      "rolls": 1
    },
    {
      "id": 556,
      "name": "air rune",
      "quantity": "15",
      "noted": false,
      "rarity": "0.10",
      "rolls": 1
    },
    {
      "id": 203,
      "name": "grimy tarromin",
      "quantity": "1",
      "noted": false,
      "rarity": "0.02",
      "rolls": 1
    },
    {
      "id": 205,
      "name": "grimy harralander",
      "quantity": "1",
      "noted": false,
      "rarity": "0.01",
      "rolls": 1
    },
    {
      "id": 207,
      "name": "grimy ranarr weed",
      "quantity": "1",
      "noted": false,
      "rarity": "0.01",
      "rolls": 1
    },
    {
      "id": 209,
      "name": "grimy irit leaf",
      "quantity": "1",
      "noted": false,
      "rarity": "0.01",
      "rolls": 1
    },
    {
      "id": 211,
      "name": "grimy avantoe",
      "quantity": "1",
      "noted": false,
      "rarity": "0.01",
      "rolls": 1
    },
    {
      "id": 213,
      "name": "grimy kwuarm",
      "quantity": "1",
      "noted": false,
      "rarity": "0.00",
      "rolls": 1
    },
    {
      "id": 215,
      "name": "grimy cadantine",
      "quantity": "1",
      "noted": false,
      "rarity": "0.00",
      "rolls": 1
    },
    {
      "id": 2485,
      "name": "grimy lantadyme",
      "quantity": "1",
      "noted": false,
      "rarity": "0.00",
      "rolls": 1
    },
    {
      "id": 217,
      "name": "grimy dwarf weed",
      "quantity": "1",
      "noted": false,
      "rarity": "0.00",
      "rolls": 1
    },
    {
      "id": 995,
      "name": "coins",
      "quantity": "12",
      "noted": false,
      "rarity": "0.28",
      "rolls": 1
    },
    {
      "id": 561,
      "name": "nature rune",
      "quantity": "2",
      "noted": false,
      "rarity": "0.07",
      "rolls": 1
    },
    {
      "id": 995,
      "name": "coins",
      "quantity": "42",
      "noted": false,
      "rarity": "0.02",
      "rolls": 1
    },
    {
      "id": 1381,
      "name": "staff of air",
      "quantity": "1",
      "noted": false,
      "rarity": "0.02",
      "rolls": 1
    },
    {
      "id": 562,
      "name": "chaos rune",
      "quantity": "2",
      "noted": false,
      "rarity": "0.05",
      "rolls": 1
    },
    {
      "id": 563,
      "name": "law rune",
      "quantity": "1",
      "noted": false,
      "rarity": "0.05",
      "rolls": 1
    },
    {
      "id": 560,
      "name": "death rune",
      "quantity": "1",
      "noted": false,
      "rarity": "0.03",
      "rolls": 1
    },
    {
      "id": 556,
      "name": "air rune",
      "quantity": "20",
      "noted": false,
      "rarity": "0.02",
      "rolls": 1
    },
    {
      "id": 565,
      "name": "blood rune",
      "quantity": "1",
      "noted": false,
      "rarity": "0.01",
      "rolls": 1
    },
    {
      "id": 199,
      "name": "grimy guam leaf",
      "quantity": "1",
      "noted": false,
      "rarity": "0.03",
      "rolls": 1
    },
    {
      "id": 201,
      "name": "grimy marrentill",
      "quantity": "1",
      "noted": false,
      "rarity": "0.02",
      "rolls": 1
    }
  ]
}