{"name":"baby red dragon","combat_level":65,"size":2,"hitpoints":65,"max_hit":6,"attack_type":["slash"],"attack_speed":4,"aggressive":true,"poisonous":false,"venomous":false,"immune_poison":false,"immune_venom":false,"attributes":[],"category":[],"slayer_monster":false,"slayer_level":null,"slayer_xp":null,"slayer_masters":[],"attack_level":55,"strength_level":55,"defence_level":55,"magic_level":1,"ranged_level":1,"attack_bonus":0,"strength_bonus":0,"attack_magic":0,"magic_bonus":0,"attack_ranged":0,"ranged_bonus":0,"defence_stab":30,"defence_slash":50,"defence_crush":50,"defence_magic":40,"defence_ranged":30,"drops":[{"id":534,"name":"babydragon bones","quantity":"1","noted":false,"rarity":"1.00","rolls":1},{"id":23510,"name":"tattered moon page","quantity":"1","noted":false,"rarity":"0.04","rolls":1},{"id":23512,"name":"tattered sun page","quantity":"1","noted":false,"rarity":"0.04","rolls":1},{"id":23514,"name":"tattered temple page","quantity":"1","noted":false,"rarity":"0.04","rolls":1},{"id":23499,"name":"grubby key","quantity":"1","noted":false,"rarity":"0.01","rolls":1},{"id":23083,"name":"brimstone key","quantity":"1","noted":false,"rarity":"0.00","rolls":1}]}