{"name":"the kendal","combat_level":70,"size":2,"hitpoints":50,"max_hit":9,"attack_type":["crush"],"attack_speed":4,"aggressive":true,"poisonous":false,"venomous":false,"immune_poison":false,"immune_venom":false,"attributes":[],"category":[],"slayer_monster":false,"slayer_level":null,"slayer_xp":null,"slayer_masters":[],"attack_level":65,"strength_level":65,"defence_level":60,"magic_level":0,"ranged_level":0,"attack_bonus":5,"strength_bonus":10,"attack_magic":0,"magic_bonus":0,"attack_ranged":0,"ranged_bonus":0,"defence_stab":10,"defence_slash":10,"defence_crush":10,"defence_magic":-10,"defence_ranged":20,"drops":[{"id":526,"name":"bones","quantity":"1","noted":false,"rarity":"1.00","rolls":1},{"id":4502,"name":"bearhead","quantity":"1","noted":false,"rarity":"1.00","rolls":1}]}