{"name":"kalphite soldier","combat_level":85,"size":3,"hitpoints":90,"max_hit":8,"attack_type":["crush"],"attack_speed":4,"aggressive":true,"poisonous":true,"venomous":false,"immune_poison":false,"immune_venom":false,"attributes":[],"category":[],"slayer_monster":false,"slayer_level":null,"slayer_xp":null,"slayer_masters":[],"attack_level":70,"strength_level":70,"defence_level":70,"magic_level":1,"ranged_level":1,"attack_bonus":0,"strength_bonus":0,"attack_magic":0,"magic_bonus":0,"attack_ranged":0,"ranged_bonus":0,"defence_stab":25,"defence_slash":25,"defence_crush":5,"defence_magic":50,"defence_ranged":50,"drops":[{"id":1623,"name":"uncut sapphire","quantity":"1","noted":false,"rarity":"0.01","rolls":1},{"id":1621,"name":"uncut emerald","quantity":"1","noted":false,"rarity":"0.00","rolls":1},{"id":1619,"name":"uncut ruby","quantity":"1","noted":false,"rarity":"0.00","rolls":1},{"id":1452,"name":"chaos talisman","quantity":"1","noted":false,"rarity":"0.00","rolls":1},{"id":1462,"name":"nature talisman","quantity":"1","noted":false,"rarity":"0.00","rolls":1},{"id":1617,"name":"uncut diamond","quantity":"1","noted":false,"rarity":"0.00","rolls":1},{"id":830,"name":"rune javelin","quantity":"5","noted":false,"rarity":"0.00","rolls":1},{"id":987,"name":"loop half of key","quantity":"1","noted":false,"rarity":"0.00","rolls":1},{"id":985,"name":"tooth half of key","quantity":"1","noted":false,"rarity":"0.00","rolls":1},{"id":1247,"name":"rune spear","quantity":"1","noted":false,"rarity":"0.00","rolls":1},{"id":2366,"name":"shield left half","quantity":"1","noted":false,"rarity":"0.00","rolls":1},{"id":1249,"name":"dragon spear","quantity":"1","noted":false,"rarity":"0.00","rolls":1},{"id":1157,"name":"steel full helm","quantity":"1","noted":false,"rarity":"0.03","rolls":1},{"id":560,"name":"death rune","quantity":"3","noted":false,"rarity":"0.02","rolls":1},{"id":561,"name":"nature rune","quantity":"1","noted":false,"rarity":"0.02","rolls":1},{"id":199,"name":"grimy guam leaf","quantity":"1","noted":false,"rarity":"0.00","rolls":1},{"id":201,"name":"grimy marrentill","quantity":"1","noted":false,"rarity":"0.00","rolls":1},{"id":203,"name":"grimy tarromin","quantity":"1","noted":false,"rarity":"0.00","rolls":1},{"id":205,"name":"grimy harralander","quantity":"1","noted":false,"rarity":"0.00","rolls":1},{"id":207,"name":"grimy ranarr weed","quantity":"1","noted":false,"rarity":"0.00","rolls":1},{"id":209,"name":"grimy irit leaf","quantity":"1","noted":false,"rarity":"0.00","rolls":1},{"id":211,"name":"grimy avantoe","quantity":"1","noted":false,"rarity":"0.00","rolls":1},{"id":213,"name":"grimy kwuarm","quantity":"1","noted":false,"rarity":"0.00","rolls":1},{"id":1325,"name":"steel scimitar","quantity":"1","noted":false,"rarity":"0.02","rolls":1},{"id":215,"name":"grimy cadantine","quantity":"1","noted":false,"rarity":"0.00","rolls":1},{"id":2485,"name":"grimy lantadyme","quantity":"1","noted":false,"rarity":"0.00","rolls":1},{"id":217,"name":"grimy dwarf weed","quantity":"1","noted":false,"rarity":"0.00","rolls":1},{"id":995,"name":"coins","quantity":"10","noted":false,"rarity":"0.05","rolls":1},{"id":995,"name":"coins","quantity":"40","noted":false,"rarity":"0.23","rolls":1},{"id":995,"name":"coins","quantity":"120","noted":false,"rarity":"0.31","rolls":1},{"id":995,"name":"coins","quantity":"200","noted":false,"rarity":"0.08","rolls":1},{"id":995,"name":"coins","quantity":"450","noted":false,"rarity":"0.01","rolls":1},{"id":1823,"name":"waterskin(4)","quantity":"1","noted":false,"rarity":"0.02","rolls":1},{"id":1353,"name":"steel axe","quantity":"1","noted":false,"rarity":"0.03","rolls":1},{"id":1109,"name":"mithril chainbody","quantity":"1","noted":false,"rarity":"0.01","rolls":1},{"id":13489,"name":"ensouled kalphite head","quantity":"1","noted":false,"rarity":"0.01","rolls":1},{"id":23083,"name":"brimstone key","quantity":"1","noted":false,"rarity":"0.01","rolls":1},{"id":1181,"name":"mithril sq shield","quantity":"1","noted":false,"rarity":"0.01","rolls":1},{"id":1145,"name":"adamant med helm","quantity":"1","noted":false,"rarity":"0.01","rolls":1},{"id":554,"name":"fire rune","quantity":"30","noted":false,"rarity":"0.01","rolls":1},{"id":554,"name":"fire rune","quantity":"60","noted":false,"rarity":"0.06","rolls":1},{"id":562,"name":"chaos rune","quantity":"12","noted":false,"rarity":"0.04","rolls":1}]}