{
  "id": 139,
  "name": "steel dragon",
  "combat_level": 246,
  "size": 3,
  "hitpoints": 210,
  "max_hit": 22,
  "attack_type": [
    "slash",
    "dragonfire"
  ],
  "attack_speed": 4,
  "aggressive": true,
  "poisonous": false,
  "venomous": false,
  "immune_poison": false,
  "immune_venom": false,
  "attributes": [],
  "category": [],
  "slayer_monster": false,
  "slayer_level": null,
  "slayer_xp": null,
  "slayer_masters": [],
  "attack_level": 215,
  "strength_level": 215,
  "defence_level": 215,
  "magic_level": 100,
  "ranged_level": 1,
  "attack_bonus": 0,
  "strength_bonus": 0,
  "attack_magic": 0,
  "magic_bonus": 0,
  "attack_ranged": 0,
  "ranged_bonus": 0,
  "defence_stab": 50,
  "defence_slash": 70,
  "defence_crush": 70,
  "defence_magic": 30,
  "defence_ranged": 90,
  "drops": [
    {
      "id": 536,
      "quantity": "1",
      "noted": false,
      "rarity": "1.00",
      "rolls": 1
    },
    {
      "id": 1163,
      "quantity": "1",
      "noted": false,
      "rarity": "0.01",
      "rolls": 1
    },
    {
      "id": 565,
      "quantity": "20",
      "noted": false,
      "rarity": "0.15",
      "rolls": 1
    },
    {
      "id": 830,
      "quantity": "7",
      "noted": false,
      "rarity": "0.16",
      "rolls": 1
    },
    {
      "id": 9144,
      "quantity": "2-12",
      "noted": false,
      "rarity": "0.05",
      "rolls": 1
    },
    {
      "id": 566,
      "quantity": "5",
      "noted": false,
      "rarity": "0.04",
      "rolls": 1
    },
    {
      "id": 995,
      "quantity": "470",
      "noted": false,
      "rarity": "0.13",
      "rolls": 1
    },
    {
      "id": 995,
      "quantity": "650",
      "noted": false,
      "rarity": "0.04",
      "rolls": 1
    },
    {
      "id": 145,
      "quantity": "1",
      "noted": false,
      "rarity": "0.10",
      "rolls": 1
    },
    {
      "id": 9431,
      "quantity": "1",
      "noted": false,
      "rarity": "0.06",
      "rolls": 1
    },
    {
      "id": 19582,
      "quantity": "12",
      "noted": false,
      "rarity": "0.04",
      "rolls": 1
    },
    {
      "id": 2353,
      "quantity": "5",
      "noted": false,
      "rarity": "1.00",
      "rolls": 1
    },
    {
      "id": 2363,
      "quantity": "1",
      "noted": false,
      "rarity": "0.02",
      "rolls": 1
    },
    {
      "id": 165,
      "quantity": "1",
      "noted": false,
      "rarity": "0.02",
      "rolls": 1
    },
    {
      "id": 2011,
      "quantity": "1",
      "noted": false,
      "rarity": "0.01",
      "rolls": 1
    },
    {
      "id": 2011,
      "quantity": "2",
      "noted": false,
      "rarity": "0.01",
      "rolls": 1
    },
    {
      "id": 4585,
      "quantity": "1",
      "noted": false,
      "rarity": "0.00",
      "rolls": 1
    },
    {
      "id": 4087,
      "quantity": "1",
      "noted": false,
      "rarity": "0.00",
      "rolls": 1
    },
    {
      "id": 817,
      "quantity": "12",
      "noted": false,
      "rarity": "0.05",
      "rolls": 1
    },
    {
      "id": 2722,
      "quantity": "1",
      "noted": false,
      "rarity": "0.02",
      "rolls": 1
    },
    {
      "id": 23083,
      "quantity": "1",
      "noted": false,
      "rarity": "0.01",
      "rolls": 1
    },
    {
      "id": 12073,
      "quantity": "1",
      "noted": false,
      "rarity": "0.00",
      "rolls": 1
    },
    {
      "id": 11286,
      "quantity": "1",
      "noted": false,
      "rarity": "0.00",
      "rolls": 1
    },
    {
      "id": 1432,
      "quantity": "1",
      "noted": false,
      "rarity": "0.03",
      "rolls": 1
    },
    {
      "id": 1199,
      "quantity": "1",
      "noted": false,
      "rarity": "0.02",
      "rolls": 1
    },
    {
      "id": 868,
      "quantity": "7",
      "noted": false,
      "rarity": "0.02",
      "rolls": 1
    },
    {
      "id": 1359,
      "quantity": "1",
      "noted": false,
      "rarity": "0.02",
      "rolls": 1
    }
  ]
}