{
  "id": 140,
  "name": "dagannoth",
  "combat_level": 135,
  "size": 3,
  "hitpoints": 142,
  "max_hit": 22,
  "attack_type": ["stab"],
  "attack_speed": 4,
  "aggressive": true,
  "poisonous": false,
  "venomous": false,
  "immune_poison": false,
  "immune_venom": false,
  "attributes": [],
  "category": [],
  "slayer_monster": false,
  "slayer_level": null,
  "slayer_xp": null,
  "slayer_masters": [],
  "attack_level": 114,
  "strength_level": 117,
  "defence_level": 98,
  "magic_level": 1,
  "ranged_level": 1,
  "attack_bonus": 50,
  "strength_bonus": 0,
  "attack_magic": 0,
  "magic_bonus": 0,
  "attack_ranged": 0,
  "ranged_bonus": 50,
  "defence_stab": 50,
  "defence_slash": 50,
  "defence_crush": 50,
  "defence_magic": 50,
  "defence_ranged": 50,
  "drops": [
    {
      "id": 1623,
      "name": "uncut sapphire",
      "quantity": "1",
      "noted": false,
      "rarity": "0.00",
      "rolls": 1
    },
    {
      "id": 1621,
      "name": "uncut emerald",
      "quantity": "1",
      "noted": false,
      "rarity": "0.00",
      "rolls": 1
    },
    {
      "id": 1619,
      "name": "uncut ruby",
      "quantity": "1",
      "noted": false,
      "rarity": "0.00",
      "rolls": 1
    },
    {
      "id": 1452,
      "name": "chaos talisman",
      "quantity": "1",
      "noted": false,
      "rarity": "0.00",
      "rolls": 1
    },
    {
      "id": 1462,
      "name": "nature talisman",
      "quantity": "1",
      "noted": false,
      "rarity": "0.00",
      "rolls": 1
    },
    {
      "id": 1617,
      "name": "uncut diamond",
      "quantity": "1",
      "noted": false,
      "rarity": "0.00",
      "rolls": 1
    },
    {
      "id": 830,
      "name": "rune javelin",
      "quantity": "5",
      "noted": false,
      "rarity": "0.00",
      "rolls": 1
    },
    {
      "id": 987,
      "name": "loop half of key",
      "quantity": "1",
      "noted": false,
      "rarity": "0.00",
      "rolls": 1
    },
    {
      "id": 985,
      "name": "tooth half of key",
      "quantity": "1",
      "noted": false,
      "rarity": "0.00",
      "rolls": 1
    },
    {
      "id": 1247,
      "name": "rune spear",
      "quantity": "1",
      "noted": false,
      "rarity": "0.00",
      "rolls": 1
    },
    {
      "id": 2366,
      "name": "shield left half",
      "quantity": "1",
      "noted": false,
      "rarity": "0.00",
      "rolls": 1
    },
    {
      "id": 1249,
      "name": "dragon spear",
      "quantity": "1",
      "noted": false,
      "rarity": "0.00",
      "rolls": 1
    },
    {
      "id": 526,
      "name": "bones",
      "quantity": "1",
      "noted": false,
      "rarity": "1.00",
      "rolls": 1
    },
    {
      "id": 5281,
      "name": "belladonna seed",
      "quantity": "1",
      "noted": false,
      "rarity": "0.02",
      "rolls": 1
    },
    {
      "id": 5106,
      "name": "poison ivy seed",
      "quantity": "1",
      "noted": false,
      "rarity": "0.01",
      "rolls": 1
    },
    {
      "id": 5298,
      "name": "avantoe seed",
      "quantity": "1",
      "noted": false,
      "rarity": "0.01",
      "rolls": 1
    },
    {
      "id": 5280,
      "name": "cactus seed",
      "quantity": "1",
      "noted": false,
      "rarity": "0.01",
      "rolls": 1
    },
    {
      "id": 22873,
      "name": "potato cactus seed",
      "quantity": "1",
      "noted": false,
      "rarity": "0.01",
      "rolls": 1
    },
    {
      "id": 5299,
      "name": "kwuarm seed",
      "quantity": "1",
      "noted": false,
      "rarity": "0.01",
      "rolls": 1
    },
    {
      "id": 5300,
      "name": "snapdragon seed",
      "quantity": "1",
      "noted": false,
      "rarity": "0.01",
      "rolls": 1
    },
    {
      "id": 5301,
      "name": "cadantine seed",
      "quantity": "1",
      "noted": false,
      "rarity": "0.00",
      "rolls": 1
    },
    {
      "id": 5302,
      "name": "lantadyme seed",
      "quantity": "1",
      "noted": false,
      "rarity": "0.00",
      "rolls": 1
    },
    {
      "id": 22879,
      "name": "snape grass seed",
      "quantity": "3",
      "noted": false,
      "rarity": "0.00",
      "rolls": 1
    },
    {
      "id": 1239,
      "name": "iron spear",
      "quantity": "1",
      "noted": false,
      "rarity": "0.05",
      "rolls": 1
    },
    {
      "id": 5303,
      "name": "dwarf weed seed",
      "quantity": "1",
      "noted": false,
      "rarity": "0.00",
      "rolls": 1
    },
    {
      "id": 5304,
      "name": "torstol seed",
      "quantity": "1",
      "noted": false,
      "rarity": "0.00",
      "rolls": 1
    },
    {
      "id": 301,
      "name": "lobster pot",
      "quantity": "1",
      "noted": false,
      "rarity": "0.09",
      "rolls": 1
    },
    {
      "id": 345,
      "name": "raw herring",
      "quantity": "3",
      "noted": false,
      "rarity": "0.03",
      "rolls": 1
    },
    {
      "id": 327,
      "name": "raw sardine",
      "quantity": "5",
      "noted": false,
      "rarity": "0.03",
      "rolls": 1
    },
    {
      "id": 311,
      "name": "harpoon",
      "quantity": "1",
      "noted": false,
      "rarity": "0.02",
      "rolls": 1
    },
    {
      "id": 314,
      "name": "feather",
      "quantity": "15",
      "noted": false,
      "rarity": "0.02",
      "rolls": 1
    },
    {
      "id": 313,
      "name": "fishing bait",
      "quantity": "50",
      "noted": false,
      "rarity": "0.02",
      "rolls": 1
    },
    {
      "id": 377,
      "name": "raw lobster",
      "quantity": "1",
      "noted": false,
      "rarity": "0.02",
      "rolls": 1
    },
    {
      "id": 359,
      "name": "raw tuna",
      "quantity": "1",
      "noted": false,
      "rarity": "0.02",
      "rolls": 1
    },
    {
      "id": 1237,
      "name": "bronze spear",
      "quantity": "1",
      "noted": false,
      "rarity": "0.04",
      "rolls": 1
    },
    {
      "id": 401,
      "name": "seaweed",
      "quantity": "10",
      "noted": false,
      "rarity": "0.02",
      "rolls": 1
    },
    {
      "id": 413,
      "name": "oyster pearls",
      "quantity": "1",
      "noted": false,
      "rarity": "0.01",
      "rolls": 1
    },
    {
      "id": 411,
      "name": "oyster pearl",
      "quantity": "2",
      "noted": false,
      "rarity": "0.01",
      "rolls": 1
    },
    {
      "id": 995,
      "name": "coins",
      "quantity": "56",
      "noted": false,
      "rarity": "0.23",
      "rolls": 1
    },
    {
      "id": 995,
      "name": "coins",
      "quantity": "25",
      "noted": false,
      "rarity": "0.07",
      "rolls": 1
    },
    {
      "id": 995,
      "name": "coins",
      "quantity": "44",
      "noted": false,
      "rarity": "0.06",
      "rolls": 1
    },
    {
      "id": 995,
      "name": "coins",
      "quantity": "41",
      "noted": false,
      "rarity": "0.05",
      "rolls": 1
    },
    {
      "id": 405,
      "name": "casket",
      "quantity": "1",
      "noted": false,
      "rarity": "0.01",
      "rolls": 1
    },
    {
      "id": 45,
      "name": "opal bolt tips",
      "quantity": "12",
      "noted": false,
      "rarity": "0.02",
      "rolls": 1
    },
    {
      "id": 1243,
      "name": "mithril spear",
      "quantity": "1",
      "noted": false,
      "rarity": "0.01",
      "rolls": 1
    },
    {
      "id": 555,
      "name": "water rune",
      "quantity": "15",
      "noted": false,
      "rarity": "0.03",
      "rolls": 1
    },
    {
      "id": 7857,
      "name": "dagannoth ribs",
      "quantity": "1",
      "noted": false,
      "rarity": "0.25",
      "rolls": 1
    },
    {
      "id": 13492,
      "name": "ensouled dagannoth head",
      "quantity": "1",
      "noted": false,
      "rarity": "0.03",
      "rolls": 1
    },
    {
      "id": 2801,
      "name": "clue scroll (medium)",
      "quantity": "1",
      "noted": false,
      "rarity": "0.01",
      "rolls": 1
    },
    {
      "id": 23083,
      "name": "brimstone key",
      "quantity": "1",
      "noted": false,
      "rarity": "0.00",
      "rolls": 1
    },
    {
      "id": 886,
      "name": "steel arrow",
      "quantity": "15",
      "noted": false,
      "rarity": "0.02",
      "rolls": 1
    },
    {
      "id": 828,
      "name": "mithril javelin",
      "quantity": "3",
      "noted": false,
      "rarity": "0.01",
      "rolls": 1
    },
    {
      "id": 5296,
      "name": "toadflax seed",
      "quantity": "1",
      "noted": false,
      "rarity": "0.03",
      "rolls": 1
    },
    {
      "id": 5297,
      "name": "irit seed",
      "quantity": "1",
      "noted": false,
      "rarity": "0.02",
      "rolls": 1
    }
  ]
}