{
  "id": 1408,
  "name": "dwarf",
  "combat_level": 7,
  "size": 1,
  "hitpoints": 10,
  "max_hit": 2,
  "attack_type": ["crush"],
  "attack_speed": 4,
  "aggressive": false,
  "poisonous": false,
  "venomous": false,
  "immune_poison": false,
  "immune_venom": false,
  "attributes": [],
  "category": ["dwarves"],
  "slayer_monster": true,
  "slayer_level": 1,
  "slayer_xp": "16.00",
  "slayer_masters": [
    "turael",
    "spria"
  ],
  "attack_level": 6,
  "strength_level": 6,
  "defence_level": 6,
  "magic_level": 1,
  "ranged_level": 1,
  "attack_bonus": 5,
  "strength_bonus": 7,
  "attack_magic": 0,
  "magic_bonus": 0,
  "attack_ranged": 0,
  "ranged_bonus": 0,
  "defence_stab": 0,
  "defence_slash": 0,
  "defence_crush": 0,
  "defence_magic": 5,
  "defence_ranged": 10,
  "drops": [
    {
      "id": 1623,
      "name": "uncut sapphire",
      "quantity": "1",
      "noted": false,
      "rarity": "0.00",
      "rolls": 1
    },
    {
      "id": 1621,
      "name": "uncut emerald",
      "quantity": "1",
      "noted": false,
      "rarity": "0.00",
      "rolls": 1
    },
    {
      "id": 1619,
      "name": "uncut ruby",
      "quantity": "1",
      "noted": false,
      "rarity": "0.00",
      "rolls": 1
    },
    {
      "id": 1452,
      "name": "chaos talisman",
      "quantity": "1",
      "noted": false,
      "rarity": "0.00",
      "rolls": 1
    },
    {
      "id": 1462,
      "name": "nature talisman",
      "quantity": "1",
      "noted": false,
      "rarity": "0.00",
      "rolls": 1
    },
    {
      "id": 1617,
      "name": "uncut diamond",
      "quantity": "1",
      "noted": false,
      "rarity": "0.00",
      "rolls": 1
    },
    {
      "id": 830,
      "name": "rune javelin",
      "quantity": "5",
      "noted": false,
      "rarity": "0.00",
      "rolls": 1
    },
    {
      "id": 987,
      "name": "loop half of key",
      "quantity": "1",
      "noted": false,
      "rarity": "0.00",
      "rolls": 1
    },
    {
      "id": 985,
      "name": "tooth half of key",
      "quantity": "1",
      "noted": false,
      "rarity": "0.00",
      "rolls": 1
    },
    {
      "id": 1247,
      "name": "rune spear",
      "quantity": "1",
      "noted": false,
      "rarity": "0.00",
      "rolls": 1
    },
    {
      "id": 2366,
      "name": "shield left half",
      "quantity": "1",
      "noted": false,
      "rarity": "0.00",
      "rolls": 1
    },
    {
      "id": 1249,
      "name": "dragon spear",
      "quantity": "1",
      "noted": false,
      "rarity": "0.00",
      "rolls": 1
    },
    {
      "id": 526,
      "name": "bones",
      "quantity": "1",
      "noted": false,
      "rarity": "1.00",
      "rolls": 1
    },
    {
      "id": 995,
      "name": "coins",
      "quantity": "10",
      "noted": false,
      "rarity": "0.12",
      "rolls": 1
    },
    {
      "id": 995,
      "name": "coins",
      "quantity": "30",
      "noted": false,
      "rarity": "0.02",
      "rolls": 1
    },
    {
      "id": 2347,
      "name": "hammer",
      "quantity": "1",
      "noted": false,
      "rarity": "0.08",
      "rolls": 1
    },
    {
      "id": 2349,
      "name": "bronze bar",
      "quantity": "1",
      "noted": false,
      "rarity": "0.05",
      "rolls": 1
    },
    {
      "id": 440,
      "name": "iron ore",
      "quantity": "1",
      "noted": false,
      "rarity": "0.03",
      "rolls": 1
    },
    {
      "id": 438,
      "name": "tin ore",
      "quantity": "1",
      "noted": false,
      "rarity": "0.02",
      "rolls": 1
    },
    {
      "id": 436,
      "name": "copper ore",
      "quantity": "1",
      "noted": false,
      "rarity": "0.02",
      "rolls": 1
    },
    {
      "id": 2351,
      "name": "iron bar",
      "quantity": "1",
      "noted": false,
      "rarity": "0.02",
      "rolls": 1
    },
    {
      "id": 453,
      "name": "coal",
      "quantity": "1",
      "noted": false,
      "rarity": "0.02",
      "rolls": 1
    },
    {
      "id": 1265,
      "name": "bronze pickaxe",
      "quantity": "1",
      "noted": false,
      "rarity": "0.10",
      "rolls": 1
    },
    {
      "id": 1139,
      "name": "bronze med helm",
      "quantity": "1",
      "noted": false,
      "rarity": "0.03",
      "rolls": 1
    },
    {
      "id": 23182,
      "name": "clue scroll (beginner)",
      "quantity": "1",
      "noted": false,
      "rarity": "0.01",
      "rolls": 1
    },
    {
      "id": 526,
      "name": "bones",
      "quantity": "1",
      "noted": false,
      "rarity": "1.00",
      "rolls": 1
    },
    {
      "id": 1265,
      "name": "bronze pickaxe",
      "quantity": "1",
      "noted": false,
      "rarity": "0.10",
      "rolls": 1
    },
    {
      "id": 1139,
      "name": "bronze med helm",
      "quantity": "1",
      "noted": false,
      "rarity": "0.03",
      "rolls": 1
    },
    {
      "id": 1375,
      "name": "bronze battleaxe",
      "quantity": "1",
      "noted": false,
      "rarity": "0.02",
      "rolls": 1
    },
    {
      "id": 1363,
      "name": "iron battleaxe",
      "quantity": "1",
      "noted": false,
      "rarity": "0.01",
      "rolls": 1
    },
    {
      "id": 877,
      "name": "bronze bolts",
      "quantity": "2-12",
      "noted": false,
      "rarity": "0.05",
      "rolls": 1
    },
    {
      "id": 562,
      "name": "chaos rune",
      "quantity": "2",
      "noted": false,
      "rarity": "0.03",
      "rolls": 1
    },
    {
      "id": 561,
      "name": "nature rune",
      "quantity": "2",
      "noted": false,
      "rarity": "0.03",
      "rolls": 1
    },
    {
      "id": 1375,
      "name": "bronze battleaxe",
      "quantity": "1",
      "noted": false,
      "rarity": "0.02",
      "rolls": 1
    },
    {
      "id": 995,
      "name": "coins",
      "quantity": "4",
      "noted": false,
      "rarity": "0.18",
      "rolls": 1
    },
    {
      "id": 995,
      "name": "coins",
      "quantity": "10",
      "noted": false,
      "rarity": "0.09",
      "rolls": 1
    },
    {
      "id": 995,
      "name": "coins",
      "quantity": "30",
      "noted": false,
      "rarity": "0.02",
      "rolls": 1
    },
    {
      "id": 2347,
      "name": "hammer",
      "quantity": "1",
      "noted": false,
      "rarity": "0.08",
      "rolls": 1
    },
    {
      "id": 2349,
      "name": "bronze bar",
      "quantity": "1",
      "noted": false,
      "rarity": "0.05",
      "rolls": 1
    },
    {
      "id": 440,
      "name": "iron ore",
      "quantity": "1",
      "noted": false,
      "rarity": "0.03",
      "rolls": 1
    },
    {
      "id": 438,
      "name": "tin ore",
      "quantity": "1",
      "noted": false,
      "rarity": "0.02",
      "rolls": 1
    },
    {
      "id": 436,
      "name": "copper ore",
      "quantity": "1",
      "noted": false,
      "rarity": "0.02",
      "rolls": 1
    },
    {
      "id": 2351,
      "name": "iron bar",
      "quantity": "1",
      "noted": false,
      "rarity": "0.02",
      "rolls": 1
    },
    {
      "id": 453,
      "name": "coal",
      "quantity": "1",
      "noted": false,
      "rarity": "0.02",
      "rolls": 1
    },
    {
      "id": 1363,
      "name": "iron battleaxe",
      "quantity": "1",
      "noted": false,
      "rarity": "0.01",
      "rolls": 1
    },
    {
      "id": 877,
      "name": "bronze bolts",
      "quantity": "2-12",
      "noted": false,
      "rarity": "0.05",
      "rolls": 1
    },
    {
      "id": 562,
      "name": "chaos rune",
      "quantity": "2",
      "noted": false,
      "rarity": "0.03",
      "rolls": 1
    },
    {
      "id": 561,
      "name": "nature rune",
      "quantity": "2",
      "noted": false,
      "rarity": "0.03",
      "rolls": 1
    },
    {
      "id": 995,
      "name": "coins",
      "quantity": "4",
      "noted": false,
      "rarity": "0.16",
      "rolls": 1
    }
  ]
}