{
  "id": 1409,
  "name": "black guard",
  "combat_level": 25,
  "size": 1,
  "hitpoints": 30,
  "max_hit": 3,
  "attack_type": ["stab"],
  "attack_speed": 4,
  "aggressive": false,
  "poisonous": false,
  "venomous": false,
  "immune_poison": false,
  "immune_venom": false,
  "attributes": [],
  "category": ["dwarves"],
  "slayer_monster": true,
  "slayer_level": 1,
  "slayer_xp": "30.00",
  "slayer_masters": [
    "turael",
    "spria"
  ],
  "attack_level": 20,
  "strength_level": 20,
  "defence_level": 20,
  "magic_level": 1,
  "ranged_level": 1,
  "attack_bonus": 5,
  "strength_bonus": 7,
  "attack_magic": 0,
  "magic_bonus": 0,
  "attack_ranged": 0,
  "ranged_bonus": 0,
  "defence_stab": 3,
  "defence_slash": 4,
  "defence_crush": 4,
  "defence_magic": 2,
  "defence_ranged": 3,
  "drops": [
    {
      "id": 1623,
      "quantity": "1",
      "noted": false,
      "rarity": "0.00",
      "rolls": 1
    },
    {
      "id": 1621,
      "quantity": "1",
      "noted": false,
      "rarity": "0.00",
      "rolls": 1
    },
    {
      "id": 1619,
      "quantity": "1",
      "noted": false,
      "rarity": "0.00",
      "rolls": 1
    },
    {
      "id": 1452,
      "quantity": "1",
      "noted": false,
      "rarity": "0.00",
      "rolls": 1
    },
    {
      "id": 1462,
      "quantity": "1",
      "noted": false,
      "rarity": "0.00",
      "rolls": 1
    },
    {
      "id": 1617,
      "quantity": "1",
      "noted": false,
      "rarity": "0.00",
      "rolls": 1
    },
    {
      "id": 830,
      "quantity": "5",
      "noted": false,
      "rarity": "0.00",
      "rolls": 1
    },
    {
      "id": 987,
      "quantity": "1",
      "noted": false,
      "rarity": "0.00",
      "rolls": 1
    },
    {
      "id": 985,
      "quantity": "1",
      "noted": false,
      "rarity": "0.00",
      "rolls": 1
    },
    {
      "id": 1247,
      "quantity": "1",
      "noted": false,
      "rarity": "0.00",
      "rolls": 1
    },
    {
      "id": 2366,
      "quantity": "1",
      "noted": false,
      "rarity": "0.00",
      "rolls": 1
    },
    {
      "id": 1249,
      "quantity": "1",
      "noted": false,
      "rarity": "0.00",
      "rolls": 1
    },
    {
      "id": 526,
      "quantity": "1",
      "noted": false,
      "rarity": "1.00",
      "rolls": 1
    },
    {
      "id": 995,
      "quantity": "10",
      "noted": false,
      "rarity": "0.12",
      "rolls": 1
    },
    {
      "id": 995,
      "quantity": "30",
      "noted": false,
      "rarity": "0.02",
      "rolls": 1
    },
    {
      "id": 2347,
      "quantity": "1",
      "noted": false,
      "rarity": "0.08",
      "rolls": 1
    },
    {
      "id": 2349,
      "quantity": "1",
      "noted": false,
      "rarity": "0.05",
      "rolls": 1
    },
    {
      "id": 440,
      "quantity": "1",
      "noted": false,
      "rarity": "0.03",
      "rolls": 1
    },
    {
      "id": 438,
      "quantity": "1",
      "noted": false,
      "rarity": "0.02",
      "rolls": 1
    },
    {
      "id": 436,
      "quantity": "1",
      "noted": false,
      "rarity": "0.02",
      "rolls": 1
    },
    {
      "id": 2351,
      "quantity": "1",
      "noted": false,
      "rarity": "0.02",
      "rolls": 1
    },
    {
      "id": 453,
      "quantity": "1",
      "noted": false,
      "rarity": "0.02",
      "rolls": 1
    },
    {
      "id": 1265,
      "quantity": "1",
      "noted": false,
      "rarity": "0.10",
      "rolls": 1
    },
    {
      "id": 1139,
      "quantity": "1",
      "noted": false,
      "rarity": "0.03",
      "rolls": 1
    },
    {
      "id": 23182,
      "quantity": "1",
      "noted": false,
      "rarity": "0.01",
      "rolls": 1
    },
    {
      "id": 1375,
      "quantity": "1",
      "noted": false,
      "rarity": "0.02",
      "rolls": 1
    },
    {
      "id": 1363,
      "quantity": "1",
      "noted": false,
      "rarity": "0.01",
      "rolls": 1
    },
    {
      "id": 877,
      "quantity": "2-12",
      "noted": false,
      "rarity": "0.05",
      "rolls": 1
    },
    {
      "id": 562,
      "quantity": "2",
      "noted": false,
      "rarity": "0.03",
      "rolls": 1
    },
    {
      "id": 561,
      "quantity": "2",
      "noted": false,
      "rarity": "0.03",
      "rolls": 1
    },
    {
      "id": 995,
      "quantity": "4",
      "noted": false,
      "rarity": "0.16",
      "rolls": 1
    }
  ]
}