{
  "id": 141,
  "name": "tok-xil",
  "combat_level": 135,
  "size": 3,
  "hitpoints": 60,
  "max_hit": 19,
  "attack_type": [
    "crush",
    "ranged"
  ],
  "attack_speed": 4,
  "aggressive": true,
  "poisonous": false,
  "venomous": false,
  "immune_poison": false,
  "immune_venom": false,
  "attributes": [],
  "category": [],
  "slayer_monster": false,
  "slayer_level": null,
  "slayer_xp": null,
  "slayer_masters": [],
  "attack_level": 120,
  "strength_level": 180,
  "defence_level": 90,
  "magic_level": 90,
  "ranged_level": 180,
  "attack_bonus": 0,
  "strength_bonus": 0,
  "attack_magic": 0,
  "magic_bonus": 0,
  "attack_ranged": 0,
  "ranged_bonus": 0,
  "defence_stab": 0,
  "defence_slash": 0,
  "defence_crush": 0,
  "defence_magic": 0,
  "defence_ranged": 0,
  "drops": []
}