{
  "id": 143,
  "name": "rocnar",
  "combat_level": 97,
  "size": 2,
  "hitpoints": 100,
  "max_hit": 12,
  "attack_type": ["crush"],
  "attack_speed": 6,
  "aggressive": true,
  "poisonous": false,
  "venomous": false,
  "immune_poison": false,
  "immune_venom": false,
  "attributes": [],
  "category": [],
  "slayer_monster": false,
  "slayer_level": null,
  "slayer_xp": null,
  "slayer_masters": [],
  "attack_level": 80,
  "strength_level": 80,
  "defence_level": 80,
  "magic_level": 0,
  "ranged_level": 0,
  "attack_bonus": 22,
  "strength_bonus": 20,
  "attack_magic": 0,
  "magic_bonus": 0,
  "attack_ranged": 0,
  "ranged_bonus": 0,
  "defence_stab": 0,
  "defence_slash": 0,
  "defence_crush": 0,
  "defence_magic": 0,
  "defence_ranged": 0,
  "drops": []
}