{
  "id": 1443,
  "name": "jungle demon",
  "combat_level": 195,
  "size": 3,
  "hitpoints": 170,
  "max_hit": 32,
  "attack_type": [
    "slash",
    "magic"
  ],
  "attack_speed": 6,
  "aggressive": true,
  "poisonous": false,
  "venomous": false,
  "immune_poison": false,
  "immune_venom": false,
  "attributes": ["demon"],
  "category": [],
  "slayer_monster": false,
  "slayer_level": null,
  "slayer_xp": null,
  "slayer_masters": [],
  "attack_level": 170,
  "strength_level": 170,
  "defence_level": 170,
  "magic_level": 170,
  "ranged_level": 1,
  "attack_bonus": 50,
  "strength_bonus": 50,
  "attack_magic": 0,
  "magic_bonus": 0,
  "attack_ranged": 0,
  "ranged_bonus": 0,
  "defence_stab": 0,
  "defence_slash": 50,
  "defence_crush": 0,
  "defence_magic": 50,
  "defence_ranged": 0,
  "drops": [{
    "id": 592,
    "quantity": "1",
    "noted": false,
    "rarity": "1.00",
    "rolls": 1
  }]
}