{
  "id": 1447,
  "name": "pirate",
  "combat_level": 23,
  "size": 1,
  "hitpoints": 20,
  "max_hit": 3,
  "attack_type": ["slash"],
  "attack_speed": 4,
  "aggressive": false,
  "poisonous": false,
  "venomous": false,
  "immune_poison": false,
  "immune_venom": false,
  "attributes": [],
  "category": ["pirates"],
  "slayer_monster": true,
  "slayer_level": 1,
  "slayer_xp": "20.00",
  "slayer_masters": ["krystilia"],
  "attack_level": 20,
  "strength_level": 20,
  "defence_level": 20,
  "magic_level": 1,
  "ranged_level": 1,
  "attack_bonus": 10,
  "strength_bonus": 9,
  "attack_magic": 0,
  "magic_bonus": 0,
  "attack_ranged": 0,
  "ranged_bonus": 0,
  "defence_stab": 0,
  "defence_slash": 1,
  "defence_crush": 0,
  "defence_magic": 0,
  "defence_ranged": 0,
  "drops": [
    {
      "id": 1623,
      "name": "uncut sapphire",
      "quantity": "1",
      "noted": false,
      "rarity": "0.00",
      "rolls": 1
    },
    {
      "id": 1621,
      "name": "uncut emerald",
      "quantity": "1",
      "noted": false,
      "rarity": "0.00",
      "rolls": 1
    },
    {
      "id": 1619,
      "name": "uncut ruby",
      "quantity": "1",
      "noted": false,
      "rarity": "0.00",
      "rolls": 1
    },
    {
      "id": 1452,
      "name": "chaos talisman",
      "quantity": "1",
      "noted": false,
      "rarity": "0.00",
      "rolls": 1
    },
    {
      "id": 1462,
      "name": "nature talisman",
      "quantity": "1",
      "noted": false,
      "rarity": "0.00",
      "rolls": 1
    },
    {
      "id": 1617,
      "name": "uncut diamond",
      "quantity": "1",
      "noted": false,
      "rarity": "0.00",
      "rolls": 1
    },
    {
      "id": 830,
      "name": "rune javelin",
      "quantity": "5",
      "noted": false,
      "rarity": "0.00",
      "rolls": 1
    },
    {
      "id": 987,
      "name": "loop half of key",
      "quantity": "1",
      "noted": false,
      "rarity": "0.00",
      "rolls": 1
    },
    {
      "id": 985,
      "name": "tooth half of key",
      "quantity": "1",
      "noted": false,
      "rarity": "0.00",
      "rolls": 1
    },
    {
      "id": 1247,
      "name": "rune spear",
      "quantity": "1",
      "noted": false,
      "rarity": "0.00",
      "rolls": 1
    },
    {
      "id": 2366,
      "name": "shield left half",
      "quantity": "1",
      "noted": false,
      "rarity": "0.00",
      "rolls": 1
    },
    {
      "id": 1249,
      "name": "dragon spear",
      "quantity": "1",
      "noted": false,
      "rarity": "0.00",
      "rolls": 1
    },
    {
      "id": 526,
      "name": "bones",
      "quantity": "1",
      "noted": false,
      "rarity": "1.00",
      "rolls": 1
    },
    {
      "id": 556,
      "name": "air rune",
      "quantity": "10",
      "noted": false,
      "rarity": "0.02",
      "rolls": 1
    },
    {
      "id": 557,
      "name": "earth rune",
      "quantity": "9",
      "noted": false,
      "rarity": "0.02",
      "rolls": 1
    },
    {
      "id": 554,
      "name": "fire rune",
      "quantity": "5",
      "noted": false,
      "rarity": "0.02",
      "rolls": 1
    },
    {
      "id": 563,
      "name": "law rune",
      "quantity": "2",
      "noted": false,
      "rarity": "0.01",
      "rolls": 1
    },
    {
      "id": 995,
      "name": "coins",
      "quantity": "4",
      "noted": false,
      "rarity": "0.23",
      "rolls": 1
    },
    {
      "id": 995,
      "name": "coins",
      "quantity": "25",
      "noted": false,
      "rarity": "0.10",
      "rolls": 1
    },
    {
      "id": 995,
      "name": "coins",
      "quantity": "7",
      "noted": false,
      "rarity": "0.06",
      "rolls": 1
    },
    {
      "id": 995,
      "name": "coins",
      "quantity": "12",
      "noted": false,
      "rarity": "0.05",
      "rolls": 1
    },
    {
      "id": 995,
      "name": "coins",
      "quantity": "35",
      "noted": false,
      "rarity": "0.03",
      "rolls": 1
    },
    {
      "id": 995,
      "name": "coins",
      "quantity": "55",
      "noted": false,
      "rarity": "0.01",
      "rolls": 1
    },
    {
      "id": 9140,
      "name": "iron bolts",
      "quantity": "2-12",
      "noted": false,
      "rarity": "0.08",
      "rolls": 1
    },
    {
      "id": 1025,
      "name": "right eye patch",
      "quantity": "1",
      "noted": false,
      "rarity": "0.09",
      "rolls": 1
    },
    {
      "id": 1949,
      "name": "chef's hat",
      "quantity": "1",
      "noted": false,
      "rarity": "0.01",
      "rolls": 1
    },
    {
      "id": 2351,
      "name": "iron bar",
      "quantity": "1",
      "noted": false,
      "rarity": "0.01",
      "rolls": 1
    },
    {
      "id": 1203,
      "name": "iron dagger",
      "quantity": "1",
      "noted": false,
      "rarity": "0.05",
      "rolls": 1
    },
    {
      "id": 11941,
      "name": "looting bag",
      "quantity": "1",
      "noted": false,
      "rarity": "0.17",
      "rolls": 1
    },
    {
      "id": 526,
      "name": "bones",
      "quantity": "1",
      "noted": false,
      "rarity": "1.00",
      "rolls": 1
    },
    {
      "id": 1321,
      "name": "bronze scimitar",
      "quantity": "1",
      "noted": false,
      "rarity": "0.03",
      "rolls": 1
    },
    {
      "id": 1115,
      "name": "iron platebody",
      "quantity": "1",
      "noted": false,
      "rarity": "0.01",
      "rolls": 1
    },
    {
      "id": 562,
      "name": "chaos rune",
      "quantity": "2",
      "noted": false,
      "rarity": "0.05",
      "rolls": 1
    },
    {
      "id": 561,
      "name": "nature rune",
      "quantity": "2",
      "noted": false,
      "rarity": "0.04",
      "rolls": 1
    },
    {
      "id": 882,
      "name": "bronze arrow",
      "quantity": "9",
      "noted": false,
      "rarity": "0.02",
      "rolls": 1
    },
    {
      "id": 882,
      "name": "bronze arrow",
      "quantity": "12",
      "noted": false,
      "rarity": "0.02",
      "rolls": 1
    }
  ]
}