{"name":"chompy bird","combat_level":6,"size":1,"hitpoints":10,"max_hit":0,"attack_type":[],"attack_speed":null,"aggressive":false,"poisonous":false,"venomous":false,"immune_poison":true,"immune_venom":true,"attributes":[],"category":["birds"],"slayer_monster":true,"slayer_level":1,"slayer_xp":"10.00","slayer_masters":["turael","spria"],"attack_level":5,"strength_level":5,"defence_level":3,"magic_level":0,"ranged_level":0,"attack_bonus":0,"strength_bonus":0,"attack_magic":0,"magic_bonus":0,"attack_ranged":0,"ranged_bonus":0,"defence_stab":0,"defence_slash":0,"defence_crush":0,"defence_magic":0,"defence_ranged":0,"drops":[{"id":526,"name":"bones","quantity":"1","noted":false,"rarity":"1.00","rolls":1},{"id":2876,"name":"raw chompy","quantity":"1","noted":false,"rarity":"1.00","rolls":1},{"id":13071,"name":"chompy chick","quantity":"1","noted":false,"rarity":"0.00","rolls":1}]}