{"name":"skeleton hero","combat_level":149,"size":1,"hitpoints":124,"max_hit":18,"attack_type":["crush"],"attack_speed":4,"aggressive":true,"poisonous":false,"venomous":false,"immune_poison":false,"immune_venom":false,"attributes":[],"category":["skeletons"],"slayer_monster":true,"slayer_level":1,"slayer_xp":"124.00","slayer_masters":["turael","spria","mazchna","vannaka"],"attack_level":145,"strength_level":134,"defence_level":110,"magic_level":1,"ranged_level":1,"attack_bonus":9,"strength_bonus":15,"attack_magic":0,"magic_bonus":0,"attack_ranged":0,"ranged_bonus":0,"defence_stab":0,"defence_slash":3,"defence_crush":2,"defence_magic":-3,"defence_ranged":2,"drops":[{"id":1623,"name":"uncut sapphire","quantity":"1","noted":false,"rarity":"0.00","rolls":1},{"id":1621,"name":"uncut emerald","quantity":"1","noted":false,"rarity":"0.00","rolls":1},{"id":1619,"name":"uncut ruby","quantity":"1","noted":false,"rarity":"0.00","rolls":1},{"id":1452,"name":"chaos talisman","quantity":"1","noted":false,"rarity":"0.00","rolls":1},{"id":1462,"name":"nature talisman","quantity":"1","noted":false,"rarity":"0.00","rolls":1},{"id":1617,"name":"uncut diamond","quantity":"1","noted":false,"rarity":"0.00","rolls":1},{"id":830,"name":"rune javelin","quantity":"5","noted":false,"rarity":"0.00","rolls":1},{"id":987,"name":"loop half of key","quantity":"1","noted":false,"rarity":"0.00","rolls":1},{"id":985,"name":"tooth half of key","quantity":"1","noted":false,"rarity":"0.00","rolls":1},{"id":1247,"name":"rune spear","quantity":"1","noted":false,"rarity":"0.00","rolls":1},{"id":2366,"name":"shield left half","quantity":"1","noted":false,"rarity":"0.00","rolls":1},{"id":1249,"name":"dragon spear","quantity":"1","noted":false,"rarity":"0.00","rolls":1},{"id":526,"name":"bones","quantity":"1","noted":false,"rarity":"1.00","rolls":1},{"id":808,"name":"steel dart","quantity":"10","noted":false,"rarity":"0.01","rolls":1},{"id":1157,"name":"steel full helm","quantity":"1","noted":false,"rarity":"0.01","rolls":1},{"id":1193,"name":"steel kiteshield","quantity":"1","noted":false,"rarity":"0.01","rolls":1},{"id":1143,"name":"mithril med helm","quantity":"1","noted":false,"rarity":"0.01","rolls":1},{"id":1181,"name":"mithril sq shield","quantity":"1","noted":false,"rarity":"0.01","rolls":1},{"id":1371,"name":"adamant battleaxe","quantity":"1","noted":false,"rarity":"0.01","rolls":1},{"id":1333,"name":"rune scimitar","quantity":"1","noted":false,"rarity":"0.01","rolls":1},{"id":1391,"name":"battlestaff","quantity":"1","noted":false,"rarity":"0.01","rolls":1},{"id":560,"name":"death rune","quantity":"5","noted":false,"rarity":"0.04","rolls":1},{"id":565,"name":"blood rune","quantity":"3","noted":false,"rarity":"0.02","rolls":1},{"id":1191,"name":"iron kiteshield","quantity":"1","noted":false,"rarity":"0.06","rolls":1},{"id":886,"name":"steel arrow","quantity":"20","noted":false,"rarity":"0.02","rolls":1},{"id":9145,"name":"silver bolts","quantity":"5","noted":false,"rarity":"0.02","rolls":1},{"id":890,"name":"adamant arrow","quantity":"5","noted":false,"rarity":"0.02","rolls":1},{"id":199,"name":"grimy guam leaf","quantity":"1","noted":false,"rarity":"0.01","rolls":1},{"id":201,"name":"grimy marrentill","quantity":"1","noted":false,"rarity":"0.01","rolls":1},{"id":203,"name":"grimy tarromin","quantity":"1","noted":false,"rarity":"0.01","rolls":1},{"id":205,"name":"grimy harralander","quantity":"1","noted":false,"rarity":"0.00","rolls":1},{"id":207,"name":"grimy ranarr weed","quantity":"1","noted":false,"rarity":"0.00","rolls":1},{"id":209,"name":"grimy irit leaf","quantity":"1","noted":false,"rarity":"0.00","rolls":1},{"id":211,"name":"grimy avantoe","quantity":"1","noted":false,"rarity":"0.00","rolls":1},{"id":1081,"name":"iron plateskirt","quantity":"1","noted":false,"rarity":"0.04","rolls":1},{"id":213,"name":"grimy kwuarm","quantity":"1","noted":false,"rarity":"0.00","rolls":1},{"id":215,"name":"grimy cadantine","quantity":"1","noted":false,"rarity":"0.00","rolls":1},{"id":2485,"name":"grimy lantadyme","quantity":"1","noted":false,"rarity":"0.00","rolls":1},{"id":217,"name":"grimy dwarf weed","quantity":"1","noted":false,"rarity":"0.00","rolls":1},{"id":1515,"name":"yew logs","quantity":"1","noted":false,"rarity":"0.09","rolls":1},{"id":2353,"name":"steel bar","quantity":"3","noted":true,"rarity":"0.04","rolls":1},{"id":2355,"name":"silver bar","quantity":"3","noted":true,"rarity":"0.04","rolls":1},{"id":2357,"name":"gold bar","quantity":"1","noted":false,"rarity":"0.04","rolls":1},{"id":2361,"name":"adamantite bar","quantity":"1","noted":false,"rarity":"0.02","rolls":1},{"id":444,"name":"gold ore","quantity":"1","noted":false,"rarity":"0.02","rolls":1},{"id":11371,"name":"steel hasta","quantity":"1","noted":false,"rarity":"0.04","rolls":1},{"id":995,"name":"coins","quantity":"142","noted":false,"rarity":"0.08","rolls":1},{"id":995,"name":"coins","quantity":"106","noted":false,"rarity":"0.04","rolls":1},{"id":995,"name":"coins","quantity":"106","noted":false,"rarity":"0.02","rolls":1},{"id":995,"name":"coins","quantity":"323","noted":false,"rarity":"0.01","rolls":1},{"id":11341,"name":"ancient page","quantity":"1","noted":false,"rarity":"0.04","rolls":1},{"id":11443,"name":"strength mix(2)","quantity":"1","noted":false,"rarity":"0.04","rolls":1},{"id":9419,"name":"mith grapple","quantity":"2","noted":false,"rarity":"0.02","rolls":1},{"id":1637,"name":"sapphire ring","quantity":"1","noted":false,"rarity":"0.02","rolls":1},{"id":1295,"name":"steel longsword","quantity":"1","noted":false,"rarity":"0.04","rolls":1},{"id":2801,"name":"clue scroll (medium)","quantity":"1","noted":false,"rarity":"0.01","rolls":1},{"id":857,"name":"yew shortbow","quantity":"1","noted":false,"rarity":"0.02","rolls":1},{"id":6806,"name":"skeleton champion scroll","quantity":"1","noted":false,"rarity":"0.00","rolls":1},{"id":865,"name":"steel knife","quantity":"10","noted":false,"rarity":"0.02","rolls":1},{"id":1424,"name":"steel mace","quantity":"1","noted":false,"rarity":"0.02","rolls":1},{"id":1325,"name":"steel scimitar","quantity":"1","noted":false,"rarity":"0.02","rolls":1}]}