{
  "id": 1540,
  "name": "skeleton heavy",
  "combat_level": 132,
  "size": 1,
  "hitpoints": 124,
  "max_hit": 15,
  "attack_type": ["crush"],
  "attack_speed": 4,
  "aggressive": false,
  "poisonous": false,
  "venomous": false,
  "immune_poison": false,
  "immune_venom": false,
  "attributes": ["undead"],
  "category": ["skeletons"],
  "slayer_monster": true,
  "slayer_level": 1,
  "slayer_xp": "124.00",
  "slayer_masters": [
    "turael",
    "spria",
    "mazchna",
    "vannaka"
  ],
  "attack_level": 115,
  "strength_level": 114,
  "defence_level": 110,
  "magic_level": 1,
  "ranged_level": 1,
  "attack_bonus": 9,
  "strength_bonus": 15,
  "attack_magic": 0,
  "magic_bonus": 0,
  "attack_ranged": 0,
  "ranged_bonus": 0,
  "defence_stab": 0,
  "defence_slash": 3,
  "defence_crush": 2,
  "defence_magic": -3,
  "defence_ranged": 2,
  "drops": [
    {
      "id": 1623,
      "quantity": "1",
      "noted": false,
      "rarity": "0.00",
      "rolls": 1
    },
    {
      "id": 1621,
      "quantity": "1",
      "noted": false,
      "rarity": "0.00",
      "rolls": 1
    },
    {
      "id": 1619,
      "quantity": "1",
      "noted": false,
      "rarity": "0.00",
      "rolls": 1
    },
    {
      "id": 1452,
      "quantity": "1",
      "noted": false,
      "rarity": "0.00",
      "rolls": 1
    },
    {
      "id": 1462,
      "quantity": "1",
      "noted": false,
      "rarity": "0.00",
      "rolls": 1
    },
    {
      "id": 1617,
      "quantity": "1",
      "noted": false,
      "rarity": "0.00",
      "rolls": 1
    },
    {
      "id": 830,
      "quantity": "5",
      "noted": false,
      "rarity": "0.00",
      "rolls": 1
    },
    {
      "id": 987,
      "quantity": "1",
      "noted": false,
      "rarity": "0.00",
      "rolls": 1
    },
    {
      "id": 985,
      "quantity": "1",
      "noted": false,
      "rarity": "0.00",
      "rolls": 1
    },
    {
      "id": 1247,
      "quantity": "1",
      "noted": false,
      "rarity": "0.00",
      "rolls": 1
    },
    {
      "id": 2366,
      "quantity": "1",
      "noted": false,
      "rarity": "0.00",
      "rolls": 1
    },
    {
      "id": 1249,
      "quantity": "1",
      "noted": false,
      "rarity": "0.00",
      "rolls": 1
    },
    {
      "id": 526,
      "quantity": "1",
      "noted": false,
      "rarity": "1.00",
      "rolls": 1
    },
    {
      "id": 808,
      "quantity": "10",
      "noted": false,
      "rarity": "0.01",
      "rolls": 1
    },
    {
      "id": 1157,
      "quantity": "1",
      "noted": false,
      "rarity": "0.01",
      "rolls": 1
    },
    {
      "id": 1193,
      "quantity": "1",
      "noted": false,
      "rarity": "0.01",
      "rolls": 1
    },
    {
      "id": 1143,
      "quantity": "1",
      "noted": false,
      "rarity": "0.01",
      "rolls": 1
    },
    {
      "id": 1181,
      "quantity": "1",
      "noted": false,
      "rarity": "0.01",
      "rolls": 1
    },
    {
      "id": 1371,
      "quantity": "1",
      "noted": false,
      "rarity": "0.01",
      "rolls": 1
    },
    {
      "id": 1333,
      "quantity": "1",
      "noted": false,
      "rarity": "0.01",
      "rolls": 1
    },
    {
      "id": 1391,
      "quantity": "1",
      "noted": false,
      "rarity": "0.01",
      "rolls": 1
    },
    {
      "id": 560,
      "quantity": "5",
      "noted": false,
      "rarity": "0.04",
      "rolls": 1
    },
    {
      "id": 565,
      "quantity": "3",
      "noted": false,
      "rarity": "0.02",
      "rolls": 1
    },
    {
      "id": 1191,
      "quantity": "1",
      "noted": false,
      "rarity": "0.06",
      "rolls": 1
    },
    {
      "id": 886,
      "quantity": "20",
      "noted": false,
      "rarity": "0.02",
      "rolls": 1
    },
    {
      "id": 9145,
      "quantity": "5",
      "noted": false,
      "rarity": "0.02",
      "rolls": 1
    },
    {
      "id": 890,
      "quantity": "5",
      "noted": false,
      "rarity": "0.02",
      "rolls": 1
    },
    {
      "id": 199,
      "quantity": "1",
      "noted": false,
      "rarity": "0.01",
      "rolls": 1
    },
    {
      "id": 201,
      "quantity": "1",
      "noted": false,
      "rarity": "0.01",
      "rolls": 1
    },
    {
      "id": 203,
      "quantity": "1",
      "noted": false,
      "rarity": "0.01",
      "rolls": 1
    },
    {
      "id": 205,
      "quantity": "1",
      "noted": false,
      "rarity": "0.00",
      "rolls": 1
    },
    {
      "id": 207,
      "quantity": "1",
      "noted": false,
      "rarity": "0.00",
      "rolls": 1
    },
    {
      "id": 209,
      "quantity": "1",
      "noted": false,
      "rarity": "0.00",
      "rolls": 1
    },
    {
      "id": 211,
      "quantity": "1",
      "noted": false,
      "rarity": "0.00",
      "rolls": 1
    },
    {
      "id": 1081,
      "quantity": "1",
      "noted": false,
      "rarity": "0.04",
      "rolls": 1
    },
    {
      "id": 213,
      "quantity": "1",
      "noted": false,
      "rarity": "0.00",
      "rolls": 1
    },
    {
      "id": 215,
      "quantity": "1",
      "noted": false,
      "rarity": "0.00",
      "rolls": 1
    },
    {
      "id": 2485,
      "quantity": "1",
      "noted": false,
      "rarity": "0.00",
      "rolls": 1
    },
    {
      "id": 217,
      "quantity": "1",
      "noted": false,
      "rarity": "0.00",
      "rolls": 1
    },
    {
      "id": 1515,
      "quantity": "1",
      "noted": false,
      "rarity": "0.09",
      "rolls": 1
    },
    {
      "id": 2353,
      "quantity": "3",
      "noted": true,
      "rarity": "0.04",
      "rolls": 1
    },
    {
      "id": 2355,
      "quantity": "3",
      "noted": true,
      "rarity": "0.04",
      "rolls": 1
    },
    {
      "id": 2357,
      "quantity": "1",
      "noted": false,
      "rarity": "0.04",
      "rolls": 1
    },
    {
      "id": 2361,
      "quantity": "1",
      "noted": false,
      "rarity": "0.02",
      "rolls": 1
    },
    {
      "id": 444,
      "quantity": "1",
      "noted": false,
      "rarity": "0.02",
      "rolls": 1
    },
    {
      "id": 11371,
      "quantity": "1",
      "noted": false,
      "rarity": "0.04",
      "rolls": 1
    },
    {
      "id": 995,
      "quantity": "142",
      "noted": false,
      "rarity": "0.08",
      "rolls": 1
    },
    {
      "id": 995,
      "quantity": "106",
      "noted": false,
      "rarity": "0.04",
      "rolls": 1
    },
    {
      "id": 995,
      "quantity": "106",
      "noted": false,
      "rarity": "0.02",
      "rolls": 1
    },
    {
      "id": 995,
      "quantity": "323",
      "noted": false,
      "rarity": "0.01",
      "rolls": 1
    },
    {
      "id": 11341,
      "quantity": "1",
      "noted": false,
      "rarity": "0.04",
      "rolls": 1
    },
    {
      "id": 11443,
      "quantity": "1",
      "noted": false,
      "rarity": "0.04",
      "rolls": 1
    },
    {
      "id": 9419,
      "quantity": "2",
      "noted": false,
      "rarity": "0.02",
      "rolls": 1
    },
    {
      "id": 1637,
      "quantity": "1",
      "noted": false,
      "rarity": "0.02",
      "rolls": 1
    },
    {
      "id": 1295,
      "quantity": "1",
      "noted": false,
      "rarity": "0.04",
      "rolls": 1
    },
    {
      "id": 2801,
      "quantity": "1",
      "noted": false,
      "rarity": "0.01",
      "rolls": 1
    },
    {
      "id": 857,
      "quantity": "1",
      "noted": false,
      "rarity": "0.02",
      "rolls": 1
    },
    {
      "id": 6806,
      "quantity": "1",
      "noted": false,
      "rarity": "0.00",
      "rolls": 1
    },
    {
      "id": 865,
      "quantity": "10",
      "noted": false,
      "rarity": "0.02",
      "rolls": 1
    },
    {
      "id": 1424,
      "quantity": "1",
      "noted": false,
      "rarity": "0.02",
      "rolls": 1
    },
    {
      "id": 1325,
      "quantity": "1",
      "noted": false,
      "rarity": "0.02",
      "rolls": 1
    }
  ]
}