{
  "id": 1543,
  "name": "gargoyle",
  "combat_level": 111,
  "size": 3,
  "hitpoints": 105,
  "max_hit": 11,
  "attack_type": ["slash"],
  "attack_speed": 4,
  "aggressive": true,
  "poisonous": false,
  "venomous": false,
  "immune_poison": true,
  "immune_venom": true,
  "attributes": [],
  "category": ["gargoyles"],
  "slayer_monster": true,
  "slayer_level": 75,
  "slayer_xp": "105.00",
  "slayer_masters": [
    "vannaka",
    "chaeldar",
    "konar",
    "nieve",
    "duradel"
  ],
  "attack_level": 75,
  "strength_level": 105,
  "defence_level": 107,
  "magic_level": 1,
  "ranged_level": 1,
  "attack_bonus": 0,
  "strength_bonus": 0,
  "attack_magic": 0,
  "magic_bonus": 0,
  "attack_ranged": 0,
  "ranged_bonus": 0,
  "defence_stab": 20,
  "defence_slash": 20,
  "defence_crush": 0,
  "defence_magic": 20,
  "defence_ranged": 20,
  "drops": [
    {
      "id": 1623,
      "name": "uncut sapphire",
      "quantity": "1",
      "noted": false,
      "rarity": "0.01",
      "rolls": 1
    },
    {
      "id": 1621,
      "name": "uncut emerald",
      "quantity": "1",
      "noted": false,
      "rarity": "0.00",
      "rolls": 1
    },
    {
      "id": 1619,
      "name": "uncut ruby",
      "quantity": "1",
      "noted": false,
      "rarity": "0.00",
      "rolls": 1
    },
    {
      "id": 1452,
      "name": "chaos talisman",
      "quantity": "1",
      "noted": false,
      "rarity": "0.00",
      "rolls": 1
    },
    {
      "id": 1462,
      "name": "nature talisman",
      "quantity": "1",
      "noted": false,
      "rarity": "0.00",
      "rolls": 1
    },
    {
      "id": 1617,
      "name": "uncut diamond",
      "quantity": "1",
      "noted": false,
      "rarity": "0.00",
      "rolls": 1
    },
    {
      "id": 830,
      "name": "rune javelin",
      "quantity": "5",
      "noted": false,
      "rarity": "0.00",
      "rolls": 1
    },
    {
      "id": 987,
      "name": "loop half of key",
      "quantity": "1",
      "noted": false,
      "rarity": "0.00",
      "rolls": 1
    },
    {
      "id": 985,
      "name": "tooth half of key",
      "quantity": "1",
      "noted": false,
      "rarity": "0.00",
      "rolls": 1
    },
    {
      "id": 1247,
      "name": "rune spear",
      "quantity": "1",
      "noted": false,
      "rarity": "0.00",
      "rolls": 1
    },
    {
      "id": 2366,
      "name": "shield left half",
      "quantity": "1",
      "noted": false,
      "rarity": "0.00",
      "rolls": 1
    },
    {
      "id": 1249,
      "name": "dragon spear",
      "quantity": "1",
      "noted": false,
      "rarity": "0.00",
      "rolls": 1
    },
    {
      "id": 4153,
      "name": "granite maul",
      "quantity": "1",
      "noted": false,
      "rarity": "0.00",
      "rolls": 1
    },
    {
      "id": 562,
      "name": "chaos rune",
      "quantity": "30",
      "noted": false,
      "rarity": "0.06",
      "rolls": 1
    },
    {
      "id": 554,
      "name": "fire rune",
      "quantity": "150",
      "noted": false,
      "rarity": "0.05",
      "rolls": 1
    },
    {
      "id": 560,
      "name": "death rune",
      "quantity": "15",
      "noted": false,
      "rarity": "0.04",
      "rolls": 1
    },
    {
      "id": 444,
      "name": "gold ore",
      "quantity": "10-20",
      "noted": true,
      "rarity": "0.08",
      "rolls": 1
    },
    {
      "id": 7936,
      "name": "pure essence",
      "quantity": "150",
      "noted": true,
      "rarity": "0.05",
      "rolls": 1
    },
    {
      "id": 2353,
      "name": "steel bar",
      "quantity": "15",
      "noted": true,
      "rarity": "0.05",
      "rolls": 1
    },
    {
      "id": 2357,
      "name": "gold bar",
      "quantity": "10-15",
      "noted": true,
      "rarity": "0.02",
      "rolls": 1
    },
    {
      "id": 2359,
      "name": "mithril bar",
      "quantity": "15",
      "noted": true,
      "rarity": "0.02",
      "rolls": 1
    },
    {
      "id": 451,
      "name": "runite ore",
      "quantity": "1",
      "noted": false,
      "rarity": "0.02",
      "rolls": 1
    },
    {
      "id": 995,
      "name": "coins",
      "quantity": "400-800",
      "noted": false,
      "rarity": "0.22",
      "rolls": 1
    },
    {
      "id": 4101,
      "name": "mystic robe top (dark)",
      "quantity": "1",
      "noted": false,
      "rarity": "0.00",
      "rolls": 1
    },
    {
      "id": 995,
      "name": "coins",
      "quantity": "500-1000",
      "noted": false,
      "rarity": "0.16",
      "rolls": 1
    },
    {
      "id": 995,
      "name": "coins",
      "quantity": "10000",
      "noted": false,
      "rarity": "0.04",
      "rolls": 1
    },
    {
      "id": 1073,
      "name": "adamant platelegs",
      "quantity": "1",
      "noted": false,
      "rarity": "0.03",
      "rolls": 1
    },
    {
      "id": 23083,
      "name": "brimstone key",
      "quantity": "1",
      "noted": false,
      "rarity": "0.01",
      "rolls": 1
    },
    {
      "id": 2722,
      "name": "clue scroll (hard)",
      "quantity": "1",
      "noted": false,
      "rarity": "0.01",
      "rolls": 1
    },
    {
      "id": 21724,
      "name": "brittle key",
      "quantity": "1",
      "noted": false,
      "rarity": "0.01",
      "rolls": 1
    },
    {
      "id": 1163,
      "name": "rune full helm",
      "quantity": "1",
      "noted": false,
      "rarity": "0.02",
      "rolls": 1
    },
    {
      "id": 1319,
      "name": "rune 2h sword",
      "quantity": "1",
      "noted": false,
      "rarity": "0.02",
      "rolls": 1
    },
    {
      "id": 4129,
      "name": "adamant boots",
      "quantity": "1",
      "noted": false,
      "rarity": "0.01",
      "rolls": 1
    },
    {
      "id": 1373,
      "name": "rune battleaxe",
      "quantity": "1",
      "noted": false,
      "rarity": "0.01",
      "rolls": 1
    },
    {
      "id": 1079,
      "name": "rune platelegs",
      "quantity": "1",
      "noted": false,
      "rarity": "0.01",
      "rolls": 1
    },
    {
      "id": 554,
      "name": "fire rune",
      "quantity": "75",
      "noted": false,
      "rarity": "0.08",
      "rolls": 1
    }
  ]
}