{"name":"black knight","combat_level":33,"size":1,"hitpoints":42,"max_hit":4,"attack_type":["slash"],"attack_speed":5,"aggressive":false,"poisonous":false,"venomous":false,"immune_poison":false,"immune_venom":false,"attributes":[],"category":[],"slayer_monster":false,"slayer_level":null,"slayer_xp":null,"slayer_masters":[],"attack_level":25,"strength_level":25,"defence_level":25,"magic_level":1,"ranged_level":1,"attack_bonus":18,"strength_bonus":16,"attack_magic":0,"magic_bonus":0,"attack_ranged":0,"ranged_bonus":0,"defence_stab":73,"defence_slash":76,"defence_crush":70,"defence_magic":-11,"defence_ranged":72,"drops":[]}