{
  "id": 1557,
  "name": "water wizard",
  "combat_level": 13,
  "size": 1,
  "hitpoints": 25,
  "max_hit": 2,
  "attack_type": ["magic"],
  "attack_speed": 4,
  "aggressive": false,
  "poisonous": false,
  "venomous": false,
  "immune_poison": false,
  "immune_venom": false,
  "attributes": [],
  "category": [],
  "slayer_monster": false,
  "slayer_level": null,
  "slayer_xp": null,
  "slayer_masters": [],
  "attack_level": 5,
  "strength_level": 5,
  "defence_level": 10,
  "magic_level": 10,
  "ranged_level": 0,
  "attack_bonus": 0,
  "strength_bonus": 0,
  "attack_magic": 0,
  "magic_bonus": 0,
  "attack_ranged": 0,
  "ranged_bonus": 0,
  "defence_stab": 0,
  "defence_slash": 0,
  "defence_crush": 0,
  "defence_magic": 15,
  "defence_ranged": 0,
  "drops": [
    {
      "id": 592,
      "name": "ashes",
      "quantity": "1",
      "noted": false,
      "rarity": "1.00",
      "rolls": 1
    },
    {
      "id": 555,
      "name": "water rune",
      "quantity": "5-10",
      "noted": false,
      "rarity": "0.95",
      "rolls": 1
    },
    {
      "id": 1444,
      "name": "water talisman",
      "quantity": "1",
      "noted": false,
      "rarity": "0.05",
      "rolls": 1
    }
  ]
}