{"name":"kolodion","combat_level":112,"size":3,"hitpoints":107,"max_hit":20,"attack_type":["magic"],"attack_speed":4,"aggressive":true,"poisonous":true,"venomous":false,"immune_poison":false,"immune_venom":false,"attributes":[],"category":["black demons"],"slayer_monster":true,"slayer_level":1,"slayer_xp":"107.00","slayer_masters":["krystilia","chaeldar","nieve","duradel"],"attack_level":85,"strength_level":98,"defence_level":105,"magic_level":80,"ranged_level":1,"attack_bonus":0,"strength_bonus":0,"attack_magic":0,"magic_bonus":0,"attack_ranged":0,"ranged_bonus":0,"defence_stab":0,"defence_slash":0,"defence_crush":0,"defence_magic":0,"defence_ranged":0,"drops":[]}