{"name":"ahrim the blighted","combat_level":98,"size":1,"hitpoints":100,"max_hit":20,"attack_type":["magic"],"attack_speed":6,"aggressive":true,"poisonous":false,"venomous":false,"immune_poison":false,"immune_venom":false,"attributes":["spectral"],"category":["bosses"],"slayer_monster":true,"slayer_level":1,"slayer_xp":"102.50","slayer_masters":["konar","nieve","duradel"],"attack_level":1,"strength_level":1,"defence_level":100,"magic_level":100,"ranged_level":1,"attack_bonus":0,"strength_bonus":68,"attack_magic":73,"magic_bonus":0,"attack_ranged":-19,"ranged_bonus":0,"defence_stab":103,"defence_slash":85,"defence_crush":117,"defence_magic":73,"defence_ranged":0,"drops":[{"id":23083,"name":"brimstone key","quantity":"1","noted":false,"rarity":"0.01","rolls":1}]}