{"name":"karil the tainted","combat_level":98,"size":1,"hitpoints":100,"max_hit":20,"attack_type":["ranged"],"attack_speed":4,"aggressive":true,"poisonous":false,"venomous":false,"immune_poison":false,"immune_venom":false,"attributes":["spectral"],"category":["bosses"],"slayer_monster":true,"slayer_level":1,"slayer_xp":"100.00","slayer_masters":["konar","nieve","duradel"],"attack_level":1,"strength_level":1,"defence_level":100,"magic_level":1,"ranged_level":100,"attack_bonus":0,"strength_bonus":0,"attack_magic":-26,"magic_bonus":0,"attack_ranged":134,"ranged_bonus":55,"defence_stab":79,"defence_slash":71,"defence_crush":90,"defence_magic":106,"defence_ranged":100,"drops":[{"id":23083,"name":"brimstone key","quantity":"1","noted":false,"rarity":"0.01","rolls":1}]}