{"name":"verac the defiled","combat_level":115,"size":1,"hitpoints":100,"max_hit":23,"attack_type":["stab"],"attack_speed":5,"aggressive":true,"poisonous":false,"venomous":false,"immune_poison":false,"immune_venom":false,"attributes":["spectral"],"category":["bosses"],"slayer_monster":true,"slayer_level":1,"slayer_xp":"112.50","slayer_masters":["konar","nieve","duradel"],"attack_level":100,"strength_level":100,"defence_level":100,"magic_level":1,"ranged_level":1,"attack_bonus":0,"strength_bonus":72,"attack_magic":-42,"magic_bonus":0,"attack_ranged":-14,"ranged_bonus":0,"defence_stab":227,"defence_slash":230,"defence_crush":221,"defence_magic":0,"defence_ranged":225,"drops":[{"id":23083,"name":"brimstone key","quantity":"1","noted":false,"rarity":"0.01","rolls":1}]}