{"name":"crypt spider","combat_level":56,"size":1,"hitpoints":60,"max_hit":6,"attack_type":["stab"],"attack_speed":4,"aggressive":true,"poisonous":false,"venomous":false,"immune_poison":false,"immune_venom":false,"attributes":[],"category":["spiders"],"slayer_monster":true,"slayer_level":1,"slayer_xp":"45.00","slayer_masters":["turael","spria"],"attack_level":45,"strength_level":47,"defence_level":45,"magic_level":1,"ranged_level":1,"attack_bonus":0,"strength_bonus":0,"attack_magic":0,"magic_bonus":0,"attack_ranged":0,"ranged_bonus":0,"defence_stab":20,"defence_slash":20,"defence_crush":10,"defence_magic":17,"defence_ranged":20,"drops":[]}