{"name":"spinner","combat_level":55,"size":1,"hitpoints":53,"max_hit":3,"attack_type":["melee","crush"],"attack_speed":4,"aggressive":false,"poisonous":false,"venomous":false,"immune_poison":false,"immune_venom":false,"attributes":[],"category":[],"slayer_monster":false,"slayer_level":null,"slayer_xp":null,"slayer_masters":[],"attack_level":22,"strength_level":22,"defence_level":68,"magic_level":52,"ranged_level":0,"attack_bonus":0,"strength_bonus":0,"attack_magic":0,"magic_bonus":0,"attack_ranged":0,"ranged_bonus":0,"defence_stab":0,"defence_slash":0,"defence_crush":0,"defence_magic":0,"defence_ranged":0,"drops":[]}