{"name":"scarab swarm","combat_level":98,"size":1,"hitpoints":25,"max_hit":1,"attack_type":["slash"],"attack_speed":1,"aggressive":true,"poisonous":false,"venomous":false,"immune_poison":false,"immune_venom":false,"attributes":["kalphite"],"category":["scabarites"],"slayer_monster":true,"slayer_level":1,"slayer_xp":"1.00","slayer_masters":["nieve"],"attack_level":255,"strength_level":5,"defence_level":30,"magic_level":1,"ranged_level":1,"attack_bonus":0,"strength_bonus":0,"attack_magic":0,"magic_bonus":0,"attack_ranged":0,"ranged_bonus":0,"defence_stab":90,"defence_slash":90,"defence_crush":5,"defence_magic":90,"defence_ranged":90,"drops":[{"id":526,"name":"bones","quantity":"1","noted":false,"rarity":"1.00","rolls":1}]}