{"name":"billy goat","combat_level":33,"size":1,"hitpoints":28,"max_hit":6,"attack_type":["crush"],"attack_speed":4,"aggressive":false,"poisonous":false,"venomous":false,"immune_poison":false,"immune_venom":false,"attributes":[],"category":[],"slayer_monster":false,"slayer_level":null,"slayer_xp":null,"slayer_masters":[],"attack_level":31,"strength_level":29,"defence_level":29,"magic_level":1,"ranged_level":1,"attack_bonus":30,"strength_bonus":29,"attack_magic":0,"magic_bonus":0,"attack_ranged":0,"ranged_bonus":0,"defence_stab":10,"defence_slash":10,"defence_crush":0,"defence_magic":0,"defence_ranged":10,"drops":[{"id":526,"name":"bones","quantity":"1","noted":false,"rarity":"1.00","rolls":1},{"id":9735,"name":"desert goat horn","quantity":"1","noted":false,"rarity":"1.00","rolls":1}]}