{"name":"white knight","combat_level":36,"size":1,"hitpoints":52,"max_hit":6,"attack_type":["slash"],"attack_speed":7,"aggressive":false,"poisonous":false,"venomous":false,"immune_poison":false,"immune_venom":false,"attributes":[],"category":[],"slayer_monster":false,"slayer_level":null,"slayer_xp":null,"slayer_masters":[],"attack_level":27,"strength_level":29,"defence_level":21,"magic_level":1,"ranged_level":1,"attack_bonus":30,"strength_bonus":31,"attack_magic":0,"magic_bonus":0,"attack_ranged":0,"ranged_bonus":0,"defence_stab":83,"defence_slash":76,"defence_crush":70,"defence_magic":-11,"defence_ranged":74,"drops":[{"id":1623,"name":"uncut sapphire","quantity":"1","noted":false,"rarity":"0.00","rolls":1},{"id":1621,"name":"uncut emerald","quantity":"1","noted":false,"rarity":"0.00","rolls":1},{"id":1619,"name":"uncut ruby","quantity":"1","noted":false,"rarity":"0.00","rolls":1},{"id":1452,"name":"chaos talisman","quantity":"1","noted":false,"rarity":"0.00","rolls":1},{"id":1462,"name":"nature talisman","quantity":"1","noted":false,"rarity":"0.00","rolls":1},{"id":1617,"name":"uncut diamond","quantity":"1","noted":false,"rarity":"0.00","rolls":1},{"id":830,"name":"rune javelin","quantity":"5","noted":false,"rarity":"0.00","rolls":1},{"id":987,"name":"loop half of key","quantity":"1","noted":false,"rarity":"0.00","rolls":1},{"id":985,"name":"tooth half of key","quantity":"1","noted":false,"rarity":"0.00","rolls":1},{"id":1247,"name":"rune spear","quantity":"1","noted":false,"rarity":"0.00","rolls":1},{"id":2366,"name":"shield left half","quantity":"1","noted":false,"rarity":"0.00","rolls":1},{"id":1249,"name":"dragon spear","quantity":"1","noted":false,"rarity":"0.00","rolls":1},{"id":1623,"name":"uncut sapphire","quantity":"1","noted":false,"rarity":"0.00","rolls":1},{"id":1621,"name":"uncut emerald","quantity":"1","noted":false,"rarity":"0.00","rolls":1},{"id":1619,"name":"uncut ruby","quantity":"1","noted":false,"rarity":"0.00","rolls":1},{"id":1452,"name":"chaos talisman","quantity":"1","noted":false,"rarity":"0.00","rolls":1},{"id":1462,"name":"nature talisman","quantity":"1","noted":false,"rarity":"0.00","rolls":1},{"id":1617,"name":"uncut diamond","quantity":"1","noted":false,"rarity":"0.00","rolls":1},{"id":830,"name":"rune javelin","quantity":"5","noted":false,"rarity":"0.00","rolls":1},{"id":987,"name":"loop half of key","quantity":"1","noted":false,"rarity":"0.00","rolls":1},{"id":985,"name":"tooth half of key","quantity":"1","noted":false,"rarity":"0.00","rolls":1},{"id":1247,"name":"rune spear","quantity":"1","noted":false,"rarity":"0.00","rolls":1},{"id":2366,"name":"shield left half","quantity":"1","noted":false,"rarity":"0.00","rolls":1},{"id":1249,"name":"dragon spear","quantity":"1","noted":false,"rarity":"0.00","rolls":1},{"id":526,"name":"bones","quantity":"1","noted":false,"rarity":"1.00","rolls":1},{"id":888,"name":"mithril arrow","quantity":"5","noted":false,"rarity":"0.02","rolls":1},{"id":2351,"name":"iron bar","quantity":"1","noted":false,"rarity":"0.02","rolls":1},{"id":2323,"name":"apple pie","quantity":"1","noted":false,"rarity":"0.01","rolls":1},{"id":440,"name":"iron ore","quantity":"1","noted":false,"rarity":"0.01","rolls":1},{"id":1933,"name":"pot of flour","quantity":"1","noted":false,"rarity":"0.01","rolls":1},{"id":890,"name":"adamant arrow","quantity":"2","noted":false,"rarity":"0.01","rolls":1},{"id":526,"name":"bones","quantity":"1","noted":false,"rarity":"1.00","rolls":1},{"id":1293,"name":"iron longsword","quantity":"1","noted":false,"rarity":"0.02","rolls":1},{"id":1141,"name":"steel med helm","quantity":"1","noted":false,"rarity":"0.02","rolls":1},{"id":1281,"name":"steel sword","quantity":"1","noted":false,"rarity":"0.02","rolls":1},{"id":558,"name":"mind rune","quantity":"10","noted":false,"rarity":"0.06","rolls":1},{"id":565,"name":"blood rune","quantity":"2","noted":false,"rarity":"0.01","rolls":1},{"id":888,"name":"mithril arrow","quantity":"7","noted":false,"rarity":"0.04","rolls":1},{"id":561,"name":"nature rune","quantity":"6","noted":false,"rarity":"0.03","rolls":1},{"id":559,"name":"body rune","quantity":"15-19","noted":false,"rarity":"0.02","rolls":1},{"id":562,"name":"chaos rune","quantity":"4","noted":false,"rarity":"0.02","rolls":1},{"id":555,"name":"water rune","quantity":"35-40","noted":false,"rarity":"0.02","rolls":1},{"id":890,"name":"adamant arrow","quantity":"4","noted":false,"rarity":"0.02","rolls":1},{"id":565,"name":"blood rune","quantity":"3","noted":false,"rarity":"0.01","rolls":1},{"id":563,"name":"law rune","quantity":"3","noted":false,"rarity":"0.01","rolls":1},{"id":199,"name":"grimy guam leaf","quantity":"1","noted":false,"rarity":"0.01","rolls":1},{"id":201,"name":"grimy marrentill","quantity":"1","noted":false,"rarity":"0.01","rolls":1},{"id":563,"name":"law rune","quantity":"2","noted":false,"rarity":"0.01","rolls":1},{"id":203,"name":"grimy tarromin","quantity":"1","noted":false,"rarity":"0.01","rolls":1},{"id":205,"name":"grimy harralander","quantity":"1","noted":false,"rarity":"0.01","rolls":1},{"id":207,"name":"grimy ranarr weed","quantity":"1","noted":false,"rarity":"0.00","rolls":1},{"id":209,"name":"grimy irit leaf","quantity":"1","noted":false,"rarity":"0.00","rolls":1},{"id":211,"name":"grimy avantoe","quantity":"1","noted":false,"rarity":"0.00","rolls":1},{"id":213,"name":"grimy kwuarm","quantity":"1","noted":false,"rarity":"0.00","rolls":1},{"id":215,"name":"grimy cadantine","quantity":"1","noted":false,"rarity":"0.00","rolls":1},{"id":2485,"name":"grimy lantadyme","quantity":"1","noted":false,"rarity":"0.00","rolls":1},{"id":217,"name":"grimy dwarf weed","quantity":"1","noted":false,"rarity":"0.00","rolls":1},{"id":5318,"name":"potato seed","quantity":"4","noted":false,"rarity":"0.05","rolls":1},{"id":199,"name":"grimy guam leaf","quantity":"1","noted":false,"rarity":"0.01","rolls":1},{"id":5319,"name":"onion seed","quantity":"4","noted":false,"rarity":"0.04","rolls":1},{"id":5324,"name":"cabbage seed","quantity":"4","noted":false,"rarity":"0.03","rolls":1},{"id":5322,"name":"tomato seed","quantity":"3","noted":false,"rarity":"0.01","rolls":1},{"id":5320,"name":"sweetcorn seed","quantity":"3","noted":false,"rarity":"0.01","rolls":1},{"id":5323,"name":"strawberry seed","quantity":"2","noted":false,"rarity":"0.00","rolls":1},{"id":5321,"name":"watermelon seed","quantity":"2","noted":false,"rarity":"0.00","rolls":1},{"id":22879,"name":"snape grass seed","quantity":"2","noted":false,"rarity":"0.00","rolls":1},{"id":995,"name":"coins","quantity":"5","noted":false,"rarity":"0.14","rolls":1},{"id":995,"name":"coins","quantity":"15-19","noted":false,"rarity":"0.10","rolls":1},{"id":995,"name":"coins","quantity":"15","noted":false,"rarity":"0.09","rolls":1},{"id":201,"name":"grimy marrentill","quantity":"1","noted":false,"rarity":"0.01","rolls":1},{"id":995,"name":"coins","quantity":"55-63","noted":false,"rarity":"0.08","rolls":1},{"id":995,"name":"coins","quantity":"50-69","noted":false,"rarity":"0.08","rolls":1},{"id":995,"name":"coins","quantity":"10","noted":false,"rarity":"0.05","rolls":1},{"id":995,"name":"coins","quantity":"5","noted":false,"rarity":"0.05","rolls":1},{"id":995,"name":"coins","quantity":"120","noted":false,"rarity":"0.02","rolls":1},{"id":995,"name":"coins","quantity":"1","noted":false,"rarity":"0.01","rolls":1},{"id":2351,"name":"iron bar","quantity":"2","noted":false,"rarity":"0.05","rolls":1},{"id":2351,"name":"iron bar","quantity":"1","noted":false,"rarity":"0.02","rolls":1},{"id":2323,"name":"apple pie","quantity":"1","noted":false,"rarity":"0.01","rolls":1},{"id":440,"name":"iron ore","quantity":"1","noted":false,"rarity":"0.01","rolls":1},{"id":203,"name":"grimy tarromin","quantity":"1","noted":false,"rarity":"0.01","rolls":1},{"id":1933,"name":"pot of flour","quantity":"1","noted":false,"rarity":"0.01","rolls":1},{"id":205,"name":"grimy harralander","quantity":"1","noted":false,"rarity":"0.00","rolls":1},{"id":526,"name":"bones","quantity":"1","noted":false,"rarity":"1.00","rolls":1},{"id":1293,"name":"iron longsword","quantity":"1","noted":false,"rarity":"0.02","rolls":1},{"id":1141,"name":"steel med helm","quantity":"1","noted":false,"rarity":"0.02","rolls":1},{"id":1281,"name":"steel sword","quantity":"1","noted":false,"rarity":"0.02","rolls":1},{"id":558,"name":"mind rune","quantity":"12","noted":false,"rarity":"0.02","rolls":1},{"id":888,"name":"mithril arrow","quantity":"9","noted":false,"rarity":"0.04","rolls":1},{"id":561,"name":"nature rune","quantity":"7","noted":false,"rarity":"0.03","rolls":1},{"id":559,"name":"body rune","quantity":"15-24","noted":false,"rarity":"0.02","rolls":1},{"id":207,"name":"grimy ranarr weed","quantity":"1","noted":false,"rarity":"0.00","rolls":1},{"id":562,"name":"chaos rune","quantity":"5","noted":false,"rarity":"0.02","rolls":1},{"id":555,"name":"water rune","quantity":"40-47","noted":false,"rarity":"0.02","rolls":1},{"id":890,"name":"adamant arrow","quantity":"5","noted":false,"rarity":"0.02","rolls":1},{"id":565,"name":"blood rune","quantity":"3","noted":false,"rarity":"0.01","rolls":1},{"id":563,"name":"law rune","quantity":"3","noted":false,"rarity":"0.01","rolls":1},{"id":199,"name":"grimy guam leaf","quantity":"1","noted":false,"rarity":"0.01","rolls":1},{"id":201,"name":"grimy marrentill","quantity":"1","noted":false,"rarity":"0.01","rolls":1},{"id":203,"name":"grimy tarromin","quantity":"1","noted":false,"rarity":"0.01","rolls":1},{"id":205,"name":"grimy harralander","quantity":"1","noted":false,"rarity":"0.01","rolls":1},{"id":207,"name":"grimy ranarr weed","quantity":"1","noted":false,"rarity":"0.00","rolls":1},{"id":209,"name":"grimy irit leaf","quantity":"1","noted":false,"rarity":"0.00","rolls":1},{"id":209,"name":"grimy irit leaf","quantity":"1","noted":false,"rarity":"0.00","rolls":1},{"id":211,"name":"grimy avantoe","quantity":"1","noted":false,"rarity":"0.00","rolls":1},{"id":213,"name":"grimy kwuarm","quantity":"1","noted":false,"rarity":"0.00","rolls":1},{"id":215,"name":"grimy cadantine","quantity":"1","noted":false,"rarity":"0.00","rolls":1},{"id":2485,"name":"grimy lantadyme","quantity":"1","noted":false,"rarity":"0.00","rolls":1},{"id":217,"name":"grimy dwarf weed","quantity":"1","noted":false,"rarity":"0.00","rolls":1},{"id":5318,"name":"potato seed","quantity":"4","noted":false,"rarity":"0.08","rolls":1},{"id":5319,"name":"onion seed","quantity":"4","noted":false,"rarity":"0.06","rolls":1},{"id":5324,"name":"cabbage seed","quantity":"4","noted":false,"rarity":"0.04","rolls":1},{"id":5322,"name":"tomato seed","quantity":"3","noted":false,"rarity":"0.02","rolls":1},{"id":1293,"name":"iron longsword","quantity":"1","noted":false,"rarity":"0.02","rolls":1},{"id":211,"name":"grimy avantoe","quantity":"1","noted":false,"rarity":"0.00","rolls":1},{"id":5320,"name":"sweetcorn seed","quantity":"3","noted":false,"rarity":"0.01","rolls":1},{"id":5323,"name":"strawberry seed","quantity":"2","noted":false,"rarity":"0.01","rolls":1},{"id":5321,"name":"watermelon seed","quantity":"2","noted":false,"rarity":"0.00","rolls":1},{"id":22879,"name":"snape grass seed","quantity":"2","noted":false,"rarity":"0.00","rolls":1},{"id":995,"name":"coins","quantity":"5","noted":false,"rarity":"0.22","rolls":1},{"id":995,"name":"coins","quantity":"51-55","noted":false,"rarity":"0.10","rolls":1},{"id":995,"name":"coins","quantity":"15","noted":false,"rarity":"0.09","rolls":1},{"id":995,"name":"coins","quantity":"65-73","noted":false,"rarity":"0.08","rolls":1},{"id":995,"name":"coins","quantity":"10","noted":false,"rarity":"0.05","rolls":1},{"id":995,"name":"coins","quantity":"8","noted":false,"rarity":"0.05","rolls":1},{"id":213,"name":"grimy kwuarm","quantity":"1","noted":false,"rarity":"0.00","rolls":1},{"id":995,"name":"coins","quantity":"50-69","noted":false,"rarity":"0.04","rolls":1},{"id":995,"name":"coins","quantity":"120","noted":false,"rarity":"0.02","rolls":1},{"id":995,"name":"coins","quantity":"1","noted":false,"rarity":"0.01","rolls":1},{"id":2351,"name":"iron bar","quantity":"2","noted":false,"rarity":"0.04","rolls":1},{"id":2351,"name":"iron bar","quantity":"1","noted":false,"rarity":"0.02","rolls":1},{"id":2323,"name":"apple pie","quantity":"1","noted":false,"rarity":"0.01","rolls":1},{"id":440,"name":"iron ore","quantity":"1","noted":false,"rarity":"0.01","rolls":1},{"id":1933,"name":"pot of flour","quantity":"1","noted":false,"rarity":"0.01","rolls":1},{"id":215,"name":"grimy cadantine","quantity":"1","noted":false,"rarity":"0.00","rolls":1},{"id":2485,"name":"grimy lantadyme","quantity":"1","noted":false,"rarity":"0.00","rolls":1},{"id":217,"name":"grimy dwarf weed","quantity":"1","noted":false,"rarity":"0.00","rolls":1},{"id":5318,"name":"potato seed","quantity":"4","noted":false,"rarity":"0.04","rolls":1},{"id":5319,"name":"onion seed","quantity":"4","noted":false,"rarity":"0.03","rolls":1},{"id":5324,"name":"cabbage seed","quantity":"4","noted":false,"rarity":"0.02","rolls":1},{"id":5322,"name":"tomato seed","quantity":"3","noted":false,"rarity":"0.01","rolls":1},{"id":5320,"name":"sweetcorn seed","quantity":"3","noted":false,"rarity":"0.01","rolls":1},{"id":1281,"name":"steel sword","quantity":"1","noted":false,"rarity":"0.01","rolls":1},{"id":5323,"name":"strawberry seed","quantity":"2","noted":false,"rarity":"0.00","rolls":1},{"id":5321,"name":"watermelon seed","quantity":"2","noted":false,"rarity":"0.00","rolls":1},{"id":22879,"name":"snape grass seed","quantity":"2","noted":false,"rarity":"0.00","rolls":1},{"id":995,"name":"coins","quantity":"48","noted":false,"rarity":"0.12","rolls":1},{"id":995,"name":"coins","quantity":"15","noted":false,"rarity":"0.12","rolls":1},{"id":995,"name":"coins","quantity":"5","noted":false,"rarity":"0.12","rolls":1},{"id":995,"name":"coins","quantity":"8","noted":false,"rarity":"0.09","rolls":1},{"id":995,"name":"coins","quantity":"45-53","noted":false,"rarity":"0.08","rolls":1},{"id":995,"name":"coins","quantity":"1","noted":false,"rarity":"0.04","rolls":1},{"id":995,"name":"coins","quantity":"2","noted":false,"rarity":"0.04","rolls":1},{"id":1141,"name":"steel med helm","quantity":"1","noted":false,"rarity":"0.01","rolls":1},{"id":995,"name":"coins","quantity":"10","noted":false,"rarity":"0.04","rolls":1},{"id":995,"name":"coins","quantity":"120","noted":false,"rarity":"0.01","rolls":1},{"id":2351,"name":"iron bar","quantity":"2","noted":false,"rarity":"0.05","rolls":1},{"id":2351,"name":"iron bar","quantity":"1","noted":false,"rarity":"0.02","rolls":1},{"id":2323,"name":"apple pie","quantity":"1","noted":false,"rarity":"0.01","rolls":1},{"id":440,"name":"iron ore","quantity":"1","noted":false,"rarity":"0.01","rolls":1},{"id":1933,"name":"pot of flour","quantity":"1","noted":false,"rarity":"0.01","rolls":1},{"id":558,"name":"mind rune","quantity":"5","noted":false,"rarity":"0.09","rolls":1},{"id":526,"name":"bones","quantity":"1","noted":false,"rarity":"1.00","rolls":1},{"id":1293,"name":"iron longsword","quantity":"1","noted":false,"rarity":"0.02","rolls":1},{"id":561,"name":"nature rune","quantity":"4","noted":false,"rarity":"0.03","rolls":1},{"id":1141,"name":"steel med helm","quantity":"1","noted":false,"rarity":"0.02","rolls":1},{"id":1281,"name":"steel sword","quantity":"1","noted":false,"rarity":"0.01","rolls":1},{"id":558,"name":"mind rune","quantity":"7","noted":false,"rarity":"0.06","rolls":1},{"id":888,"name":"mithril arrow","quantity":"5","noted":false,"rarity":"0.04","rolls":1},{"id":561,"name":"nature rune","quantity":"5","noted":false,"rarity":"0.03","rolls":1},{"id":559,"name":"body rune","quantity":"10-14","noted":false,"rarity":"0.02","rolls":1},{"id":562,"name":"chaos rune","quantity":"3","noted":false,"rarity":"0.02","rolls":1},{"id":555,"name":"water rune","quantity":"30-35","noted":false,"rarity":"0.02","rolls":1},{"id":890,"name":"adamant arrow","quantity":"2","noted":false,"rarity":"0.02","rolls":1},{"id":565,"name":"blood rune","quantity":"2","noted":false,"rarity":"0.01","rolls":1},{"id":559,"name":"body rune","quantity":"9-13","noted":false,"rarity":"0.02","rolls":1},{"id":563,"name":"law rune","quantity":"3","noted":false,"rarity":"0.01","rolls":1},{"id":199,"name":"grimy guam leaf","quantity":"1","noted":false,"rarity":"0.01","rolls":1},{"id":201,"name":"grimy marrentill","quantity":"1","noted":false,"rarity":"0.01","rolls":1},{"id":203,"name":"grimy tarromin","quantity":"1","noted":false,"rarity":"0.01","rolls":1},{"id":205,"name":"grimy harralander","quantity":"1","noted":false,"rarity":"0.01","rolls":1},{"id":207,"name":"grimy ranarr weed","quantity":"1","noted":false,"rarity":"0.00","rolls":1},{"id":209,"name":"grimy irit leaf","quantity":"1","noted":false,"rarity":"0.00","rolls":1},{"id":211,"name":"grimy avantoe","quantity":"1","noted":false,"rarity":"0.00","rolls":1},{"id":213,"name":"grimy kwuarm","quantity":"1","noted":false,"rarity":"0.00","rolls":1},{"id":215,"name":"grimy cadantine","quantity":"1","noted":false,"rarity":"0.00","rolls":1},{"id":562,"name":"chaos rune","quantity":"2","noted":false,"rarity":"0.02","rolls":1},{"id":2485,"name":"grimy lantadyme","quantity":"1","noted":false,"rarity":"0.00","rolls":1},{"id":217,"name":"grimy dwarf weed","quantity":"1","noted":false,"rarity":"0.00","rolls":1},{"id":5318,"name":"potato seed","quantity":"4","noted":false,"rarity":"0.05","rolls":1},{"id":5319,"name":"onion seed","quantity":"4","noted":false,"rarity":"0.04","rolls":1},{"id":5324,"name":"cabbage seed","quantity":"4","noted":false,"rarity":"0.03","rolls":1},{"id":5322,"name":"tomato seed","quantity":"3","noted":false,"rarity":"0.01","rolls":1},{"id":5320,"name":"sweetcorn seed","quantity":"3","noted":false,"rarity":"0.01","rolls":1},{"id":5323,"name":"strawberry seed","quantity":"2","noted":false,"rarity":"0.00","rolls":1},{"id":5321,"name":"watermelon seed","quantity":"2","noted":false,"rarity":"0.00","rolls":1},{"id":22879,"name":"snape grass seed","quantity":"2","noted":false,"rarity":"0.00","rolls":1},{"id":555,"name":"water rune","quantity":"25-30","noted":false,"rarity":"0.02","rolls":1},{"id":995,"name":"coins","quantity":"5","noted":false,"rarity":"0.14","rolls":1},{"id":995,"name":"coins","quantity":"15","noted":false,"rarity":"0.10","rolls":1},{"id":995,"name":"coins","quantity":"10","noted":false,"rarity":"0.09","rolls":1},{"id":995,"name":"coins","quantity":"54","noted":false,"rarity":"0.08","rolls":1},{"id":995,"name":"coins","quantity":"50-58","noted":false,"rarity":"0.08","rolls":1},{"id":995,"name":"coins","quantity":"10","noted":false,"rarity":"0.05","rolls":1},{"id":995,"name":"coins","quantity":"3","noted":false,"rarity":"0.05","rolls":1},{"id":995,"name":"coins","quantity":"1","noted":false,"rarity":"0.01","rolls":1},{"id":995,"name":"coins","quantity":"120","noted":false,"rarity":"0.01","rolls":1},{"id":2351,"name":"iron bar","quantity":"2","noted":false,"rarity":"0.06","rolls":1}]}