{"name":"evil chicken","combat_level":159,"size":1,"hitpoints":120,"max_hit":21,"attack_type":["magic"],"attack_speed":4,"aggressive":false,"poisonous":false,"venomous":false,"immune_poison":false,"immune_venom":false,"attributes":[],"category":["birds"],"slayer_monster":true,"slayer_level":1,"slayer_xp":"3.00","slayer_masters":["turael","spria"],"attack_level":1,"strength_level":1,"defence_level":126,"magic_level":200,"ranged_level":1,"attack_bonus":0,"strength_bonus":0,"attack_magic":0,"magic_bonus":0,"attack_ranged":0,"ranged_bonus":0,"defence_stab":0,"defence_slash":0,"defence_crush":0,"defence_magic":0,"defence_ranged":0,"drops":[{"id":526,"name":"bones","quantity":"1","noted":false,"rarity":"1.00","rolls":1},{"id":2138,"name":"raw chicken","quantity":"1","noted":false,"rarity":"1.00","rolls":1},{"id":314,"name":"feather","quantity":"50-250","noted":false,"rarity":"1.00","rolls":1}]}