{"name":"baby black dragon","combat_level":83,"size":2,"hitpoints":80,"max_hit":11,"attack_type":["slash"],"attack_speed":4,"aggressive":true,"poisonous":false,"venomous":false,"immune_poison":false,"immune_venom":false,"attributes":["dragon"],"category":["black dragons"],"slayer_monster":true,"slayer_level":1,"slayer_xp":"80.00","slayer_masters":["konar","nieve","duradel"],"attack_level":70,"strength_level":70,"defence_level":70,"magic_level":1,"ranged_level":1,"attack_bonus":0,"strength_bonus":0,"attack_magic":0,"magic_bonus":0,"attack_ranged":0,"ranged_bonus":0,"defence_stab":30,"defence_slash":50,"defence_crush":50,"defence_magic":40,"defence_ranged":30,"drops":[{"id":534,"name":"babydragon bones","quantity":"1","noted":false,"rarity":"1.00","rolls":1},{"id":23083,"name":"brimstone key","quantity":"1","noted":false,"rarity":"0.01","rolls":1}]}