{"name":"ice troll runt","combat_level":74,"size":1,"hitpoints":60,"max_hit":15,"attack_type":["crush"],"attack_speed":4,"aggressive":true,"poisonous":false,"venomous":false,"immune_poison":false,"immune_venom":false,"attributes":[],"category":["trolls"],"slayer_monster":true,"slayer_level":1,"slayer_xp":"63.00","slayer_masters":["vannaka","chaeldar","nieve","duradel"],"attack_level":60,"strength_level":70,"defence_level":70,"magic_level":1,"ranged_level":1,"attack_bonus":60,"strength_bonus":60,"attack_magic":0,"magic_bonus":0,"attack_ranged":0,"ranged_bonus":0,"defence_stab":30,"defence_slash":60,"defence_crush":30,"defence_magic":0,"defence_ranged":0,"drops":[]}