{"name":"aberrant spectre","combat_level":96,"size":2,"hitpoints":90,"max_hit":11,"attack_type":["magic"],"attack_speed":4,"aggressive":true,"poisonous":false,"venomous":false,"immune_poison":false,"immune_venom":false,"attributes":["spectral","undead"],"category":["aberrant spectres"],"slayer_monster":true,"slayer_level":60,"slayer_xp":"90.00","slayer_masters":["vannaka","chaeldar","konar","nieve","duradel"],"attack_level":1,"strength_level":1,"defence_level":90,"magic_level":105,"ranged_level":1,"attack_bonus":0,"strength_bonus":0,"attack_magic":0,"magic_bonus":0,"attack_ranged":0,"ranged_bonus":0,"defence_stab":20,"defence_slash":20,"defence_crush":20,"defence_magic":0,"defence_ranged":15,"drops":[{"id":1623,"name":"uncut sapphire","quantity":"1","noted":false,"rarity":"0.01","rolls":1},{"id":1621,"name":"uncut emerald","quantity":"1","noted":false,"rarity":"0.00","rolls":1},{"id":1619,"name":"uncut ruby","quantity":"1","noted":false,"rarity":"0.00","rolls":1},{"id":1452,"name":"chaos talisman","quantity":"1","noted":false,"rarity":"0.00","rolls":1},{"id":1462,"name":"nature talisman","quantity":"1","noted":false,"rarity":"0.00","rolls":1},{"id":1617,"name":"uncut diamond","quantity":"1","noted":false,"rarity":"0.00","rolls":1},{"id":830,"name":"rune javelin","quantity":"5","noted":false,"rarity":"0.00","rolls":1},{"id":987,"name":"loop half of key","quantity":"1","noted":false,"rarity":"0.00","rolls":1},{"id":985,"name":"tooth half of key","quantity":"1","noted":false,"rarity":"0.00","rolls":1},{"id":1247,"name":"rune spear","quantity":"1","noted":false,"rarity":"0.00","rolls":1},{"id":2366,"name":"shield left half","quantity":"1","noted":false,"rarity":"0.00","rolls":1},{"id":1249,"name":"dragon spear","quantity":"1","noted":false,"rarity":"0.00","rolls":1},{"id":1353,"name":"steel axe","quantity":"1","noted":false,"rarity":"0.02","rolls":1},{"id":205,"name":"grimy harralander","quantity":"1-3","noted":false,"rarity":"0.07","rolls":1},{"id":207,"name":"grimy ranarr weed","quantity":"1-3","noted":false,"rarity":"0.05","rolls":1},{"id":209,"name":"grimy irit leaf","quantity":"1-3","noted":false,"rarity":"0.04","rolls":1},{"id":211,"name":"grimy avantoe","quantity":"1-3","noted":false,"rarity":"0.03","rolls":1},{"id":213,"name":"grimy kwuarm","quantity":"1-3","noted":false,"rarity":"0.02","rolls":1},{"id":215,"name":"grimy cadantine","quantity":"1-3","noted":false,"rarity":"0.02","rolls":1},{"id":2485,"name":"grimy lantadyme","quantity":"1-3","noted":false,"rarity":"0.01","rolls":1},{"id":217,"name":"grimy dwarf weed","quantity":"1-3","noted":false,"rarity":"0.01","rolls":1},{"id":5296,"name":"toadflax seed","quantity":"1","noted":false,"rarity":"0.03","rolls":1},{"id":5297,"name":"irit seed","quantity":"1","noted":false,"rarity":"0.02","rolls":1},{"id":1197,"name":"mithril kiteshield","quantity":"1","noted":false,"rarity":"0.01","rolls":1},{"id":5281,"name":"belladonna seed","quantity":"1","noted":false,"rarity":"0.02","rolls":1},{"id":5106,"name":"poison ivy seed","quantity":"1","noted":false,"rarity":"0.01","rolls":1},{"id":5298,"name":"avantoe seed","quantity":"1","noted":false,"rarity":"0.01","rolls":1},{"id":5280,"name":"cactus seed","quantity":"1","noted":false,"rarity":"0.01","rolls":1},{"id":22873,"name":"potato cactus seed","quantity":"1","noted":false,"rarity":"0.01","rolls":1},{"id":5299,"name":"kwuarm seed","quantity":"1","noted":false,"rarity":"0.01","rolls":1},{"id":5300,"name":"snapdragon seed","quantity":"1","noted":false,"rarity":"0.01","rolls":1},{"id":5301,"name":"cadantine seed","quantity":"1","noted":false,"rarity":"0.00","rolls":1},{"id":5302,"name":"lantadyme seed","quantity":"1","noted":false,"rarity":"0.00","rolls":1},{"id":22879,"name":"snape grass seed","quantity":"3","noted":false,"rarity":"0.00","rolls":1},{"id":3053,"name":"lava battlestaff","quantity":"1","noted":false,"rarity":"0.01","rolls":1},{"id":5303,"name":"dwarf weed seed","quantity":"1","noted":false,"rarity":"0.00","rolls":1},{"id":5304,"name":"torstol seed","quantity":"1","noted":false,"rarity":"0.00","rolls":1},{"id":995,"name":"coins","quantity":"460","noted":false,"rarity":"0.01","rolls":1},{"id":1073,"name":"adamant platelegs","quantity":"1","noted":false,"rarity":"0.01","rolls":1},{"id":20543,"name":"reward casket (elite)","quantity":"1","noted":false,"rarity":"1.00","rolls":1},{"id":23083,"name":"brimstone key","quantity":"1","noted":false,"rarity":"0.01","rolls":1},{"id":2722,"name":"clue scroll (hard)","quantity":"1","noted":false,"rarity":"0.01","rolls":1},{"id":1163,"name":"rune full helm","quantity":"1","noted":false,"rarity":"0.01","rolls":1},{"id":4103,"name":"mystic robe bottom (dark)","quantity":"1","noted":false,"rarity":"0.00","rolls":1},{"id":199,"name":"grimy guam leaf","quantity":"1-3","noted":false,"rarity":"0.15","rolls":1},{"id":201,"name":"grimy marrentill","quantity":"1-3","noted":false,"rarity":"0.11","rolls":1},{"id":203,"name":"grimy tarromin","quantity":"1-3","noted":false,"rarity":"0.09","rolls":1}]}