{"name":"greater demon","combat_level":92,"size":3,"hitpoints":87,"max_hit":9,"attack_type":["slash"],"attack_speed":4,"aggressive":true,"poisonous":false,"venomous":false,"immune_poison":false,"immune_venom":false,"attributes":["demon"],"category":["greater demons"],"slayer_monster":true,"slayer_level":1,"slayer_xp":"87.00","slayer_masters":["krystilia","chaeldar","konar","nieve","duradel"],"attack_level":76,"strength_level":78,"defence_level":81,"magic_level":1,"ranged_level":1,"attack_bonus":0,"strength_bonus":0,"attack_magic":0,"magic_bonus":0,"attack_ranged":0,"ranged_bonus":0,"defence_stab":0,"defence_slash":0,"defence_crush":0,"defence_magic":-10,"defence_ranged":0,"drops":[{"id":25769,"name":"vile ashes","quantity":"1","noted":false,"rarity":"1.00","rolls":1},{"id":560,"name":"death rune","quantity":"5","noted":false,"rarity":"0.02","rolls":1},{"id":554,"name":"fire rune","quantity":"37","noted":false,"rarity":"0.01","rolls":1},{"id":995,"name":"coins","quantity":"132","noted":false,"rarity":"0.31","rolls":1},{"id":995,"name":"coins","quantity":"44","noted":false,"rarity":"0.23","rolls":1},{"id":995,"name":"coins","quantity":"220","noted":false,"rarity":"0.08","rolls":1},{"id":995,"name":"coins","quantity":"11","noted":false,"rarity":"0.05","rolls":1},{"id":995,"name":"coins","quantity":"460","noted":false,"rarity":"0.01","rolls":1},{"id":361,"name":"tuna","quantity":"1","noted":false,"rarity":"0.02","rolls":1},{"id":2357,"name":"gold bar","quantity":"1","noted":false,"rarity":"0.02","rolls":1},{"id":1734,"name":"thread","quantity":"10","noted":false,"rarity":"0.01","rolls":1},{"id":1311,"name":"steel 2h sword","quantity":"1","noted":false,"rarity":"0.03","rolls":1},{"id":1353,"name":"steel axe","quantity":"1","noted":false,"rarity":"0.02","rolls":1},{"id":11941,"name":"looting bag","quantity":"1","noted":false,"rarity":"0.33","rolls":1},{"id":13501,"name":"ensouled demon head","quantity":"1","noted":false,"rarity":"0.03","rolls":1},{"id":23083,"name":"brimstone key","quantity":"1","noted":false,"rarity":"0.01","rolls":1},{"id":2722,"name":"clue scroll (hard)","quantity":"1","noted":false,"rarity":"0.01","rolls":1},{"id":19677,"name":"ancient shard","quantity":"1","noted":false,"rarity":"0.00","rolls":1},{"id":19679,"name":"dark totem base","quantity":"1","noted":false,"rarity":"0.00","rolls":1},{"id":19681,"name":"dark totem middle","quantity":"1","noted":false,"rarity":"0.00","rolls":1},{"id":19683,"name":"dark totem top","quantity":"1","noted":false,"rarity":"0.00","rolls":1},{"id":1365,"name":"steel battleaxe","quantity":"1","noted":false,"rarity":"0.02","rolls":1},{"id":23490,"name":"larran's key","quantity":"1","noted":false,"rarity":"0.01","rolls":1},{"id":21257,"name":"slayer's enchantment","quantity":"1","noted":false,"rarity":"0.00","rolls":1},{"id":1197,"name":"mithril kiteshield","quantity":"1","noted":false,"rarity":"0.01","rolls":1},{"id":1073,"name":"adamant platelegs","quantity":"1","noted":false,"rarity":"0.01","rolls":1},{"id":1163,"name":"rune full helm","quantity":"1","noted":false,"rarity":"0.01","rolls":1},{"id":554,"name":"fire rune","quantity":"75","noted":false,"rarity":"0.06","rolls":1},{"id":562,"name":"chaos rune","quantity":"15","noted":false,"rarity":"0.02","rolls":1}]}