{"name":"zulrah","combat_level":725,"size":5,"hitpoints":500,"max_hit":41,"attack_type":["melee","typeless"],"attack_speed":3,"aggressive":true,"poisonous":true,"venomous":true,"immune_poison":false,"immune_venom":false,"attributes":[],"category":["bosses"],"slayer_monster":true,"slayer_level":1,"slayer_xp":"500.00","slayer_masters":["konar","nieve","duradel"],"attack_level":1,"strength_level":1,"defence_level":300,"magic_level":300,"ranged_level":300,"attack_bonus":0,"strength_bonus":0,"attack_magic":50,"magic_bonus":20,"attack_ranged":50,"ranged_bonus":20,"defence_stab":0,"defence_slash":0,"defence_crush":0,"defence_magic":0,"defence_ranged":300,"drops":[{"id":12934,"name":"zulrah's scales","quantity":"100-299","noted":false,"rarity":"1.00","rolls":1},{"id":3204,"name":"dragon halberd","quantity":"1","noted":false,"rarity":"0.01","rolls":2},{"id":560,"name":"death rune","quantity":"300","noted":false,"rarity":"0.05","rolls":2},{"id":563,"name":"law rune","quantity":"200","noted":false,"rarity":"0.05","rolls":2},{"id":562,"name":"chaos rune","quantity":"500","noted":false,"rarity":"0.05","rolls":2},{"id":3000,"name":"snapdragon","quantity":"10","noted":true,"rarity":"0.01","rolls":2},{"id":267,"name":"dwarf weed","quantity":"30","noted":true,"rarity":"0.01","rolls":2},{"id":2998,"name":"toadflax","quantity":"25","noted":true,"rarity":"0.01","rolls":2},{"id":269,"name":"torstol","quantity":"10","noted":true,"rarity":"0.01","rolls":2},{"id":5289,"name":"palm tree seed","quantity":"1","noted":false,"rarity":"0.02","rolls":2},{"id":5288,"name":"papaya tree seed","quantity":"3","noted":false,"rarity":"0.02","rolls":2},{"id":12922,"name":"tanzanite fang","quantity":"1","noted":false,"rarity":"0.00","rolls":2},{"id":5290,"name":"calquat tree seed","quantity":"2","noted":false,"rarity":"0.02","rolls":2},{"id":5316,"name":"magic seed","quantity":"1","noted":false,"rarity":"0.02","rolls":2},{"id":5296,"name":"toadflax seed","quantity":"2","noted":false,"rarity":"0.01","rolls":2},{"id":5300,"name":"snapdragon seed","quantity":"1","noted":false,"rarity":"0.01","rolls":2},{"id":5303,"name":"dwarf weed seed","quantity":"2","noted":false,"rarity":"0.01","rolls":2},{"id":5304,"name":"torstol seed","quantity":"1","noted":false,"rarity":"0.01","rolls":2},{"id":5317,"name":"spirit seed","quantity":"1","noted":false,"rarity":"0.00","rolls":2},{"id":6289,"name":"snakeskin","quantity":"35","noted":true,"rarity":"0.04","rolls":2},{"id":451,"name":"runite ore","quantity":"2","noted":true,"rarity":"0.04","rolls":2},{"id":7936,"name":"pure essence","quantity":"1500","noted":true,"rarity":"0.04","rolls":2},{"id":12932,"name":"magic fang","quantity":"1","noted":false,"rarity":"0.00","rolls":2},{"id":1779,"name":"flax","quantity":"1000","noted":true,"rarity":"0.04","rolls":2},{"id":1515,"name":"yew logs","quantity":"35","noted":true,"rarity":"0.04","rolls":2},{"id":2361,"name":"adamantite bar","quantity":"20","noted":true,"rarity":"0.03","rolls":2},{"id":453,"name":"coal","quantity":"200","noted":true,"rarity":"0.03","rolls":2},{"id":536,"name":"dragon bones","quantity":"12","noted":true,"rarity":"0.03","rolls":2},{"id":6332,"name":"mahogany logs","quantity":"50","noted":true,"rarity":"0.03","rolls":2},{"id":12938,"name":"zul-andra teleport","quantity":"4","noted":false,"rarity":"0.06","rolls":2},{"id":391,"name":"manta ray","quantity":"35","noted":true,"rarity":"0.05","rolls":2},{"id":5952,"name":"antidote++(4)","quantity":"10","noted":true,"rarity":"0.04","rolls":2},{"id":9193,"name":"dragonstone bolt tips","quantity":"12","noted":false,"rarity":"0.03","rolls":2},{"id":12927,"name":"serpentine visage","quantity":"1","noted":false,"rarity":"0.00","rolls":2},{"id":1987,"name":"grapes","quantity":"250","noted":true,"rarity":"0.02","rolls":2},{"id":5974,"name":"coconut","quantity":"20","noted":true,"rarity":"0.02","rolls":2},{"id":1939,"name":"swamp tar","quantity":"1000","noted":false,"rarity":"0.02","rolls":2},{"id":12934,"name":"zulrah's scales","quantity":"500","noted":false,"rarity":"0.02","rolls":2},{"id":6571,"name":"uncut onyx","quantity":"1","noted":false,"rarity":"0.00","rolls":2},{"id":13200,"name":"tanzanite mutagen","quantity":"1","noted":false,"rarity":"0.00","rolls":2},{"id":13201,"name":"magma mutagen","quantity":"1","noted":false,"rarity":"0.00","rolls":2},{"id":23083,"name":"brimstone key","quantity":"1","noted":false,"rarity":"0.02","rolls":1},{"id":12073,"name":"clue scroll (elite)","quantity":"1","noted":false,"rarity":"0.01","rolls":1},{"id":12936,"name":"jar of swamp","quantity":"1","noted":false,"rarity":"0.00","rolls":1},{"id":12921,"name":"pet snakeling","quantity":"1","noted":false,"rarity":"0.00","rolls":1},{"id":1391,"name":"battlestaff","quantity":"10","noted":true,"rarity":"0.04","rolls":2},{"id":1149,"name":"dragon med helm","quantity":"1","noted":false,"rarity":"0.01","rolls":2}]}