{"name":"snakeling","combat_level":90,"size":1,"hitpoints":1,"max_hit":15,"attack_type":["stab"],"attack_speed":3,"aggressive":true,"poisonous":true,"venomous":true,"immune_poison":false,"immune_venom":false,"attributes":[],"category":[],"slayer_monster":false,"slayer_level":null,"slayer_xp":null,"slayer_masters":[],"attack_level":140,"strength_level":138,"defence_level":1,"magic_level":1,"ranged_level":1,"attack_bonus":120,"strength_bonus":0,"attack_magic":0,"magic_bonus":0,"attack_ranged":0,"ranged_bonus":0,"defence_stab":-40,"defence_slash":-40,"defence_crush":-40,"defence_magic":-40,"defence_ranged":-40,"drops":[]}