{"name":"snakeling","combat_level":90,"size":1,"hitpoints":1,"max_hit":13,"attack_type":["magic"],"attack_speed":3,"aggressive":true,"poisonous":true,"venomous":true,"immune_poison":false,"immune_venom":false,"attributes":[],"category":[],"slayer_monster":false,"slayer_level":null,"slayer_xp":null,"slayer_masters":[],"attack_level":1,"strength_level":1,"defence_level":1,"magic_level":185,"ranged_level":1,"attack_bonus":120,"strength_bonus":0,"attack_magic":80,"magic_bonus":-20,"attack_ranged":0,"ranged_bonus":0,"defence_stab":-40,"defence_slash":-40,"defence_crush":-40,"defence_magic":-40,"defence_ranged":-40,"drops":[]}