{"name":"chaos elemental","combat_level":305,"size":3,"hitpoints":250,"max_hit":28,"attack_type":["melee","crush","ranged","magic"],"attack_speed":4,"aggressive":true,"poisonous":false,"venomous":false,"immune_poison":false,"immune_venom":false,"attributes":[],"category":["bosses"],"slayer_monster":true,"slayer_level":1,"slayer_xp":"268.75","slayer_masters":["krystilia","konar","nieve","duradel"],"attack_level":270,"strength_level":270,"defence_level":270,"magic_level":270,"ranged_level":270,"attack_bonus":0,"strength_bonus":0,"attack_magic":0,"magic_bonus":0,"attack_ranged":0,"ranged_bonus":0,"defence_stab":70,"defence_slash":70,"defence_crush":70,"defence_magic":70,"defence_ranged":70,"drops":[{"id":2297,"name":"anchovy pizza","quantity":"3","noted":false,"rarity":"0.10","rolls":1},{"id":361,"name":"tuna","quantity":"5","noted":false,"rarity":"0.10","rolls":1},{"id":11920,"name":"dragon pickaxe","quantity":"1","noted":false,"rarity":"0.00","rolls":1},{"id":1215,"name":"dragon dagger","quantity":"1","noted":false,"rarity":"0.09","rolls":1},{"id":7158,"name":"dragon 2h sword","quantity":"1","noted":false,"rarity":"0.01","rolls":1},{"id":556,"name":"air rune","quantity":"500","noted":false,"rarity":"0.08","rolls":1},{"id":565,"name":"blood rune","quantity":"75","noted":false,"rarity":"0.08","rolls":1},{"id":562,"name":"chaos rune","quantity":"250","noted":false,"rarity":"0.08","rolls":1},{"id":560,"name":"death rune","quantity":"125","noted":false,"rarity":"0.08","rolls":1},{"id":809,"name":"mithril dart","quantity":"300","noted":false,"rarity":"0.08","rolls":1},{"id":892,"name":"rune arrow","quantity":"150","noted":false,"rarity":"0.08","rolls":1},{"id":534,"name":"babydragon bones","quantity":"2","noted":false,"rarity":"0.10","rolls":1},{"id":199,"name":"grimy guam leaf","quantity":"1-4","noted":false,"rarity":"0.01","rolls":1},{"id":201,"name":"grimy marrentill","quantity":"1-4","noted":false,"rarity":"0.01","rolls":1},{"id":203,"name":"grimy tarromin","quantity":"1-4","noted":false,"rarity":"0.00","rolls":1},{"id":205,"name":"grimy harralander","quantity":"1-4","noted":false,"rarity":"0.00","rolls":1},{"id":207,"name":"grimy ranarr weed","quantity":"1-4","noted":false,"rarity":"0.00","rolls":1},{"id":209,"name":"grimy irit leaf","quantity":"1-4","noted":false,"rarity":"0.00","rolls":1},{"id":211,"name":"grimy avantoe","quantity":"1-4","noted":false,"rarity":"0.00","rolls":1},{"id":213,"name":"grimy kwuarm","quantity":"1-4","noted":false,"rarity":"0.00","rolls":1},{"id":215,"name":"grimy cadantine","quantity":"1-4","noted":false,"rarity":"0.00","rolls":1},{"id":2485,"name":"grimy lantadyme","quantity":"1-4","noted":false,"rarity":"0.00","rolls":1},{"id":530,"name":"bat bones","quantity":"5","noted":false,"rarity":"0.10","rolls":1},{"id":217,"name":"grimy dwarf weed","quantity":"1-4","noted":false,"rarity":"0.00","rolls":1},{"id":464,"name":"strange fruit","quantity":"10","noted":true,"rarity":"0.10","rolls":1},{"id":5952,"name":"antidote++(4)","quantity":"1","noted":false,"rarity":"0.08","rolls":1},{"id":5940,"name":"weapon poison(++)","quantity":"1","noted":false,"rarity":"0.08","rolls":1},{"id":995,"name":"coins","quantity":"7500","noted":false,"rarity":"0.06","rolls":1},{"id":532,"name":"big bones","quantity":"3","noted":false,"rarity":"0.10","rolls":1},{"id":526,"name":"bones","quantity":"4","noted":false,"rarity":"0.10","rolls":1},{"id":536,"name":"dragon bones","quantity":"1","noted":false,"rarity":"0.10","rolls":1},{"id":11941,"name":"looting bag","quantity":"1","noted":false,"rarity":"0.33","rolls":1},{"id":23083,"name":"brimstone key","quantity":"1","noted":false,"rarity":"0.02","rolls":1},{"id":12073,"name":"clue scroll (elite)","quantity":"1","noted":false,"rarity":"0.01","rolls":1},{"id":11995,"name":"pet chaos elemental","quantity":"1","noted":false,"rarity":"0.00","rolls":1},{"id":23490,"name":"larran's key","quantity":"1","noted":false,"rarity":"0.02","rolls":1},{"id":21257,"name":"slayer's enchantment","quantity":"1","noted":false,"rarity":"0.03","rolls":1},{"id":2436,"name":"super attack(4)","quantity":"1","noted":false,"rarity":"0.10","rolls":1},{"id":2442,"name":"super defence(4)","quantity":"1","noted":false,"rarity":"0.10","rolls":1},{"id":2440,"name":"super strength(4)","quantity":"1","noted":false,"rarity":"0.10","rolls":1}]}