{"name":"dark wizard","combat_level":23,"size":1,"hitpoints":25,"max_hit":6,"attack_type":["magic"],"attack_speed":4,"aggressive":true,"poisonous":false,"venomous":false,"immune_poison":false,"immune_venom":false,"attributes":[],"category":[],"slayer_monster":false,"slayer_level":null,"slayer_xp":null,"slayer_masters":[],"attack_level":20,"strength_level":10,"defence_level":20,"magic_level":25,"ranged_level":1,"attack_bonus":0,"strength_bonus":0,"attack_magic":0,"magic_bonus":0,"attack_ranged":0,"ranged_bonus":0,"defence_stab":0,"defence_slash":0,"defence_crush":0,"defence_magic":5,"defence_ranged":0,"drops":[{"id":526,"name":"bones","quantity":"1","noted":false,"rarity":"1.00","rolls":1},{"id":1379,"name":"staff","quantity":"1","noted":false,"rarity":"0.03","rolls":1},{"id":1017,"name":"wizard hat","quantity":"1","noted":false,"rarity":"0.05","rolls":1},{"id":581,"name":"black robe","quantity":"1","noted":false,"rarity":"0.02","rolls":1},{"id":557,"name":"earth rune","quantity":"36","noted":false,"rarity":"0.03","rolls":1},{"id":556,"name":"air rune","quantity":"10","noted":false,"rarity":"0.02","rolls":1},{"id":555,"name":"water rune","quantity":"10","noted":false,"rarity":"0.02","rolls":1},{"id":557,"name":"earth rune","quantity":"10","noted":false,"rarity":"0.02","rolls":1},{"id":554,"name":"fire rune","quantity":"10","noted":false,"rarity":"0.02","rolls":1},{"id":556,"name":"air rune","quantity":"18","noted":false,"rarity":"0.02","rolls":1},{"id":555,"name":"water rune","quantity":"18","noted":false,"rarity":"0.02","rolls":1},{"id":557,"name":"earth rune","quantity":"18","noted":false,"rarity":"0.02","rolls":1},{"id":554,"name":"fire rune","quantity":"18","noted":false,"rarity":"0.02","rolls":1},{"id":561,"name":"nature rune","quantity":"4","noted":false,"rarity":"0.05","rolls":1},{"id":562,"name":"chaos rune","quantity":"4","noted":false,"rarity":"0.05","rolls":1},{"id":558,"name":"mind rune","quantity":"10","noted":false,"rarity":"0.02","rolls":1},{"id":559,"name":"body rune","quantity":"10","noted":false,"rarity":"0.02","rolls":1},{"id":558,"name":"mind rune","quantity":"18","noted":false,"rarity":"0.02","rolls":1},{"id":559,"name":"body rune","quantity":"18","noted":false,"rarity":"0.02","rolls":1},{"id":565,"name":"blood rune","quantity":"2","noted":false,"rarity":"0.02","rolls":1},{"id":564,"name":"cosmic rune","quantity":"2","noted":false,"rarity":"0.01","rolls":1},{"id":563,"name":"law rune","quantity":"3","noted":false,"rarity":"0.01","rolls":1},{"id":995,"name":"coins","quantity":"1","noted":false,"rarity":"0.13","rolls":1},{"id":995,"name":"coins","quantity":"2","noted":false,"rarity":"0.13","rolls":1},{"id":995,"name":"coins","quantity":"4","noted":false,"rarity":"0.07","rolls":1},{"id":995,"name":"coins","quantity":"29","noted":false,"rarity":"0.02","rolls":1},{"id":995,"name":"coins","quantity":"30","noted":false,"rarity":"0.01","rolls":1},{"id":1444,"name":"water talisman","quantity":"1","noted":false,"rarity":"0.02","rolls":1},{"id":1442,"name":"fire talisman","quantity":"1","noted":false,"rarity":"0.02","rolls":1},{"id":11941,"name":"looting bag","quantity":"1","noted":false,"rarity":"0.14","rolls":1},{"id":23182,"name":"clue scroll (beginner)","quantity":"1","noted":false,"rarity":"0.03","rolls":1}]}