{"name":"terrorbird","combat_level":28,"size":2,"hitpoints":34,"max_hit":3,"attack_type":["stab"],"attack_speed":4,"aggressive":false,"poisonous":false,"venomous":false,"immune_poison":false,"immune_venom":false,"attributes":[],"category":["birds"],"slayer_monster":true,"slayer_level":1,"slayer_xp":"34.00","slayer_masters":["turael","spria"],"attack_level":23,"strength_level":23,"defence_level":19,"magic_level":1,"ranged_level":1,"attack_bonus":0,"strength_bonus":0,"attack_magic":0,"magic_bonus":0,"attack_ranged":0,"ranged_bonus":0,"defence_stab":0,"defence_slash":0,"defence_crush":0,"defence_magic":0,"defence_ranged":0,"drops":[{"id":526,"name":"bones","quantity":"1","noted":false,"rarity":"1.00","rolls":1},{"id":7878,"name":"terrorbird wing","quantity":"1","noted":false,"rarity":"0.25","rolls":1}]}