{"name":"mounted terrorbird gnome","combat_level":31,"size":2,"hitpoints":36,"max_hit":3,"attack_type":["stab"],"attack_speed":4,"aggressive":false,"poisonous":false,"venomous":false,"immune_poison":false,"immune_venom":false,"attributes":[],"category":["birds"],"slayer_monster":true,"slayer_level":1,"slayer_xp":"36.00","slayer_masters":["turael","spria"],"attack_level":25,"strength_level":25,"defence_level":25,"magic_level":1,"ranged_level":1,"attack_bonus":0,"strength_bonus":0,"attack_magic":0,"magic_bonus":0,"attack_ranged":0,"ranged_bonus":0,"defence_stab":16,"defence_slash":16,"defence_crush":18,"defence_magic":15,"defence_ranged":10,"drops":[{"id":526,"name":"bones","quantity":"1","noted":false,"rarity":"1.00","rolls":1}]}