{"name":"fire giant","combat_level":86,"size":2,"hitpoints":111,"max_hit":11,"attack_type":["slash"],"attack_speed":5,"aggressive":true,"poisonous":false,"venomous":false,"immune_poison":false,"immune_venom":false,"attributes":["fiery"],"category":["fire giants"],"slayer_monster":true,"slayer_level":1,"slayer_xp":"111.00","slayer_masters":["krystilia","vannaka","chaeldar","konar","nieve","duradel"],"attack_level":65,"strength_level":65,"defence_level":65,"magic_level":1,"ranged_level":1,"attack_bonus":29,"strength_bonus":31,"attack_magic":0,"magic_bonus":0,"attack_ranged":0,"ranged_bonus":0,"defence_stab":0,"defence_slash":3,"defence_crush":2,"defence_magic":0,"defence_ranged":0,"drops":[{"id":532,"name":"big bones","quantity":"1","noted":false,"rarity":"1.00","rolls":1},{"id":554,"name":"fire rune","quantity":"37","noted":false,"rarity":"0.01","rolls":1},{"id":563,"name":"law rune","quantity":"2","noted":false,"rarity":"0.01","rolls":1},{"id":199,"name":"grimy guam leaf","quantity":"1","noted":false,"rarity":"0.04","rolls":1},{"id":201,"name":"grimy marrentill","quantity":"1","noted":false,"rarity":"0.03","rolls":1},{"id":203,"name":"grimy tarromin","quantity":"1","noted":false,"rarity":"0.02","rolls":1},{"id":205,"name":"grimy harralander","quantity":"1","noted":false,"rarity":"0.02","rolls":1},{"id":207,"name":"grimy ranarr weed","quantity":"1","noted":false,"rarity":"0.01","rolls":1},{"id":209,"name":"grimy irit leaf","quantity":"1","noted":false,"rarity":"0.01","rolls":1},{"id":211,"name":"grimy avantoe","quantity":"1","noted":false,"rarity":"0.01","rolls":1},{"id":213,"name":"grimy kwuarm","quantity":"1","noted":false,"rarity":"0.01","rolls":1},{"id":1353,"name":"steel axe","quantity":"1","noted":false,"rarity":"0.02","rolls":1},{"id":215,"name":"grimy cadantine","quantity":"1","noted":false,"rarity":"0.00","rolls":1},{"id":2485,"name":"grimy lantadyme","quantity":"1","noted":false,"rarity":"0.00","rolls":1},{"id":217,"name":"grimy dwarf weed","quantity":"1","noted":false,"rarity":"0.00","rolls":1},{"id":995,"name":"coins","quantity":"60","noted":false,"rarity":"0.31","rolls":1},{"id":995,"name":"coins","quantity":"15","noted":false,"rarity":"0.05","rolls":1},{"id":995,"name":"coins","quantity":"25","noted":false,"rarity":"0.05","rolls":1},{"id":995,"name":"coins","quantity":"300","noted":false,"rarity":"0.02","rolls":1},{"id":995,"name":"coins","quantity":"50","noted":false,"rarity":"0.01","rolls":1},{"id":379,"name":"lobster","quantity":"1","noted":false,"rarity":"0.02","rolls":1},{"id":2353,"name":"steel bar","quantity":"1","noted":false,"rarity":"0.02","rolls":1},{"id":1181,"name":"mithril sq shield","quantity":"1","noted":false,"rarity":"0.02","rolls":1},{"id":117,"name":"strength potion(2)","quantity":"1","noted":false,"rarity":"0.01","rolls":1},{"id":1393,"name":"fire battlestaff","quantity":"1","noted":false,"rarity":"0.01","rolls":1},{"id":1333,"name":"rune scimitar","quantity":"1","noted":false,"rarity":"0.01","rolls":1},{"id":11941,"name":"looting bag","quantity":"1","noted":false,"rarity":"0.33","rolls":1},{"id":7872,"name":"fire giant bone","quantity":"1","noted":false,"rarity":"0.25","rolls":1},{"id":554,"name":"fire rune","quantity":"150","noted":false,"rarity":"0.08","rolls":1},{"id":13474,"name":"ensouled giant head","quantity":"1","noted":false,"rarity":"0.05","rolls":1},{"id":23083,"name":"brimstone key","quantity":"1","noted":false,"rarity":"0.01","rolls":1},{"id":10976,"name":"long bone","quantity":"1","noted":false,"rarity":"0.00","rolls":1},{"id":6800,"name":"giant champion scroll","quantity":"1","noted":false,"rarity":"0.00","rolls":1},{"id":10977,"name":"curved bone","quantity":"1","noted":false,"rarity":"0.00","rolls":1},{"id":23490,"name":"larran's key","quantity":"1","noted":false,"rarity":"0.01","rolls":1},{"id":562,"name":"chaos rune","quantity":"5","noted":false,"rarity":"0.05","rolls":1},{"id":21257,"name":"slayer's enchantment","quantity":"1","noted":false,"rarity":"0.00","rolls":1},{"id":892,"name":"rune arrow","quantity":"12","noted":false,"rarity":"0.04","rolls":1},{"id":565,"name":"blood rune","quantity":"5","noted":false,"rarity":"0.03","rolls":1}]}