{"name":"ice giant","combat_level":53,"size":2,"hitpoints":70,"max_hit":7,"attack_type":["slash"],"attack_speed":5,"aggressive":true,"poisonous":false,"venomous":false,"immune_poison":false,"immune_venom":false,"attributes":[],"category":["ice giants"],"slayer_monster":true,"slayer_level":1,"slayer_xp":"70.00","slayer_masters":["krystilia","vannaka"],"attack_level":40,"strength_level":40,"defence_level":40,"magic_level":1,"ranged_level":1,"attack_bonus":29,"strength_bonus":31,"attack_magic":0,"magic_bonus":0,"attack_ranged":0,"ranged_bonus":0,"defence_stab":0,"defence_slash":3,"defence_crush":2,"defence_magic":0,"defence_ranged":0,"drops":[{"id":1623,"name":"uncut sapphire","quantity":"1","noted":false,"rarity":"0.01","rolls":1},{"id":1621,"name":"uncut emerald","quantity":"1","noted":false,"rarity":"0.00","rolls":1},{"id":1619,"name":"uncut ruby","quantity":"1","noted":false,"rarity":"0.00","rolls":1},{"id":1452,"name":"chaos talisman","quantity":"1","noted":false,"rarity":"0.00","rolls":1},{"id":1462,"name":"nature talisman","quantity":"1","noted":false,"rarity":"0.00","rolls":1},{"id":1617,"name":"uncut diamond","quantity":"1","noted":false,"rarity":"0.00","rolls":1},{"id":830,"name":"rune javelin","quantity":"5","noted":false,"rarity":"0.00","rolls":1},{"id":987,"name":"loop half of key","quantity":"1","noted":false,"rarity":"0.00","rolls":1},{"id":985,"name":"tooth half of key","quantity":"1","noted":false,"rarity":"0.00","rolls":1},{"id":1247,"name":"rune spear","quantity":"1","noted":false,"rarity":"0.00","rolls":1},{"id":2366,"name":"shield left half","quantity":"1","noted":false,"rarity":"0.00","rolls":1},{"id":1249,"name":"dragon spear","quantity":"1","noted":false,"rarity":"0.00","rolls":1},{"id":5295,"name":"ranarr seed","quantity":"1","noted":false,"rarity":"0.00","rolls":1},{"id":5105,"name":"whiteberry seed","quantity":"1","noted":false,"rarity":"0.00","rolls":1},{"id":5282,"name":"mushroom spore","quantity":"1","noted":false,"rarity":"0.00","rolls":1},{"id":5296,"name":"toadflax seed","quantity":"1","noted":false,"rarity":"0.00","rolls":1},{"id":5281,"name":"belladonna seed","quantity":"1","noted":false,"rarity":"0.00","rolls":1},{"id":5297,"name":"irit seed","quantity":"1","noted":false,"rarity":"0.00","rolls":1},{"id":5106,"name":"poison ivy seed","quantity":"1","noted":false,"rarity":"0.00","rolls":1},{"id":5298,"name":"avantoe seed","quantity":"1","noted":false,"rarity":"0.00","rolls":1},{"id":5280,"name":"cactus seed","quantity":"1","noted":false,"rarity":"0.00","rolls":1},{"id":5299,"name":"kwuarm seed","quantity":"1","noted":false,"rarity":"0.00","rolls":1},{"id":22873,"name":"potato cactus seed","quantity":"1","noted":false,"rarity":"0.00","rolls":1},{"id":5300,"name":"snapdragon seed","quantity":"1","noted":false,"rarity":"0.00","rolls":1},{"id":5301,"name":"cadantine seed","quantity":"1","noted":false,"rarity":"0.00","rolls":1},{"id":5302,"name":"lantadyme seed","quantity":"1","noted":false,"rarity":"0.00","rolls":1},{"id":5303,"name":"dwarf weed seed","quantity":"1","noted":false,"rarity":"0.00","rolls":1},{"id":5304,"name":"torstol seed","quantity":"1","noted":false,"rarity":"0.00","rolls":1},{"id":995,"name":"coins","quantity":"150-299","noted":false,"rarity":"0.34","rolls":1},{"id":995,"name":"coins","quantity":"200-399","noted":false,"rarity":"0.08","rolls":1},{"id":995,"name":"coins","quantity":"250","noted":false,"rarity":"0.07","rolls":1},{"id":995,"name":"coins","quantity":"100","noted":false,"rarity":"0.05","rolls":1},{"id":995,"name":"coins","quantity":"400-799","noted":false,"rarity":"0.02","rolls":1},{"id":1993,"name":"jug of wine","quantity":"1","noted":false,"rarity":"0.02","rolls":1},{"id":447,"name":"mithril ore","quantity":"3","noted":true,"rarity":"0.01","rolls":1},{"id":7946,"name":"monkfish","quantity":"1","noted":false,"rarity":"0.01","rolls":1},{"id":11941,"name":"looting bag","quantity":"1","noted":false,"rarity":"0.33","rolls":1},{"id":7875,"name":"ice giant ribs","quantity":"1","noted":false,"rarity":"0.25","rolls":1},{"id":13474,"name":"ensouled giant head","quantity":"1","noted":false,"rarity":"0.05","rolls":1},{"id":10976,"name":"long bone","quantity":"1","noted":false,"rarity":"0.00","rolls":1},{"id":6800,"name":"giant champion scroll","quantity":"1","noted":false,"rarity":"0.00","rolls":1},{"id":10977,"name":"curved bone","quantity":"1","noted":false,"rarity":"0.00","rolls":1},{"id":23490,"name":"larran's key","quantity":"1","noted":false,"rarity":"0.01","rolls":1},{"id":21257,"name":"slayer's enchantment","quantity":"1","noted":false,"rarity":"0.00","rolls":1},{"id":532,"name":"big bones","quantity":"1","noted":false,"rarity":"1.00","rolls":1},{"id":1355,"name":"mithril axe","quantity":"1","noted":false,"rarity":"0.03","rolls":1},{"id":1287,"name":"adamant sword","quantity":"1","noted":false,"rarity":"0.03","rolls":1},{"id":1071,"name":"mithril platelegs","quantity":"1","noted":false,"rarity":"0.01","rolls":1},{"id":1211,"name":"adamant dagger","quantity":"1","noted":false,"rarity":"0.01","rolls":1},{"id":1430,"name":"adamant mace","quantity":"1","noted":false,"rarity":"0.01","rolls":1},{"id":1183,"name":"adamant sq shield","quantity":"1","noted":false,"rarity":"0.01","rolls":1},{"id":1199,"name":"adamant kiteshield","quantity":"1","noted":false,"rarity":"0.01","rolls":1},{"id":1213,"name":"rune dagger","quantity":"1","noted":false,"rarity":"0.01","rolls":1},{"id":890,"name":"adamant arrow","quantity":"5-14","noted":false,"rarity":"0.05","rolls":1},{"id":561,"name":"nature rune","quantity":"6","noted":false,"rarity":"0.03","rolls":1},{"id":560,"name":"death rune","quantity":"5","noted":false,"rarity":"0.02","rolls":1},{"id":563,"name":"law rune","quantity":"3","noted":false,"rarity":"0.02","rolls":1},{"id":565,"name":"blood rune","quantity":"5","noted":false,"rarity":"0.02","rolls":1},{"id":564,"name":"cosmic rune","quantity":"4","noted":false,"rarity":"0.01","rolls":1},{"id":562,"name":"chaos rune","quantity":"15","noted":false,"rarity":"0.01","rolls":1},{"id":560,"name":"death rune","quantity":"3","noted":false,"rarity":"0.01","rolls":1},{"id":5100,"name":"limpwurt seed","quantity":"1","noted":false,"rarity":"0.01","rolls":1},{"id":5323,"name":"strawberry seed","quantity":"1","noted":false,"rarity":"0.01","rolls":1},{"id":5292,"name":"marrentill seed","quantity":"1","noted":false,"rarity":"0.01","rolls":1},{"id":5104,"name":"jangerberry seed","quantity":"1","noted":false,"rarity":"0.01","rolls":1},{"id":5293,"name":"tarromin seed","quantity":"1","noted":false,"rarity":"0.01","rolls":1},{"id":5311,"name":"wildblood seed","quantity":"1","noted":false,"rarity":"0.01","rolls":1},{"id":5321,"name":"watermelon seed","quantity":"1","noted":false,"rarity":"0.01","rolls":1},{"id":5294,"name":"harralander seed","quantity":"1","noted":false,"rarity":"0.01","rolls":1},{"id":22879,"name":"snape grass seed","quantity":"1","noted":false,"rarity":"0.00","rolls":1}]}