{"name":"moss giant","combat_level":42,"size":2,"hitpoints":60,"max_hit":6,"attack_type":["crush"],"attack_speed":6,"aggressive":true,"poisonous":false,"venomous":false,"immune_poison":false,"immune_venom":false,"attributes":[],"category":["moss giants"],"slayer_monster":true,"slayer_level":1,"slayer_xp":"60.00","slayer_masters":["krystilia","vannaka"],"attack_level":30,"strength_level":30,"defence_level":30,"magic_level":1,"ranged_level":1,"attack_bonus":33,"strength_bonus":31,"attack_magic":0,"magic_bonus":0,"attack_ranged":0,"ranged_bonus":0,"defence_stab":0,"defence_slash":0,"defence_crush":0,"defence_magic":0,"defence_ranged":0,"drops":[{"id":1623,"name":"uncut sapphire","quantity":"1","noted":false,"rarity":"0.01","rolls":1},{"id":1621,"name":"uncut emerald","quantity":"1","noted":false,"rarity":"0.00","rolls":1},{"id":1619,"name":"uncut ruby","quantity":"1","noted":false,"rarity":"0.00","rolls":1},{"id":1452,"name":"chaos talisman","quantity":"1","noted":false,"rarity":"0.00","rolls":1},{"id":1462,"name":"nature talisman","quantity":"1","noted":false,"rarity":"0.00","rolls":1},{"id":1617,"name":"uncut diamond","quantity":"1","noted":false,"rarity":"0.00","rolls":1},{"id":830,"name":"rune javelin","quantity":"5","noted":false,"rarity":"0.00","rolls":1},{"id":987,"name":"loop half of key","quantity":"1","noted":false,"rarity":"0.00","rolls":1},{"id":985,"name":"tooth half of key","quantity":"1","noted":false,"rarity":"0.00","rolls":1},{"id":1247,"name":"rune spear","quantity":"1","noted":false,"rarity":"0.00","rolls":1},{"id":2366,"name":"shield left half","quantity":"1","noted":false,"rarity":"0.00","rolls":1},{"id":1249,"name":"dragon spear","quantity":"1","noted":false,"rarity":"0.00","rolls":1},{"id":532,"name":"big bones","quantity":"1","noted":false,"rarity":"1.00","rolls":1},{"id":557,"name":"earth rune","quantity":"27","noted":false,"rarity":"0.02","rolls":1},{"id":562,"name":"chaos rune","quantity":"7","noted":false,"rarity":"0.02","rolls":1},{"id":561,"name":"nature rune","quantity":"6","noted":false,"rarity":"0.02","rolls":1},{"id":564,"name":"cosmic rune","quantity":"3","noted":false,"rarity":"0.02","rolls":1},{"id":884,"name":"iron arrow","quantity":"15","noted":false,"rarity":"0.02","rolls":1},{"id":886,"name":"steel arrow","quantity":"30","noted":false,"rarity":"0.01","rolls":1},{"id":560,"name":"death rune","quantity":"3","noted":false,"rarity":"0.01","rolls":1},{"id":565,"name":"blood rune","quantity":"1","noted":false,"rarity":"0.01","rolls":1},{"id":199,"name":"grimy guam leaf","quantity":"1","noted":false,"rarity":"0.01","rolls":1},{"id":201,"name":"grimy marrentill","quantity":"1","noted":false,"rarity":"0.01","rolls":1},{"id":1179,"name":"black sq shield","quantity":"1","noted":false,"rarity":"0.04","rolls":1},{"id":203,"name":"grimy tarromin","quantity":"1","noted":false,"rarity":"0.01","rolls":1},{"id":205,"name":"grimy harralander","quantity":"1","noted":false,"rarity":"0.00","rolls":1},{"id":207,"name":"grimy ranarr weed","quantity":"1","noted":false,"rarity":"0.00","rolls":1},{"id":209,"name":"grimy irit leaf","quantity":"1","noted":false,"rarity":"0.00","rolls":1},{"id":211,"name":"grimy avantoe","quantity":"1","noted":false,"rarity":"0.00","rolls":1},{"id":213,"name":"grimy kwuarm","quantity":"1","noted":false,"rarity":"0.00","rolls":1},{"id":215,"name":"grimy cadantine","quantity":"1","noted":false,"rarity":"0.00","rolls":1},{"id":2485,"name":"grimy lantadyme","quantity":"1","noted":false,"rarity":"0.00","rolls":1},{"id":217,"name":"grimy dwarf weed","quantity":"1","noted":false,"rarity":"0.00","rolls":1},{"id":5100,"name":"limpwurt seed","quantity":"1","noted":false,"rarity":"0.04","rolls":1},{"id":1389,"name":"magic staff","quantity":"1","noted":false,"rarity":"0.02","rolls":1},{"id":5323,"name":"strawberry seed","quantity":"1","noted":false,"rarity":"0.03","rolls":1},{"id":5292,"name":"marrentill seed","quantity":"1","noted":false,"rarity":"0.03","rolls":1},{"id":5104,"name":"jangerberry seed","quantity":"1","noted":false,"rarity":"0.02","rolls":1},{"id":5293,"name":"tarromin seed","quantity":"1","noted":false,"rarity":"0.02","rolls":1},{"id":5311,"name":"wildblood seed","quantity":"1","noted":false,"rarity":"0.02","rolls":1},{"id":5321,"name":"watermelon seed","quantity":"1","noted":false,"rarity":"0.02","rolls":1},{"id":5294,"name":"harralander seed","quantity":"1","noted":false,"rarity":"0.01","rolls":1},{"id":22879,"name":"snape grass seed","quantity":"1","noted":false,"rarity":"0.01","rolls":1},{"id":5295,"name":"ranarr seed","quantity":"1","noted":false,"rarity":"0.01","rolls":1},{"id":5105,"name":"whiteberry seed","quantity":"1","noted":false,"rarity":"0.01","rolls":1},{"id":1141,"name":"steel med helm","quantity":"1","noted":false,"rarity":"0.02","rolls":1},{"id":5282,"name":"mushroom spore","quantity":"1","noted":false,"rarity":"0.01","rolls":1},{"id":5296,"name":"toadflax seed","quantity":"1","noted":false,"rarity":"0.01","rolls":1},{"id":5281,"name":"belladonna seed","quantity":"1","noted":false,"rarity":"0.00","rolls":1},{"id":5297,"name":"irit seed","quantity":"1","noted":false,"rarity":"0.00","rolls":1},{"id":5106,"name":"poison ivy seed","quantity":"1","noted":false,"rarity":"0.00","rolls":1},{"id":5298,"name":"avantoe seed","quantity":"1","noted":false,"rarity":"0.00","rolls":1},{"id":5280,"name":"cactus seed","quantity":"1","noted":false,"rarity":"0.00","rolls":1},{"id":5299,"name":"kwuarm seed","quantity":"1","noted":false,"rarity":"0.00","rolls":1},{"id":22873,"name":"potato cactus seed","quantity":"1","noted":false,"rarity":"0.00","rolls":1},{"id":5300,"name":"snapdragon seed","quantity":"1","noted":false,"rarity":"0.00","rolls":1},{"id":1285,"name":"mithril sword","quantity":"1","noted":false,"rarity":"0.02","rolls":1},{"id":5301,"name":"cadantine seed","quantity":"1","noted":false,"rarity":"0.00","rolls":1},{"id":5302,"name":"lantadyme seed","quantity":"1","noted":false,"rarity":"0.00","rolls":1},{"id":5303,"name":"dwarf weed seed","quantity":"1","noted":false,"rarity":"0.00","rolls":1},{"id":5304,"name":"torstol seed","quantity":"1","noted":false,"rarity":"0.00","rolls":1},{"id":995,"name":"coins","quantity":"5","noted":false,"rarity":"0.27","rolls":1},{"id":995,"name":"coins","quantity":"37","noted":false,"rarity":"0.15","rolls":1},{"id":995,"name":"coins","quantity":"2","noted":false,"rarity":"0.09","rolls":1},{"id":995,"name":"coins","quantity":"119","noted":false,"rarity":"0.08","rolls":1},{"id":995,"name":"coins","quantity":"10","noted":false,"rarity":"0.04","rolls":1},{"id":995,"name":"coins","quantity":"300","noted":false,"rarity":"0.02","rolls":1},{"id":1243,"name":"mithril spear","quantity":"1","noted":false,"rarity":"0.02","rolls":1},{"id":2353,"name":"steel bar","quantity":"1","noted":false,"rarity":"0.05","rolls":1},{"id":453,"name":"coal","quantity":"1","noted":false,"rarity":"0.01","rolls":1},{"id":1969,"name":"spinach roll","quantity":"1","noted":false,"rarity":"0.01","rolls":1},{"id":1193,"name":"steel kiteshield","quantity":"1","noted":false,"rarity":"0.01","rolls":1},{"id":11941,"name":"looting bag","quantity":"1","noted":false,"rarity":"0.33","rolls":1},{"id":7869,"name":"moss giant bone","quantity":"1","noted":false,"rarity":"0.25","rolls":1},{"id":13474,"name":"ensouled giant head","quantity":"1","noted":false,"rarity":"0.04","rolls":1},{"id":23182,"name":"clue scroll (beginner)","quantity":"1","noted":false,"rarity":"0.02","rolls":1},{"id":22374,"name":"mossy key","quantity":"1","noted":false,"rarity":"0.01","rolls":1},{"id":563,"name":"law rune","quantity":"3","noted":false,"rarity":"0.03","rolls":1},{"id":10976,"name":"long bone","quantity":"1","noted":false,"rarity":"0.00","rolls":1},{"id":6800,"name":"giant champion scroll","quantity":"1","noted":false,"rarity":"0.00","rolls":1},{"id":10977,"name":"curved bone","quantity":"1","noted":false,"rarity":"0.00","rolls":1},{"id":19677,"name":"ancient shard","quantity":"1","noted":false,"rarity":"0.00","rolls":1},{"id":19679,"name":"dark totem base","quantity":"1","noted":false,"rarity":"0.00","rolls":1},{"id":19681,"name":"dark totem middle","quantity":"1","noted":false,"rarity":"0.00","rolls":1},{"id":19683,"name":"dark totem top","quantity":"1","noted":false,"rarity":"0.00","rolls":1},{"id":23490,"name":"larran's key","quantity":"1","noted":false,"rarity":"0.00","rolls":1},{"id":21257,"name":"slayer's enchantment","quantity":"1","noted":false,"rarity":"0.00","rolls":1},{"id":556,"name":"air rune","quantity":"18","noted":false,"rarity":"0.02","rolls":1}]}