{"name":"hill giant","combat_level":28,"size":2,"hitpoints":35,"max_hit":4,"attack_type":["crush"],"attack_speed":6,"aggressive":true,"poisonous":false,"venomous":false,"immune_poison":false,"immune_venom":false,"attributes":[],"category":["hill giants"],"slayer_monster":true,"slayer_level":1,"slayer_xp":"35.00","slayer_masters":["krystilia","mazchna","vannaka"],"attack_level":18,"strength_level":22,"defence_level":26,"magic_level":1,"ranged_level":1,"attack_bonus":18,"strength_bonus":16,"attack_magic":0,"magic_bonus":0,"attack_ranged":0,"ranged_bonus":0,"defence_stab":0,"defence_slash":0,"defence_crush":0,"defence_magic":0,"defence_ranged":0,"drops":[{"id":1623,"name":"uncut sapphire","quantity":"1","noted":false,"rarity":"0.01","rolls":1},{"id":1621,"name":"uncut emerald","quantity":"1","noted":false,"rarity":"0.00","rolls":1},{"id":1619,"name":"uncut ruby","quantity":"1","noted":false,"rarity":"0.00","rolls":1},{"id":1452,"name":"chaos talisman","quantity":"1","noted":false,"rarity":"0.00","rolls":1},{"id":1462,"name":"nature talisman","quantity":"1","noted":false,"rarity":"0.00","rolls":1},{"id":1617,"name":"uncut diamond","quantity":"1","noted":false,"rarity":"0.00","rolls":1},{"id":830,"name":"rune javelin","quantity":"5","noted":false,"rarity":"0.00","rolls":1},{"id":987,"name":"loop half of key","quantity":"1","noted":false,"rarity":"0.00","rolls":1},{"id":985,"name":"tooth half of key","quantity":"1","noted":false,"rarity":"0.00","rolls":1},{"id":1247,"name":"rune spear","quantity":"1","noted":false,"rarity":"0.00","rolls":1},{"id":2366,"name":"shield left half","quantity":"1","noted":false,"rarity":"0.00","rolls":1},{"id":1249,"name":"dragon spear","quantity":"1","noted":false,"rarity":"0.00","rolls":1},{"id":532,"name":"big bones","quantity":"1","noted":false,"rarity":"1.00","rolls":1},{"id":886,"name":"steel arrow","quantity":"10","noted":false,"rarity":"0.02","rolls":1},{"id":558,"name":"mind rune","quantity":"3","noted":false,"rarity":"0.02","rolls":1},{"id":564,"name":"cosmic rune","quantity":"2","noted":false,"rarity":"0.02","rolls":1},{"id":561,"name":"nature rune","quantity":"6","noted":false,"rarity":"0.02","rolls":1},{"id":562,"name":"chaos rune","quantity":"2","noted":false,"rarity":"0.01","rolls":1},{"id":560,"name":"death rune","quantity":"2","noted":false,"rarity":"0.01","rolls":1},{"id":199,"name":"grimy guam leaf","quantity":"1","noted":false,"rarity":"0.01","rolls":1},{"id":201,"name":"grimy marrentill","quantity":"1","noted":false,"rarity":"0.01","rolls":1},{"id":203,"name":"grimy tarromin","quantity":"1","noted":false,"rarity":"0.01","rolls":1},{"id":205,"name":"grimy harralander","quantity":"1","noted":false,"rarity":"0.01","rolls":1},{"id":1203,"name":"iron dagger","quantity":"1","noted":false,"rarity":"0.03","rolls":1},{"id":207,"name":"grimy ranarr weed","quantity":"1","noted":false,"rarity":"0.00","rolls":1},{"id":209,"name":"grimy irit leaf","quantity":"1","noted":false,"rarity":"0.00","rolls":1},{"id":211,"name":"grimy avantoe","quantity":"1","noted":false,"rarity":"0.00","rolls":1},{"id":213,"name":"grimy kwuarm","quantity":"1","noted":false,"rarity":"0.00","rolls":1},{"id":215,"name":"grimy cadantine","quantity":"1","noted":false,"rarity":"0.00","rolls":1},{"id":2485,"name":"grimy lantadyme","quantity":"1","noted":false,"rarity":"0.00","rolls":1},{"id":217,"name":"grimy dwarf weed","quantity":"1","noted":false,"rarity":"0.00","rolls":1},{"id":5318,"name":"potato seed","quantity":"4","noted":false,"rarity":"0.05","rolls":1},{"id":5319,"name":"onion seed","quantity":"4","noted":false,"rarity":"0.04","rolls":1},{"id":5324,"name":"cabbage seed","quantity":"4","noted":false,"rarity":"0.03","rolls":1},{"id":1153,"name":"iron full helm","quantity":"1","noted":false,"rarity":"0.04","rolls":1},{"id":5322,"name":"tomato seed","quantity":"3","noted":false,"rarity":"0.01","rolls":1},{"id":5320,"name":"sweetcorn seed","quantity":"3","noted":false,"rarity":"0.01","rolls":1},{"id":5323,"name":"strawberry seed","quantity":"2","noted":false,"rarity":"0.00","rolls":1},{"id":5321,"name":"watermelon seed","quantity":"2","noted":false,"rarity":"0.00","rolls":1},{"id":22879,"name":"snape grass seed","quantity":"2","noted":false,"rarity":"0.00","rolls":1},{"id":995,"name":"coins","quantity":"5","noted":false,"rarity":"0.14","rolls":1},{"id":995,"name":"coins","quantity":"38","noted":false,"rarity":"0.11","rolls":1},{"id":995,"name":"coins","quantity":"52","noted":false,"rarity":"0.08","rolls":1},{"id":995,"name":"coins","quantity":"15","noted":false,"rarity":"0.06","rolls":1},{"id":995,"name":"coins","quantity":"10","noted":false,"rarity":"0.05","rolls":1},{"id":1191,"name":"iron kiteshield","quantity":"1","noted":false,"rarity":"0.02","rolls":1},{"id":995,"name":"coins","quantity":"8","noted":false,"rarity":"0.05","rolls":1},{"id":995,"name":"coins","quantity":"88","noted":false,"rarity":"0.02","rolls":1},{"id":225,"name":"limpwurt root","quantity":"1","noted":false,"rarity":"0.09","rolls":1},{"id":1917,"name":"beer","quantity":"1","noted":false,"rarity":"0.05","rolls":1},{"id":1446,"name":"body talisman","quantity":"1","noted":false,"rarity":"0.02","rolls":1},{"id":20754,"name":"giant key","quantity":"1","noted":false,"rarity":"0.01","rolls":1},{"id":1295,"name":"steel longsword","quantity":"1","noted":false,"rarity":"0.02","rolls":1},{"id":11941,"name":"looting bag","quantity":"1","noted":false,"rarity":"0.20","rolls":1},{"id":13474,"name":"ensouled giant head","quantity":"1","noted":false,"rarity":"0.04","rolls":1},{"id":884,"name":"iron arrow","quantity":"3","noted":false,"rarity":"0.05","rolls":1},{"id":23182,"name":"clue scroll (beginner)","quantity":"1","noted":false,"rarity":"0.02","rolls":1},{"id":10976,"name":"long bone","quantity":"1","noted":false,"rarity":"0.00","rolls":1},{"id":6800,"name":"giant champion scroll","quantity":"1","noted":false,"rarity":"0.00","rolls":1},{"id":10977,"name":"curved bone","quantity":"1","noted":false,"rarity":"0.00","rolls":1},{"id":554,"name":"fire rune","quantity":"15","noted":false,"rarity":"0.02","rolls":1},{"id":555,"name":"water rune","quantity":"7","noted":false,"rarity":"0.02","rolls":1},{"id":563,"name":"law rune","quantity":"2","noted":false,"rarity":"0.02","rolls":1}]}