{"name":"market guard","combat_level":20,"size":1,"hitpoints":22,"max_hit":3,"attack_type":["crush"],"attack_speed":5,"aggressive":false,"poisonous":false,"venomous":false,"immune_poison":false,"immune_venom":false,"attributes":[],"category":[],"slayer_monster":false,"slayer_level":null,"slayer_xp":null,"slayer_masters":[],"attack_level":17,"strength_level":18,"defence_level":13,"magic_level":1,"ranged_level":1,"attack_bonus":9,"strength_bonus":7,"attack_magic":0,"magic_bonus":0,"attack_ranged":0,"ranged_bonus":0,"defence_stab":24,"defence_slash":14,"defence_crush":19,"defence_magic":4,"defence_ranged":16,"drops":[{"id":1623,"name":"uncut sapphire","quantity":"1","noted":false,"rarity":"0.00","rolls":1},{"id":1621,"name":"uncut emerald","quantity":"1","noted":false,"rarity":"0.00","rolls":1},{"id":1619,"name":"uncut ruby","quantity":"1","noted":false,"rarity":"0.00","rolls":1},{"id":1452,"name":"chaos talisman","quantity":"1","noted":false,"rarity":"0.00","rolls":1},{"id":1462,"name":"nature talisman","quantity":"1","noted":false,"rarity":"0.00","rolls":1},{"id":1617,"name":"uncut diamond","quantity":"1","noted":false,"rarity":"0.00","rolls":1},{"id":830,"name":"rune javelin","quantity":"5","noted":false,"rarity":"0.00","rolls":1},{"id":987,"name":"loop half of key","quantity":"1","noted":false,"rarity":"0.00","rolls":1},{"id":985,"name":"tooth half of key","quantity":"1","noted":false,"rarity":"0.00","rolls":1},{"id":1247,"name":"rune spear","quantity":"1","noted":false,"rarity":"0.00","rolls":1},{"id":2366,"name":"shield left half","quantity":"1","noted":false,"rarity":"0.00","rolls":1},{"id":1249,"name":"dragon spear","quantity":"1","noted":false,"rarity":"0.00","rolls":1},{"id":526,"name":"bones","quantity":"1","noted":false,"rarity":"1.00","rolls":1},{"id":201,"name":"grimy marrentill","quantity":"1","noted":false,"rarity":"0.00","rolls":1},{"id":203,"name":"grimy tarromin","quantity":"1","noted":false,"rarity":"0.00","rolls":1},{"id":205,"name":"grimy harralander","quantity":"1","noted":false,"rarity":"0.00","rolls":1},{"id":207,"name":"grimy ranarr weed","quantity":"1","noted":false,"rarity":"0.00","rolls":1},{"id":209,"name":"grimy irit leaf","quantity":"1","noted":false,"rarity":"0.00","rolls":1},{"id":211,"name":"grimy avantoe","quantity":"1","noted":false,"rarity":"0.00","rolls":1},{"id":213,"name":"grimy kwuarm","quantity":"1","noted":false,"rarity":"0.00","rolls":1},{"id":215,"name":"grimy cadantine","quantity":"1","noted":false,"rarity":"0.00","rolls":1},{"id":2485,"name":"grimy lantadyme","quantity":"1","noted":false,"rarity":"0.00","rolls":1},{"id":217,"name":"grimy dwarf weed","quantity":"1","noted":false,"rarity":"0.00","rolls":1},{"id":1337,"name":"bronze warhammer","quantity":"1","noted":false,"rarity":"0.02","rolls":1},{"id":995,"name":"coins","quantity":"15","noted":false,"rarity":"0.33","rolls":1},{"id":995,"name":"coins","quantity":"17","noted":false,"rarity":"0.04","rolls":1},{"id":995,"name":"coins","quantity":"22","noted":false,"rarity":"0.07","rolls":1},{"id":995,"name":"coins","quantity":"27","noted":false,"rarity":"0.02","rolls":1},{"id":1929,"name":"bucket of water","quantity":"1","noted":false,"rarity":"0.01","rolls":1},{"id":948,"name":"bear fur","quantity":"1","noted":false,"rarity":"0.01","rolls":1},{"id":3801,"name":"keg of beer","quantity":"1","noted":false,"rarity":"0.03","rolls":1},{"id":436,"name":"copper ore","quantity":"5","noted":false,"rarity":"0.02","rolls":1},{"id":438,"name":"tin ore","quantity":"5","noted":false,"rarity":"0.01","rolls":1},{"id":440,"name":"iron ore","quantity":"2","noted":false,"rarity":"0.02","rolls":1},{"id":1335,"name":"iron warhammer","quantity":"1","noted":false,"rarity":"0.05","rolls":1},{"id":327,"name":"raw sardine","quantity":"1","noted":false,"rarity":"0.01","rolls":1},{"id":1917,"name":"beer","quantity":"1","noted":false,"rarity":"0.01","rolls":1},{"id":1891,"name":"cake","quantity":"1","noted":false,"rarity":"0.03","rolls":1},{"id":1592,"name":"ring mould","quantity":"1","noted":false,"rarity":"0.01","rolls":1},{"id":1339,"name":"steel warhammer","quantity":"1","noted":false,"rarity":"0.01","rolls":1},{"id":2801,"name":"clue scroll (medium)","quantity":"1","noted":false,"rarity":"0.01","rolls":1},{"id":1341,"name":"black warhammer","quantity":"1","noted":false,"rarity":"0.01","rolls":1},{"id":3748,"name":"fremennik helm","quantity":"1","noted":false,"rarity":"0.01","rolls":1},{"id":3757,"name":"fremennik blade","quantity":"1","noted":false,"rarity":"0.01","rolls":1},{"id":3758,"name":"fremennik shield","quantity":"1","noted":false,"rarity":"0.01","rolls":1},{"id":199,"name":"grimy guam leaf","quantity":"1","noted":false,"rarity":"0.00","rolls":1}]}