{"name":"cyclops","combat_level":106,"size":2,"hitpoints":150,"max_hit":8,"attack_type":["crush"],"attack_speed":4,"aggressive":true,"poisonous":false,"venomous":false,"immune_poison":false,"immune_venom":false,"attributes":[],"category":["hill giants"],"slayer_monster":true,"slayer_level":1,"slayer_xp":"150.00","slayer_masters":["mazchna","vannaka"],"attack_level":95,"strength_level":75,"defence_level":55,"magic_level":1,"ranged_level":1,"attack_bonus":0,"strength_bonus":0,"attack_magic":0,"magic_bonus":0,"attack_ranged":0,"ranged_bonus":0,"defence_stab":0,"defence_slash":0,"defence_crush":0,"defence_magic":0,"defence_ranged":0,"drops":[{"id":12954,"name":"dragon defender","quantity":"1","noted":false,"rarity":"0.01","rolls":1},{"id":1163,"name":"rune full helm","quantity":"1","noted":false,"rarity":"0.01","rolls":1},{"id":199,"name":"grimy guam leaf","quantity":"1","noted":false,"rarity":"0.01","rolls":1},{"id":201,"name":"grimy marrentill","quantity":"1","noted":false,"rarity":"0.01","rolls":1},{"id":203,"name":"grimy tarromin","quantity":"1","noted":false,"rarity":"0.01","rolls":1},{"id":205,"name":"grimy harralander","quantity":"1","noted":false,"rarity":"0.00","rolls":1},{"id":207,"name":"grimy ranarr weed","quantity":"1","noted":false,"rarity":"0.00","rolls":1},{"id":209,"name":"grimy irit leaf","quantity":"1","noted":false,"rarity":"0.00","rolls":1},{"id":211,"name":"grimy avantoe","quantity":"1","noted":false,"rarity":"0.00","rolls":1},{"id":213,"name":"grimy kwuarm","quantity":"1","noted":false,"rarity":"0.00","rolls":1},{"id":215,"name":"grimy cadantine","quantity":"1","noted":false,"rarity":"0.00","rolls":1},{"id":2485,"name":"grimy lantadyme","quantity":"1","noted":false,"rarity":"0.00","rolls":1},{"id":217,"name":"grimy dwarf weed","quantity":"1","noted":false,"rarity":"0.00","rolls":1},{"id":5100,"name":"limpwurt seed","quantity":"1","noted":false,"rarity":"0.00","rolls":1},{"id":5323,"name":"strawberry seed","quantity":"1","noted":false,"rarity":"0.00","rolls":1},{"id":5292,"name":"marrentill seed","quantity":"1","noted":false,"rarity":"0.00","rolls":1},{"id":5104,"name":"jangerberry seed","quantity":"1","noted":false,"rarity":"0.00","rolls":1},{"id":5293,"name":"tarromin seed","quantity":"1","noted":false,"rarity":"0.00","rolls":1},{"id":5311,"name":"wildblood seed","quantity":"1","noted":false,"rarity":"0.00","rolls":1},{"id":5321,"name":"watermelon seed","quantity":"1","noted":false,"rarity":"0.00","rolls":1},{"id":5294,"name":"harralander seed","quantity":"1","noted":false,"rarity":"0.00","rolls":1},{"id":22879,"name":"snape grass seed","quantity":"1","noted":false,"rarity":"0.00","rolls":1},{"id":5295,"name":"ranarr seed","quantity":"1","noted":false,"rarity":"0.00","rolls":1},{"id":5105,"name":"whiteberry seed","quantity":"1","noted":false,"rarity":"0.00","rolls":1},{"id":5282,"name":"mushroom spore","quantity":"1","noted":false,"rarity":"0.00","rolls":1},{"id":5296,"name":"toadflax seed","quantity":"1","noted":false,"rarity":"0.00","rolls":1},{"id":5281,"name":"belladonna seed","quantity":"1","noted":false,"rarity":"0.00","rolls":1},{"id":5297,"name":"irit seed","quantity":"1","noted":false,"rarity":"0.00","rolls":1},{"id":5106,"name":"poison ivy seed","quantity":"1","noted":false,"rarity":"0.00","rolls":1},{"id":5298,"name":"avantoe seed","quantity":"1","noted":false,"rarity":"0.00","rolls":1},{"id":5280,"name":"cactus seed","quantity":"1","noted":false,"rarity":"0.00","rolls":1},{"id":5299,"name":"kwuarm seed","quantity":"1","noted":false,"rarity":"0.00","rolls":1},{"id":22873,"name":"potato cactus seed","quantity":"1","noted":false,"rarity":"0.00","rolls":1},{"id":5300,"name":"snapdragon seed","quantity":"1","noted":false,"rarity":"0.00","rolls":1},{"id":5301,"name":"cadantine seed","quantity":"1","noted":false,"rarity":"0.00","rolls":1},{"id":5302,"name":"lantadyme seed","quantity":"1","noted":false,"rarity":"0.00","rolls":1},{"id":5303,"name":"dwarf weed seed","quantity":"1","noted":false,"rarity":"0.00","rolls":1},{"id":5304,"name":"torstol seed","quantity":"1","noted":false,"rarity":"0.00","rolls":1},{"id":995,"name":"coins","quantity":"96","noted":false,"rarity":"0.10","rolls":1},{"id":995,"name":"coins","quantity":"350-449","noted":false,"rarity":"0.07","rolls":1},{"id":379,"name":"lobster","quantity":"1","noted":false,"rarity":"0.07","rolls":1},{"id":2722,"name":"clue scroll (hard)","quantity":"1","noted":false,"rarity":"0.00","rolls":1},{"id":10976,"name":"long bone","quantity":"1","noted":false,"rarity":"0.00","rolls":1},{"id":10977,"name":"curved bone","quantity":"1","noted":false,"rarity":"0.00","rolls":1},{"id":532,"name":"big bones","quantity":"1","noted":false,"rarity":"1.00","rolls":1},{"id":1317,"name":"adamant 2h sword","quantity":"1","noted":false,"rarity":"0.04","rolls":1},{"id":809,"name":"mithril dart","quantity":"12","noted":false,"rarity":"0.06","rolls":1},{"id":1211,"name":"adamant dagger","quantity":"1","noted":false,"rarity":"0.05","rolls":1},{"id":1165,"name":"black full helm","quantity":"1","noted":false,"rarity":"0.05","rolls":1},{"id":1426,"name":"black mace","quantity":"1","noted":false,"rarity":"0.05","rolls":1},{"id":1329,"name":"mithril scimitar","quantity":"1","noted":false,"rarity":"0.05","rolls":1},{"id":1197,"name":"mithril kiteshield","quantity":"1","noted":false,"rarity":"0.05","rolls":1},{"id":1119,"name":"steel platebody","quantity":"1","noted":false,"rarity":"0.05","rolls":1},{"id":1105,"name":"steel chainbody","quantity":"1","noted":false,"rarity":"0.07","rolls":1},{"id":869,"name":"black knife","quantity":"22","noted":false,"rarity":"0.04","rolls":1},{"id":1071,"name":"mithril platelegs","quantity":"1","noted":false,"rarity":"0.04","rolls":1},{"id":1217,"name":"black dagger","quantity":"1","noted":false,"rarity":"0.05","rolls":1},{"id":1147,"name":"rune med helm","quantity":"1","noted":false,"rarity":"0.03","rolls":1},{"id":1183,"name":"adamant sq shield","quantity":"1","noted":false,"rarity":"0.01","rolls":1}]}