{"name":"undead druid","combat_level":105,"size":1,"hitpoints":140,"max_hit":22,"attack_type":["melee","magic"],"attack_speed":4,"aggressive":true,"poisonous":false,"venomous":false,"immune_poison":false,"immune_venom":false,"attributes":["undead"],"category":["zombies"],"slayer_monster":true,"slayer_level":1,"slayer_xp":"140.00","slayer_masters":["turael","spria"],"attack_level":60,"strength_level":50,"defence_level":60,"magic_level":115,"ranged_level":0,"attack_bonus":50,"strength_bonus":50,"attack_magic":100,"magic_bonus":50,"attack_ranged":0,"ranged_bonus":0,"defence_stab":40,"defence_slash":30,"defence_crush":80,"defence_magic":140,"defence_ranged":40,"drops":[{"id":1623,"name":"uncut sapphire","quantity":"1","noted":false,"rarity":"0.00","rolls":1},{"id":1621,"name":"uncut emerald","quantity":"1","noted":false,"rarity":"0.00","rolls":1},{"id":1619,"name":"uncut ruby","quantity":"1","noted":false,"rarity":"0.00","rolls":1},{"id":1452,"name":"chaos talisman","quantity":"1","noted":false,"rarity":"0.00","rolls":1},{"id":1462,"name":"nature talisman","quantity":"1","noted":false,"rarity":"0.00","rolls":1},{"id":1617,"name":"uncut diamond","quantity":"1","noted":false,"rarity":"0.00","rolls":1},{"id":830,"name":"rune javelin","quantity":"5","noted":false,"rarity":"0.00","rolls":1},{"id":987,"name":"loop half of key","quantity":"1","noted":false,"rarity":"0.00","rolls":1},{"id":985,"name":"tooth half of key","quantity":"1","noted":false,"rarity":"0.00","rolls":1},{"id":1247,"name":"rune spear","quantity":"1","noted":false,"rarity":"0.00","rolls":1},{"id":2366,"name":"shield left half","quantity":"1","noted":false,"rarity":"0.00","rolls":1},{"id":1249,"name":"dragon spear","quantity":"1","noted":false,"rarity":"0.00","rolls":1},{"id":526,"name":"bones","quantity":"1","noted":false,"rarity":"1.00","rolls":1},{"id":560,"name":"death rune","quantity":"20-30","noted":false,"rarity":"0.03","rolls":1},{"id":561,"name":"nature rune","quantity":"20-30","noted":false,"rarity":"0.03","rolls":1},{"id":4698,"name":"mud rune","quantity":"30-70","noted":false,"rarity":"0.03","rolls":1},{"id":563,"name":"law rune","quantity":"10-20","noted":false,"rarity":"0.02","rolls":1},{"id":199,"name":"grimy guam leaf","quantity":"1-3","noted":false,"rarity":"0.05","rolls":1},{"id":201,"name":"grimy marrentill","quantity":"1-3","noted":false,"rarity":"0.04","rolls":1},{"id":203,"name":"grimy tarromin","quantity":"1-3","noted":false,"rarity":"0.03","rolls":1},{"id":205,"name":"grimy harralander","quantity":"1-3","noted":false,"rarity":"0.02","rolls":1},{"id":207,"name":"grimy ranarr weed","quantity":"1-3","noted":false,"rarity":"0.02","rolls":1},{"id":209,"name":"grimy irit leaf","quantity":"1-3","noted":false,"rarity":"0.01","rolls":1},{"id":1397,"name":"air battlestaff","quantity":"1","noted":false,"rarity":"0.02","rolls":1},{"id":211,"name":"grimy avantoe","quantity":"1-3","noted":false,"rarity":"0.01","rolls":1},{"id":213,"name":"grimy kwuarm","quantity":"1-3","noted":false,"rarity":"0.01","rolls":1},{"id":215,"name":"grimy cadantine","quantity":"1-3","noted":false,"rarity":"0.01","rolls":1},{"id":2485,"name":"grimy lantadyme","quantity":"1-3","noted":false,"rarity":"0.01","rolls":1},{"id":217,"name":"grimy dwarf weed","quantity":"1-3","noted":false,"rarity":"0.01","rolls":1},{"id":5100,"name":"limpwurt seed","quantity":"1","noted":false,"rarity":"0.02","rolls":1},{"id":5323,"name":"strawberry seed","quantity":"1","noted":false,"rarity":"0.01","rolls":1},{"id":5292,"name":"marrentill seed","quantity":"1","noted":false,"rarity":"0.01","rolls":1},{"id":5104,"name":"jangerberry seed","quantity":"1","noted":false,"rarity":"0.01","rolls":1},{"id":5293,"name":"tarromin seed","quantity":"1","noted":false,"rarity":"0.01","rolls":1},{"id":1399,"name":"earth battlestaff","quantity":"1","noted":false,"rarity":"0.02","rolls":1},{"id":5311,"name":"wildblood seed","quantity":"1","noted":false,"rarity":"0.01","rolls":1},{"id":5321,"name":"watermelon seed","quantity":"1","noted":false,"rarity":"0.01","rolls":1},{"id":5294,"name":"harralander seed","quantity":"1","noted":false,"rarity":"0.01","rolls":1},{"id":22879,"name":"snape grass seed","quantity":"1","noted":false,"rarity":"0.00","rolls":1},{"id":5295,"name":"ranarr seed","quantity":"1","noted":false,"rarity":"0.00","rolls":1},{"id":5105,"name":"whiteberry seed","quantity":"1","noted":false,"rarity":"0.00","rolls":1},{"id":5282,"name":"mushroom spore","quantity":"1","noted":false,"rarity":"0.00","rolls":1},{"id":5296,"name":"toadflax seed","quantity":"1","noted":false,"rarity":"0.00","rolls":1},{"id":5281,"name":"belladonna seed","quantity":"1","noted":false,"rarity":"0.00","rolls":1},{"id":5297,"name":"irit seed","quantity":"1","noted":false,"rarity":"0.00","rolls":1},{"id":23522,"name":"mask of ranul","quantity":"1","noted":false,"rarity":"0.00","rolls":1},{"id":5106,"name":"poison ivy seed","quantity":"1","noted":false,"rarity":"0.00","rolls":1},{"id":5298,"name":"avantoe seed","quantity":"1","noted":false,"rarity":"0.00","rolls":1},{"id":5280,"name":"cactus seed","quantity":"1","noted":false,"rarity":"0.00","rolls":1},{"id":5299,"name":"kwuarm seed","quantity":"1","noted":false,"rarity":"0.00","rolls":1},{"id":22873,"name":"potato cactus seed","quantity":"1","noted":false,"rarity":"0.00","rolls":1},{"id":5300,"name":"snapdragon seed","quantity":"1","noted":false,"rarity":"0.00","rolls":1},{"id":5301,"name":"cadantine seed","quantity":"1","noted":false,"rarity":"0.00","rolls":1},{"id":5302,"name":"lantadyme seed","quantity":"1","noted":false,"rarity":"0.00","rolls":1},{"id":5303,"name":"dwarf weed seed","quantity":"1","noted":false,"rarity":"0.00","rolls":1},{"id":5304,"name":"torstol seed","quantity":"1","noted":false,"rarity":"0.00","rolls":1},{"id":556,"name":"air rune","quantity":"200-300","noted":false,"rarity":"0.05","rolls":1},{"id":221,"name":"eye of newt","quantity":"25-30","noted":true,"rarity":"0.02","rolls":1},{"id":3138,"name":"potato cactus","quantity":"10-15","noted":true,"rarity":"0.02","rolls":1},{"id":239,"name":"white berries","quantity":"10-15","noted":true,"rarity":"0.02","rolls":1},{"id":245,"name":"wine of zamorak","quantity":"5-8","noted":true,"rarity":"0.02","rolls":1},{"id":995,"name":"coins","quantity":"1000-5000","noted":false,"rarity":"0.06","rolls":1},{"id":1729,"name":"amulet of defence","quantity":"1","noted":false,"rarity":"0.05","rolls":1},{"id":1727,"name":"amulet of magic","quantity":"1","noted":false,"rarity":"0.05","rolls":1},{"id":1725,"name":"amulet of strength","quantity":"1","noted":false,"rarity":"0.05","rolls":1},{"id":557,"name":"earth rune","quantity":"200-300","noted":false,"rarity":"0.05","rolls":1},{"id":23510,"name":"tattered moon page","quantity":"1","noted":false,"rarity":"0.05","rolls":1},{"id":565,"name":"blood rune","quantity":"20-30","noted":false,"rarity":"0.03","rolls":1},{"id":23512,"name":"tattered sun page","quantity":"1","noted":false,"rarity":"0.05","rolls":1},{"id":23514,"name":"tattered temple page","quantity":"1","noted":false,"rarity":"0.05","rolls":1},{"id":23499,"name":"grubby key","quantity":"1","noted":false,"rarity":"0.01","rolls":1},{"id":2722,"name":"clue scroll (hard)","quantity":"1","noted":false,"rarity":"0.01","rolls":1},{"id":6807,"name":"zombie champion scroll","quantity":"1","noted":false,"rarity":"0.00","rolls":1},{"id":562,"name":"chaos rune","quantity":"50-80","noted":false,"rarity":"0.03","rolls":1},{"id":564,"name":"cosmic rune","quantity":"20-30","noted":false,"rarity":"0.03","rolls":1}]}