{"name":"tzhaar-hur","combat_level":74,"size":1,"hitpoints":80,"max_hit":7,"attack_type":["crush"],"attack_speed":5,"aggressive":false,"poisonous":false,"venomous":false,"immune_poison":false,"immune_venom":false,"attributes":[],"category":["tzhaar"],"slayer_monster":true,"slayer_level":1,"slayer_xp":"80.00","slayer_masters":["chaeldar","nieve","duradel"],"attack_level":60,"strength_level":60,"defence_level":60,"magic_level":80,"ranged_level":1,"attack_bonus":0,"strength_bonus":0,"attack_magic":0,"magic_bonus":0,"attack_ranged":0,"ranged_bonus":0,"defence_stab":0,"defence_slash":0,"defence_crush":0,"defence_magic":0,"defence_ranged":0,"drops":[{"id":1623,"name":"uncut sapphire","quantity":"1","noted":false,"rarity":"0.01","rolls":1},{"id":1931,"name":"pot","quantity":"1","noted":false,"rarity":"0.03","rolls":1},{"id":6529,"name":"tokkul","quantity":"3-7","noted":false,"rarity":"0.93","rolls":1},{"id":1623,"name":"uncut sapphire","quantity":"1","noted":false,"rarity":"0.03","rolls":1},{"id":1621,"name":"uncut emerald","quantity":"1","noted":false,"rarity":"0.02","rolls":1},{"id":1619,"name":"uncut ruby","quantity":"1","noted":false,"rarity":"0.02","rolls":1},{"id":1617,"name":"uncut diamond","quantity":"1","noted":false,"rarity":"0.01","rolls":1},{"id":1621,"name":"uncut emerald","quantity":"1","noted":false,"rarity":"0.01","rolls":1},{"id":1619,"name":"uncut ruby","quantity":"1","noted":false,"rarity":"0.01","rolls":1},{"id":1617,"name":"uncut diamond","quantity":"1","noted":false,"rarity":"0.00","rolls":1},{"id":6529,"name":"tokkul","quantity":"1-16","noted":false,"rarity":"0.13","rolls":1},{"id":1755,"name":"chisel","quantity":"1","noted":false,"rarity":"0.03","rolls":1},{"id":2347,"name":"hammer","quantity":"1","noted":false,"rarity":"0.03","rolls":1},{"id":1935,"name":"jug","quantity":"1","noted":false,"rarity":"0.03","rolls":1},{"id":946,"name":"knife","quantity":"1","noted":false,"rarity":"0.03","rolls":1}]}