{"name":"tzhaar-xil","combat_level":133,"size":1,"hitpoints":120,"max_hit":11,"attack_type":["crush","ranged"],"attack_speed":4,"aggressive":false,"poisonous":false,"venomous":false,"immune_poison":false,"immune_venom":false,"attributes":[],"category":["tzhaar"],"slayer_monster":true,"slayer_level":1,"slayer_xp":"120.00","slayer_masters":["chaeldar","nieve","duradel"],"attack_level":140,"strength_level":100,"defence_level":100,"magic_level":40,"ranged_level":120,"attack_bonus":0,"strength_bonus":0,"attack_magic":0,"magic_bonus":0,"attack_ranged":0,"ranged_bonus":0,"defence_stab":0,"defence_slash":0,"defence_crush":0,"defence_magic":0,"defence_ranged":0,"drops":[{"id":6522,"name":"toktz-xil-ul","quantity":"9-29","noted":false,"rarity":"0.00","rolls":1},{"id":6523,"name":"toktz-xil-ak","quantity":"1","noted":false,"rarity":"0.00","rolls":1},{"id":6525,"name":"toktz-xil-ek","quantity":"1","noted":false,"rarity":"0.00","rolls":1},{"id":6568,"name":"obsidian cape","quantity":"1","noted":false,"rarity":"0.00","rolls":1},{"id":6529,"name":"tokkul","quantity":"1-59","noted":false,"rarity":"0.13","rolls":1},{"id":1623,"name":"uncut sapphire","quantity":"1","noted":false,"rarity":"0.03","rolls":1},{"id":1621,"name":"uncut emerald","quantity":"1","noted":false,"rarity":"0.03","rolls":1},{"id":1619,"name":"uncut ruby","quantity":"1","noted":false,"rarity":"0.03","rolls":1},{"id":1617,"name":"uncut diamond","quantity":"1","noted":false,"rarity":"0.01","rolls":1}]}