{"name":"tz-kih","combat_level":22,"size":1,"hitpoints":10,"max_hit":4,"attack_type":["stab"],"attack_speed":4,"aggressive":true,"poisonous":false,"venomous":false,"immune_poison":false,"immune_venom":false,"attributes":[],"category":["tzhaar"],"slayer_monster":true,"slayer_level":1,"slayer_xp":"10.00","slayer_masters":["chaeldar","nieve","duradel"],"attack_level":20,"strength_level":30,"defence_level":15,"magic_level":15,"ranged_level":30,"attack_bonus":0,"strength_bonus":0,"attack_magic":0,"magic_bonus":0,"attack_ranged":0,"ranged_bonus":0,"defence_stab":0,"defence_slash":0,"defence_crush":0,"defence_magic":0,"defence_ranged":0,"drops":[]}