{"name":"tz-kek","combat_level":45,"size":2,"hitpoints":20,"max_hit":7,"attack_type":["crush"],"attack_speed":4,"aggressive":true,"poisonous":false,"venomous":false,"immune_poison":false,"immune_venom":false,"attributes":[],"category":["tzhaar"],"slayer_monster":true,"slayer_level":1,"slayer_xp":"20.00","slayer_masters":["chaeldar","nieve","duradel"],"attack_level":40,"strength_level":60,"defence_level":30,"magic_level":30,"ranged_level":60,"attack_bonus":0,"strength_bonus":0,"attack_magic":0,"magic_bonus":0,"attack_ranged":0,"ranged_bonus":0,"defence_stab":0,"defence_slash":0,"defence_crush":0,"defence_magic":0,"defence_ranged":0,"drops":[]}