{"name":"tok-xil","combat_level":90,"size":3,"hitpoints":40,"max_hit":13,"attack_type":["crush","ranged"],"attack_speed":4,"aggressive":true,"poisonous":false,"venomous":false,"immune_poison":false,"immune_venom":false,"attributes":[],"category":["tzhaar"],"slayer_monster":true,"slayer_level":1,"slayer_xp":"40.00","slayer_masters":["chaeldar","nieve","duradel"],"attack_level":80,"strength_level":120,"defence_level":60,"magic_level":60,"ranged_level":120,"attack_bonus":0,"strength_bonus":0,"attack_magic":0,"magic_bonus":0,"attack_ranged":0,"ranged_bonus":0,"defence_stab":0,"defence_slash":0,"defence_crush":0,"defence_magic":0,"defence_ranged":0,"drops":[]}