{"name":"commander zilyana","combat_level":596,"size":2,"hitpoints":255,"max_hit":27,"attack_type":["crush","magic"],"attack_speed":2,"aggressive":true,"poisonous":false,"venomous":false,"immune_poison":true,"immune_venom":true,"attributes":[],"category":["bosses"],"slayer_monster":true,"slayer_level":1,"slayer_xp":"350.00","slayer_masters":["konar","nieve","duradel"],"attack_level":280,"strength_level":196,"defence_level":300,"magic_level":300,"ranged_level":250,"attack_bonus":195,"strength_bonus":20,"attack_magic":200,"magic_bonus":0,"attack_ranged":0,"ranged_bonus":0,"defence_stab":100,"defence_slash":100,"defence_crush":100,"defence_magic":100,"defence_ranged":100,"drops":[{"id":526,"name":"bones","quantity":"1","noted":false,"rarity":"1.00","rolls":1},{"id":811,"name":"rune dart","quantity":"35-40","noted":false,"rarity":"0.06","rolls":1},{"id":1201,"name":"rune kiteshield","quantity":"1","noted":false,"rarity":"0.06","rolls":1},{"id":1093,"name":"rune plateskirt","quantity":"1","noted":false,"rarity":"0.06","rolls":1},{"id":2434,"name":"prayer potion(4)","quantity":"3","noted":false,"rarity":"0.06","rolls":1},{"id":6687,"name":"saradomin brew(3)","quantity":"3","noted":false,"rarity":"0.05","rolls":1},{"id":3024,"name":"super restore(4)","quantity":"3","noted":false,"rarity":"0.05","rolls":1},{"id":163,"name":"super defence(3)","quantity":"3","noted":false,"rarity":"0.06","rolls":1},{"id":3042,"name":"magic potion(3)","quantity":"3","noted":false,"rarity":"0.06","rolls":1},{"id":995,"name":"coins","quantity":"19500-20000","noted":false,"rarity":"0.25","rolls":1},{"id":1601,"name":"diamond","quantity":"6","noted":true,"rarity":"0.06","rolls":1},{"id":11838,"name":"saradomin sword","quantity":"1","noted":false,"rarity":"0.01","rolls":1},{"id":563,"name":"law rune","quantity":"95-100","noted":false,"rarity":"0.06","rolls":1},{"id":207,"name":"grimy ranarr weed","quantity":"5","noted":true,"rarity":"0.06","rolls":1},{"id":5295,"name":"ranarr seed","quantity":"2","noted":false,"rarity":"0.06","rolls":1},{"id":5316,"name":"magic seed","quantity":"1","noted":false,"rarity":"0.01","rolls":1},{"id":1289,"name":"rune sword","quantity":"1","noted":false,"rarity":"0.00","rolls":1},{"id":13256,"name":"saradomin's light","quantity":"1","noted":false,"rarity":"0.00","rolls":1},{"id":11785,"name":"armadyl crossbow","quantity":"1","noted":false,"rarity":"0.00","rolls":1},{"id":23083,"name":"brimstone key","quantity":"1","noted":false,"rarity":"0.02","rolls":1},{"id":11814,"name":"saradomin hilt","quantity":"1","noted":false,"rarity":"0.00","rolls":1},{"id":12073,"name":"clue scroll (elite)","quantity":"1","noted":false,"rarity":"0.00","rolls":1},{"id":12651,"name":"pet zilyana","quantity":"1","noted":false,"rarity":"0.00","rolls":1},{"id":11818,"name":"godsword shard 1","quantity":"1","noted":false,"rarity":"0.00","rolls":1},{"id":11820,"name":"godsword shard 2","quantity":"1","noted":false,"rarity":"0.00","rolls":1},{"id":11822,"name":"godsword shard 3","quantity":"1","noted":false,"rarity":"0.00","rolls":1},{"id":1123,"name":"adamant platebody","quantity":"1","noted":false,"rarity":"0.06","rolls":1}]}