{"name":"growler","combat_level":139,"size":3,"hitpoints":146,"max_hit":16,"attack_type":["magic"],"attack_speed":5,"aggressive":true,"poisonous":false,"venomous":false,"immune_poison":false,"immune_venom":false,"attributes":[],"category":[],"slayer_monster":false,"slayer_level":null,"slayer_xp":null,"slayer_masters":[],"attack_level":100,"strength_level":101,"defence_level":120,"magic_level":150,"ranged_level":1,"attack_bonus":10,"strength_bonus":7,"attack_magic":0,"magic_bonus":0,"attack_ranged":0,"ranged_bonus":0,"defence_stab":12,"defence_slash":14,"defence_crush":14,"defence_magic":18,"defence_ranged":5,"drops":[{"id":526,"name":"bones","quantity":"1","noted":false,"rarity":"1.00","rolls":1},{"id":563,"name":"law rune","quantity":"5-10","noted":false,"rarity":"0.06","rolls":1},{"id":7946,"name":"monkfish","quantity":"3","noted":false,"rarity":"0.06","rolls":1},{"id":7218,"name":"summer pie","quantity":"1","noted":false,"rarity":"0.06","rolls":1},{"id":995,"name":"coins","quantity":"1300-1400","noted":false,"rarity":"0.49","rolls":1},{"id":207,"name":"grimy ranarr weed","quantity":"1","noted":true,"rarity":"0.06","rolls":1},{"id":231,"name":"snape grass","quantity":"5","noted":true,"rarity":"0.06","rolls":1},{"id":237,"name":"unicorn horn","quantity":"6","noted":true,"rarity":"0.06","rolls":1},{"id":2722,"name":"clue scroll (hard)","quantity":"1","noted":false,"rarity":"0.01","rolls":1},{"id":11838,"name":"saradomin sword","quantity":"1","noted":false,"rarity":"0.00","rolls":1},{"id":995,"name":"coins","quantity":"1400-1500","noted":false,"rarity":"0.01","rolls":1},{"id":11818,"name":"godsword shard 1","quantity":"1","noted":false,"rarity":"0.00","rolls":1},{"id":11820,"name":"godsword shard 2","quantity":"1","noted":false,"rarity":"0.00","rolls":1},{"id":11822,"name":"godsword shard 3","quantity":"1","noted":false,"rarity":"0.00","rolls":1},{"id":995,"name":"coins","quantity":"1300-1400","noted":false,"rarity":"0.01","rolls":1},{"id":886,"name":"steel arrow","quantity":"95-100","noted":false,"rarity":"0.06","rolls":1},{"id":808,"name":"steel dart","quantity":"95-100","noted":false,"rarity":"0.06","rolls":1}]}