{"name":"spiritual warrior","combat_level":125,"size":1,"hitpoints":110,"max_hit":13,"attack_type":["crush"],"attack_speed":5,"aggressive":false,"poisonous":false,"venomous":false,"immune_poison":false,"immune_venom":false,"attributes":["spectral"],"category":["spiritual creatures"],"slayer_monster":true,"slayer_level":68,"slayer_xp":"110.00","slayer_masters":["krystilia","vannaka","chaeldar","nieve","duradel"],"attack_level":110,"strength_level":106,"defence_level":110,"magic_level":1,"ranged_level":1,"attack_bonus":9,"strength_bonus":6,"attack_magic":0,"magic_bonus":0,"attack_ranged":0,"ranged_bonus":0,"defence_stab":12,"defence_slash":14,"defence_crush":13,"defence_magic":5,"defence_ranged":13,"drops":[{"id":1623,"name":"uncut sapphire","quantity":"1","noted":false,"rarity":"0.01","rolls":1},{"id":1621,"name":"uncut emerald","quantity":"1","noted":false,"rarity":"0.00","rolls":1},{"id":1619,"name":"uncut ruby","quantity":"1","noted":false,"rarity":"0.00","rolls":1},{"id":1452,"name":"chaos talisman","quantity":"1","noted":false,"rarity":"0.00","rolls":1},{"id":1462,"name":"nature talisman","quantity":"1","noted":false,"rarity":"0.00","rolls":1},{"id":1617,"name":"uncut diamond","quantity":"1","noted":false,"rarity":"0.00","rolls":1},{"id":830,"name":"rune javelin","quantity":"5","noted":false,"rarity":"0.00","rolls":1},{"id":987,"name":"loop half of key","quantity":"1","noted":false,"rarity":"0.00","rolls":1},{"id":985,"name":"tooth half of key","quantity":"1","noted":false,"rarity":"0.00","rolls":1},{"id":1247,"name":"rune spear","quantity":"1","noted":false,"rarity":"0.00","rolls":1},{"id":2366,"name":"shield left half","quantity":"1","noted":false,"rarity":"0.00","rolls":1},{"id":1249,"name":"dragon spear","quantity":"1","noted":false,"rarity":"0.00","rolls":1},{"id":1279,"name":"iron sword","quantity":"1","noted":false,"rarity":"0.02","rolls":1},{"id":1355,"name":"mithril axe","quantity":"1","noted":false,"rarity":"0.06","rolls":1},{"id":1317,"name":"adamant 2h sword","quantity":"1","noted":false,"rarity":"0.01","rolls":1},{"id":1303,"name":"rune longsword","quantity":"1","noted":false,"rarity":"0.01","rolls":1},{"id":3202,"name":"rune halberd","quantity":"1","noted":false,"rarity":"0.01","rolls":1},{"id":1059,"name":"leather gloves","quantity":"1","noted":false,"rarity":"0.07","rolls":1},{"id":1071,"name":"mithril platelegs","quantity":"1","noted":false,"rarity":"0.09","rolls":1},{"id":1105,"name":"steel chainbody","quantity":"1","noted":false,"rarity":"0.14","rolls":1},{"id":1161,"name":"adamant full helm","quantity":"1","noted":false,"rarity":"0.06","rolls":1},{"id":1195,"name":"black kiteshield","quantity":"1","noted":false,"rarity":"0.02","rolls":1},{"id":1081,"name":"iron plateskirt","quantity":"1","noted":false,"rarity":"0.03","rolls":1},{"id":1323,"name":"iron scimitar","quantity":"1","noted":false,"rarity":"0.06","rolls":1},{"id":1201,"name":"rune kiteshield","quantity":"1","noted":false,"rarity":"0.01","rolls":1},{"id":1295,"name":"steel longsword","quantity":"1","noted":false,"rarity":"0.12","rolls":1},{"id":11941,"name":"looting bag","quantity":"1","noted":false,"rarity":"0.33","rolls":1},{"id":11942,"name":"ecumenical key","quantity":"1","noted":false,"rarity":"0.02","rolls":1},{"id":2722,"name":"clue scroll (hard)","quantity":"1","noted":false,"rarity":"0.01","rolls":1},{"id":23490,"name":"larran's key","quantity":"1","noted":false,"rarity":"0.01","rolls":1},{"id":21257,"name":"slayer's enchantment","quantity":"1","noted":false,"rarity":"0.00","rolls":1},{"id":1281,"name":"steel sword","quantity":"1","noted":false,"rarity":"0.06","rolls":1},{"id":1341,"name":"black warhammer","quantity":"1","noted":false,"rarity":"0.04","rolls":1},{"id":1428,"name":"mithril mace","quantity":"1","noted":false,"rarity":"0.06","rolls":1},{"id":1217,"name":"black dagger","quantity":"1","noted":false,"rarity":"0.02","rolls":1},{"id":1257,"name":"mithril spear(p)","quantity":"1","noted":false,"rarity":"0.07","rolls":1},{"id":1371,"name":"adamant battleaxe","quantity":"1","noted":false,"rarity":"0.02","rolls":1}]}