{"name":"spiritual ranger","combat_level":122,"size":1,"hitpoints":106,"max_hit":16,"attack_type":["ranged"],"attack_speed":4,"aggressive":false,"poisonous":false,"venomous":false,"immune_poison":false,"immune_venom":false,"attributes":["spectral"],"category":["spiritual creatures"],"slayer_monster":true,"slayer_level":63,"slayer_xp":"106.00","slayer_masters":["krystilia","vannaka","chaeldar","nieve","duradel"],"attack_level":1,"strength_level":1,"defence_level":100,"magic_level":1,"ranged_level":146,"attack_bonus":0,"strength_bonus":0,"attack_magic":0,"magic_bonus":0,"attack_ranged":0,"ranged_bonus":0,"defence_stab":3,"defence_slash":5,"defence_crush":13,"defence_magic":16,"defence_ranged":23,"drops":[{"id":843,"name":"oak shortbow","quantity":"1","noted":false,"rarity":"0.04","rolls":1},{"id":559,"name":"body rune","quantity":"12","noted":false,"rarity":"0.03","rolls":1},{"id":892,"name":"rune arrow","quantity":"5","noted":false,"rarity":"0.02","rolls":1},{"id":890,"name":"adamant arrow","quantity":"12","noted":false,"rarity":"0.01","rolls":1},{"id":5626,"name":"adamant arrow(p++)","quantity":"3","noted":false,"rarity":"0.02","rolls":1},{"id":2538,"name":"adamant fire arrow","quantity":"4","noted":false,"rarity":"0.02","rolls":1},{"id":53,"name":"headless arrow","quantity":"12","noted":false,"rarity":"0.08","rolls":1},{"id":40,"name":"iron arrowtips","quantity":"5","noted":false,"rarity":"0.09","rolls":1},{"id":43,"name":"adamant arrowtips","quantity":"13","noted":false,"rarity":"0.07","rolls":1},{"id":1777,"name":"bow string","quantity":"7","noted":false,"rarity":"0.14","rolls":1},{"id":687,"name":"broken arrow","quantity":"1","noted":false,"rarity":"0.01","rolls":1},{"id":9179,"name":"steel crossbow","quantity":"1","noted":false,"rarity":"0.02","rolls":1},{"id":56,"name":"oak longbow (u)","quantity":"12","noted":false,"rarity":"0.07","rolls":1},{"id":11941,"name":"looting bag","quantity":"1","noted":false,"rarity":"0.33","rolls":1},{"id":11942,"name":"ecumenical key","quantity":"1","noted":false,"rarity":"0.02","rolls":1},{"id":2722,"name":"clue scroll (hard)","quantity":"1","noted":false,"rarity":"0.01","rolls":1},{"id":23490,"name":"larran's key","quantity":"1","noted":false,"rarity":"0.01","rolls":1},{"id":21257,"name":"slayer's enchantment","quantity":"1","noted":false,"rarity":"0.00","rolls":1},{"id":851,"name":"maple longbow","quantity":"1","noted":false,"rarity":"0.03","rolls":1},{"id":861,"name":"magic shortbow","quantity":"1-2","noted":false,"rarity":"0.01","rolls":1},{"id":5619,"name":"mithril arrow(p+)","quantity":"1","noted":false,"rarity":"0.09","rolls":1},{"id":886,"name":"steel arrow","quantity":"12","noted":false,"rarity":"0.03","rolls":1},{"id":884,"name":"iron arrow","quantity":"12","noted":false,"rarity":"0.12","rolls":1},{"id":882,"name":"bronze arrow","quantity":"16","noted":false,"rarity":"0.10","rolls":1},{"id":5616,"name":"bronze arrow(p+)","quantity":"1","noted":false,"rarity":"0.01","rolls":1}]}