{"name":"knight of saradomin","combat_level":101,"size":1,"hitpoints":108,"max_hit":12,"attack_type":["crush"],"attack_speed":6,"aggressive":true,"poisonous":false,"venomous":false,"immune_poison":false,"immune_venom":false,"attributes":[],"category":[],"slayer_monster":false,"slayer_level":null,"slayer_xp":null,"slayer_masters":[],"attack_level":75,"strength_level":90,"defence_level":82,"magic_level":60,"ranged_level":1,"attack_bonus":13,"strength_bonus":11,"attack_magic":0,"magic_bonus":0,"attack_ranged":0,"ranged_bonus":0,"defence_stab":12,"defence_slash":14,"defence_crush":13,"defence_magic":0,"defence_ranged":13,"drops":[{"id":526,"name":"bones","quantity":"1","noted":false,"rarity":"1.00","rolls":1},{"id":11941,"name":"looting bag","quantity":"1","noted":false,"rarity":"0.33","rolls":1},{"id":11942,"name":"ecumenical key","quantity":"1","noted":false,"rarity":"0.02","rolls":1},{"id":2722,"name":"clue scroll (hard)","quantity":"1","noted":false,"rarity":"0.01","rolls":1}]}