{"name":"general graardor","combat_level":624,"size":4,"hitpoints":255,"max_hit":60,"attack_type":["crush","ranged"],"attack_speed":6,"aggressive":true,"poisonous":false,"venomous":false,"immune_poison":false,"immune_venom":false,"attributes":[],"category":["bosses"],"slayer_monster":true,"slayer_level":1,"slayer_xp":"338.00","slayer_masters":["konar","nieve","duradel"],"attack_level":280,"strength_level":350,"defence_level":250,"magic_level":80,"ranged_level":350,"attack_bonus":120,"strength_bonus":43,"attack_magic":0,"magic_bonus":0,"attack_ranged":100,"ranged_bonus":40,"defence_stab":90,"defence_slash":90,"defence_crush":90,"defence_magic":298,"defence_ranged":90,"drops":[{"id":532,"name":"big bones","quantity":"1","noted":false,"rarity":"1.00","rolls":1},{"id":1319,"name":"rune 2h sword","quantity":"1","noted":false,"rarity":"0.06","rolls":1},{"id":1127,"name":"rune platebody","quantity":"1","noted":false,"rarity":"0.06","rolls":1},{"id":1275,"name":"rune pickaxe","quantity":"1","noted":false,"rarity":"0.05","rolls":1},{"id":995,"name":"coins","quantity":"19500-20000","noted":false,"rarity":"0.25","rolls":1},{"id":3051,"name":"grimy snapdragon","quantity":"3","noted":true,"rarity":"0.06","rolls":1},{"id":5300,"name":"snapdragon seed","quantity":"1","noted":false,"rarity":"0.06","rolls":1},{"id":3024,"name":"super restore(4)","quantity":"3","noted":false,"rarity":"0.06","rolls":1},{"id":449,"name":"adamantite ore","quantity":"15-20","noted":true,"rarity":"0.06","rolls":1},{"id":453,"name":"coal","quantity":"115-120","noted":true,"rarity":"0.06","rolls":1},{"id":1513,"name":"magic logs","quantity":"15-20","noted":true,"rarity":"0.06","rolls":1},{"id":11832,"name":"bandos chestplate","quantity":"1","noted":false,"rarity":"0.00","rolls":1},{"id":561,"name":"nature rune","quantity":"65-70","noted":false,"rarity":"0.06","rolls":1},{"id":995,"name":"coins","quantity":"20100-20600","noted":false,"rarity":"0.01","rolls":1},{"id":1289,"name":"rune sword","quantity":"1","noted":false,"rarity":"0.00","rolls":1},{"id":11834,"name":"bandos tassets","quantity":"1","noted":false,"rarity":"0.00","rolls":1},{"id":11836,"name":"bandos boots","quantity":"1","noted":false,"rarity":"0.00","rolls":1},{"id":23083,"name":"brimstone key","quantity":"1","noted":false,"rarity":"0.02","rolls":1},{"id":12073,"name":"clue scroll (elite)","quantity":"1","noted":false,"rarity":"0.00","rolls":1},{"id":12073,"name":"clue scroll (elite)","quantity":"1","noted":false,"rarity":"0.00","rolls":1},{"id":11812,"name":"bandos hilt","quantity":"1","noted":false,"rarity":"0.00","rolls":1},{"id":10976,"name":"long bone","quantity":"1","noted":false,"rarity":"0.00","rolls":1},{"id":12650,"name":"pet general graardor","quantity":"1","noted":false,"rarity":"0.00","rolls":1},{"id":10977,"name":"curved bone","quantity":"1","noted":false,"rarity":"0.00","rolls":1},{"id":11818,"name":"godsword shard 1","quantity":"1","noted":false,"rarity":"0.00","rolls":1},{"id":11820,"name":"godsword shard 2","quantity":"1","noted":false,"rarity":"0.00","rolls":1},{"id":11822,"name":"godsword shard 3","quantity":"1","noted":false,"rarity":"0.00","rolls":1},{"id":1303,"name":"rune longsword","quantity":"1","noted":false,"rarity":"0.06","rolls":1}]}