{"name":"sergeant grimspike","combat_level":142,"size":1,"hitpoints":146,"max_hit":21,"attack_type":["ranged"],"attack_speed":5,"aggressive":true,"poisonous":false,"venomous":false,"immune_poison":false,"immune_venom":false,"attributes":[],"category":["goblins"],"slayer_monster":true,"slayer_level":1,"slayer_xp":"146.00","slayer_masters":["turael","spria"],"attack_level":80,"strength_level":80,"defence_level":132,"magic_level":50,"ranged_level":150,"attack_bonus":0,"strength_bonus":0,"attack_magic":0,"magic_bonus":0,"attack_ranged":20,"ranged_bonus":20,"defence_stab":0,"defence_slash":0,"defence_crush":0,"defence_magic":0,"defence_ranged":0,"drops":[{"id":526,"name":"bones","quantity":"1","noted":false,"rarity":"1.00","rolls":1},{"id":886,"name":"steel arrow","quantity":"95-100","noted":false,"rarity":"0.06","rolls":1},{"id":808,"name":"steel dart","quantity":"95-100","noted":false,"rarity":"0.06","rolls":1},{"id":561,"name":"nature rune","quantity":"15-20","noted":false,"rarity":"0.06","rolls":1},{"id":564,"name":"cosmic rune","quantity":"25-30","noted":false,"rarity":"0.06","rolls":1},{"id":385,"name":"shark","quantity":"2","noted":false,"rarity":"0.06","rolls":1},{"id":7054,"name":"chilli potato","quantity":"3","noted":false,"rarity":"0.06","rolls":1},{"id":995,"name":"coins","quantity":"1400-1500","noted":false,"rarity":"0.52","rolls":1},{"id":225,"name":"limpwurt root","quantity":"5","noted":true,"rarity":"0.06","rolls":1},{"id":9741,"name":"combat potion(3)","quantity":"1","noted":false,"rarity":"0.02","rolls":1},{"id":157,"name":"super strength(3)","quantity":"1","noted":false,"rarity":"0.02","rolls":1},{"id":11832,"name":"bandos chestplate","quantity":"1","noted":false,"rarity":"0.00","rolls":1},{"id":1025,"name":"right eye patch","quantity":"1","noted":false,"rarity":"0.17","rolls":1},{"id":2722,"name":"clue scroll (hard)","quantity":"1","noted":false,"rarity":"0.01","rolls":1},{"id":6801,"name":"goblin champion scroll","quantity":"1","noted":false,"rarity":"0.00","rolls":1},{"id":11834,"name":"bandos tassets","quantity":"1","noted":false,"rarity":"0.00","rolls":1},{"id":11836,"name":"bandos boots","quantity":"1","noted":false,"rarity":"0.00","rolls":1},{"id":995,"name":"coins","quantity":"1400-1500","noted":false,"rarity":"0.01","rolls":1},{"id":11818,"name":"godsword shard 1","quantity":"1","noted":false,"rarity":"0.00","rolls":1},{"id":11820,"name":"godsword shard 2","quantity":"1","noted":false,"rarity":"0.00","rolls":1},{"id":11822,"name":"godsword shard 3","quantity":"1","noted":false,"rarity":"0.00","rolls":1},{"id":995,"name":"coins","quantity":"1400-1500","noted":false,"rarity":"0.01","rolls":1}]}