{"name":"cyclops","combat_level":81,"size":2,"hitpoints":110,"max_hit":12,"attack_type":["crush"],"attack_speed":6,"aggressive":true,"poisonous":false,"venomous":false,"immune_poison":false,"immune_venom":false,"attributes":[],"category":["hill giants"],"slayer_monster":true,"slayer_level":1,"slayer_xp":"110.00","slayer_masters":["mazchna","vannaka"],"attack_level":60,"strength_level":70,"defence_level":48,"magic_level":1,"ranged_level":1,"attack_bonus":22,"strength_bonus":30,"attack_magic":0,"magic_bonus":0,"attack_ranged":0,"ranged_bonus":0,"defence_stab":0,"defence_slash":0,"defence_crush":0,"defence_magic":0,"defence_ranged":0,"drops":[{"id":1311,"name":"steel 2h sword","quantity":"1","noted":false,"rarity":"0.02","rolls":1},{"id":1295,"name":"steel longsword","quantity":"1","noted":false,"rarity":"0.02","rolls":1},{"id":1141,"name":"steel med helm","quantity":"1","noted":false,"rarity":"0.02","rolls":1},{"id":1313,"name":"black 2h sword","quantity":"1","noted":false,"rarity":"0.01","rolls":1},{"id":1209,"name":"mithril dagger","quantity":"1","noted":false,"rarity":"0.01","rolls":1},{"id":1299,"name":"mithril longsword","quantity":"1","noted":false,"rarity":"0.01","rolls":1},{"id":1430,"name":"adamant mace","quantity":"1","noted":false,"rarity":"0.01","rolls":1},{"id":1283,"name":"black sword","quantity":"1","noted":false,"rarity":"0.01","rolls":1},{"id":1297,"name":"black longsword","quantity":"1","noted":false,"rarity":"0.01","rolls":1},{"id":1217,"name":"black dagger","quantity":"1","noted":false,"rarity":"0.01","rolls":1},{"id":869,"name":"black knife","quantity":"4-13","noted":false,"rarity":"0.16","rolls":1},{"id":1317,"name":"adamant 2h sword","quantity":"1","noted":false,"rarity":"0.01","rolls":1},{"id":1105,"name":"steel chainbody","quantity":"1","noted":false,"rarity":"0.02","rolls":1},{"id":1309,"name":"iron 2h sword","quantity":"1","noted":false,"rarity":"0.02","rolls":1},{"id":1101,"name":"iron chainbody","quantity":"1","noted":false,"rarity":"0.02","rolls":1},{"id":1207,"name":"steel dagger","quantity":"1","noted":false,"rarity":"0.02","rolls":1},{"id":1424,"name":"steel mace","quantity":"1","noted":false,"rarity":"0.02","rolls":1},{"id":1281,"name":"steel sword","quantity":"1","noted":false,"rarity":"0.02","rolls":1},{"id":19677,"name":"ancient shard","quantity":"1","noted":false,"rarity":"0.00","rolls":1},{"id":19679,"name":"dark totem base","quantity":"1","noted":false,"rarity":"0.00","rolls":1},{"id":19681,"name":"dark totem middle","quantity":"1","noted":false,"rarity":"0.00","rolls":1},{"id":19683,"name":"dark totem top","quantity":"1","noted":false,"rarity":"0.00","rolls":1},{"id":1365,"name":"steel battleaxe","quantity":"1","noted":false,"rarity":"0.02","rolls":1}]}