{"name":"ork","combat_level":107,"size":1,"hitpoints":110,"max_hit":12,"attack_type":["crush"],"attack_speed":5,"aggressive":true,"poisonous":false,"venomous":false,"immune_poison":false,"immune_venom":false,"attributes":[],"category":[],"slayer_monster":false,"slayer_level":null,"slayer_xp":null,"slayer_masters":[],"attack_level":100,"strength_level":100,"defence_level":60,"magic_level":1,"ranged_level":1,"attack_bonus":19,"strength_bonus":4,"attack_magic":0,"magic_bonus":0,"attack_ranged":0,"ranged_bonus":0,"defence_stab":12,"defence_slash":14,"defence_crush":13,"defence_magic":5,"defence_ranged":13,"drops":[{"id":526,"name":"bones","quantity":"1","noted":false,"rarity":"1.00","rolls":1},{"id":1420,"name":"iron mace","quantity":"1","noted":false,"rarity":"0.04","rolls":1},{"id":1323,"name":"iron scimitar","quantity":"1","noted":false,"rarity":"0.04","rolls":1},{"id":1353,"name":"steel axe","quantity":"1","noted":false,"rarity":"0.04","rolls":1},{"id":1207,"name":"steel dagger","quantity":"1","noted":false,"rarity":"0.04","rolls":1},{"id":1424,"name":"steel mace","quantity":"1","noted":false,"rarity":"0.04","rolls":1},{"id":1239,"name":"iron spear","quantity":"1","noted":false,"rarity":"0.03","rolls":1},{"id":1321,"name":"bronze scimitar","quantity":"1","noted":false,"rarity":"0.01","rolls":1},{"id":1139,"name":"bronze med helm","quantity":"1","noted":false,"rarity":"0.04","rolls":1},{"id":1155,"name":"bronze full helm","quantity":"1","noted":false,"rarity":"0.04","rolls":1},{"id":1075,"name":"bronze platelegs","quantity":"1","noted":false,"rarity":"0.04","rolls":1},{"id":1307,"name":"bronze 2h sword","quantity":"1","noted":false,"rarity":"0.04","rolls":1},{"id":1101,"name":"iron chainbody","quantity":"1","noted":false,"rarity":"0.04","rolls":1},{"id":1141,"name":"steel med helm","quantity":"1","noted":false,"rarity":"0.04","rolls":1},{"id":995,"name":"coins","quantity":"10","noted":false,"rarity":"0.06","rolls":1},{"id":995,"name":"coins","quantity":"5","noted":false,"rarity":"0.04","rolls":1},{"id":995,"name":"coins","quantity":"8","noted":false,"rarity":"0.04","rolls":1},{"id":995,"name":"coins","quantity":"12","noted":false,"rarity":"0.04","rolls":1},{"id":995,"name":"coins","quantity":"23","noted":false,"rarity":"0.04","rolls":1},{"id":946,"name":"knife","quantity":"1","noted":false,"rarity":"0.04","rolls":1},{"id":11941,"name":"looting bag","quantity":"1","noted":false,"rarity":"0.33","rolls":1},{"id":11942,"name":"ecumenical key","quantity":"1","noted":false,"rarity":"0.02","rolls":1},{"id":1375,"name":"bronze battleaxe","quantity":"1","noted":false,"rarity":"0.04","rolls":1},{"id":2677,"name":"clue scroll (easy)","quantity":"1","noted":false,"rarity":"0.01","rolls":1},{"id":2722,"name":"clue scroll (hard)","quantity":"1","noted":false,"rarity":"0.01","rolls":1},{"id":806,"name":"bronze dart","quantity":"2","noted":false,"rarity":"0.04","rolls":1},{"id":3190,"name":"bronze halberd","quantity":"1","noted":false,"rarity":"0.04","rolls":1},{"id":1321,"name":"bronze scimitar","quantity":"1","noted":false,"rarity":"0.04","rolls":1},{"id":1337,"name":"bronze warhammer","quantity":"1","noted":false,"rarity":"0.04","rolls":1},{"id":807,"name":"iron dart","quantity":"2","noted":false,"rarity":"0.04","rolls":1},{"id":1293,"name":"iron longsword","quantity":"1","noted":false,"rarity":"0.04","rolls":1}]}