{"name":"hobgoblin","combat_level":47,"size":1,"hitpoints":52,"max_hit":5,"attack_type":["crush"],"attack_speed":4,"aggressive":true,"poisonous":false,"venomous":false,"immune_poison":false,"immune_venom":false,"attributes":[],"category":["hobgoblins"],"slayer_monster":true,"slayer_level":1,"slayer_xp":"52.00","slayer_masters":["mazchna","vannaka"],"attack_level":39,"strength_level":39,"defence_level":35,"magic_level":1,"ranged_level":1,"attack_bonus":0,"strength_bonus":0,"attack_magic":0,"magic_bonus":0,"attack_ranged":0,"ranged_bonus":0,"defence_stab":0,"defence_slash":0,"defence_crush":0,"defence_magic":0,"defence_ranged":0,"drops":[{"id":1623,"name":"uncut sapphire","quantity":"1","noted":false,"rarity":"0.00","rolls":1},{"id":1621,"name":"uncut emerald","quantity":"1","noted":false,"rarity":"0.00","rolls":1},{"id":1619,"name":"uncut ruby","quantity":"1","noted":false,"rarity":"0.00","rolls":1},{"id":1452,"name":"chaos talisman","quantity":"1","noted":false,"rarity":"0.00","rolls":1},{"id":1462,"name":"nature talisman","quantity":"1","noted":false,"rarity":"0.00","rolls":1},{"id":1617,"name":"uncut diamond","quantity":"1","noted":false,"rarity":"0.00","rolls":1},{"id":830,"name":"rune javelin","quantity":"5","noted":false,"rarity":"0.00","rolls":1},{"id":987,"name":"loop half of key","quantity":"1","noted":false,"rarity":"0.00","rolls":1},{"id":985,"name":"tooth half of key","quantity":"1","noted":false,"rarity":"0.00","rolls":1},{"id":1247,"name":"rune spear","quantity":"1","noted":false,"rarity":"0.00","rolls":1},{"id":2366,"name":"shield left half","quantity":"1","noted":false,"rarity":"0.00","rolls":1},{"id":1249,"name":"dragon spear","quantity":"1","noted":false,"rarity":"0.00","rolls":1},{"id":526,"name":"bones","quantity":"1","noted":false,"rarity":"1.00","rolls":1},{"id":554,"name":"fire rune","quantity":"7","noted":false,"rarity":"0.02","rolls":1},{"id":5282,"name":"mushroom spore","quantity":"1","noted":false,"rarity":"0.00","rolls":1},{"id":5296,"name":"toadflax seed","quantity":"1","noted":false,"rarity":"0.00","rolls":1},{"id":5281,"name":"belladonna seed","quantity":"1","noted":false,"rarity":"0.00","rolls":1},{"id":5297,"name":"irit seed","quantity":"1","noted":false,"rarity":"0.00","rolls":1},{"id":5106,"name":"poison ivy seed","quantity":"1","noted":false,"rarity":"0.00","rolls":1},{"id":5298,"name":"avantoe seed","quantity":"1","noted":false,"rarity":"0.00","rolls":1},{"id":5280,"name":"cactus seed","quantity":"1","noted":false,"rarity":"0.00","rolls":1},{"id":5299,"name":"kwuarm seed","quantity":"1","noted":false,"rarity":"0.00","rolls":1},{"id":22873,"name":"potato cactus seed","quantity":"1","noted":false,"rarity":"0.00","rolls":1},{"id":5300,"name":"snapdragon seed","quantity":"1","noted":false,"rarity":"0.00","rolls":1},{"id":559,"name":"body rune","quantity":"6","noted":false,"rarity":"0.02","rolls":1},{"id":5301,"name":"cadantine seed","quantity":"1","noted":false,"rarity":"0.00","rolls":1},{"id":5302,"name":"lantadyme seed","quantity":"1","noted":false,"rarity":"0.00","rolls":1},{"id":5303,"name":"dwarf weed seed","quantity":"1","noted":false,"rarity":"0.00","rolls":1},{"id":5304,"name":"torstol seed","quantity":"1","noted":false,"rarity":"0.00","rolls":1},{"id":995,"name":"coins","quantity":"15","noted":false,"rarity":"0.27","rolls":1},{"id":995,"name":"coins","quantity":"5","noted":false,"rarity":"0.19","rolls":1},{"id":995,"name":"coins","quantity":"10","noted":false,"rarity":"0.05","rolls":1},{"id":995,"name":"coins","quantity":"28","noted":false,"rarity":"0.03","rolls":1},{"id":995,"name":"coins","quantity":"62","noted":false,"rarity":"0.03","rolls":1},{"id":995,"name":"coins","quantity":"42","noted":false,"rarity":"0.02","rolls":1},{"id":562,"name":"chaos rune","quantity":"3","noted":false,"rarity":"0.02","rolls":1},{"id":995,"name":"coins","quantity":"1","noted":false,"rarity":"0.02","rolls":1},{"id":995,"name":"coins","quantity":"1","noted":false,"rarity":"0.01","rolls":1},{"id":225,"name":"limpwurt root","quantity":"1","noted":false,"rarity":"0.16","rolls":1},{"id":288,"name":"goblin mail","quantity":"1","noted":false,"rarity":"0.04","rolls":1},{"id":561,"name":"nature rune","quantity":"4","noted":false,"rarity":"0.02","rolls":1},{"id":11941,"name":"looting bag","quantity":"1","noted":false,"rarity":"0.33","rolls":1},{"id":11942,"name":"ecumenical key","quantity":"1","noted":false,"rarity":"0.02","rolls":1},{"id":23182,"name":"clue scroll (beginner)","quantity":"1","noted":false,"rarity":"0.01","rolls":1},{"id":6802,"name":"hobgoblin champion scroll","quantity":"1","noted":false,"rarity":"0.00","rolls":1},{"id":564,"name":"cosmic rune","quantity":"2","noted":false,"rarity":"0.01","rolls":1},{"id":199,"name":"grimy guam leaf","quantity":"1","noted":false,"rarity":"0.01","rolls":1},{"id":201,"name":"grimy marrentill","quantity":"1","noted":false,"rarity":"0.01","rolls":1},{"id":203,"name":"grimy tarromin","quantity":"1","noted":false,"rarity":"0.01","rolls":1},{"id":205,"name":"grimy harralander","quantity":"1","noted":false,"rarity":"0.01","rolls":1},{"id":207,"name":"grimy ranarr weed","quantity":"1","noted":false,"rarity":"0.00","rolls":1},{"id":1237,"name":"bronze spear","quantity":"1","noted":false,"rarity":"0.02","rolls":1},{"id":209,"name":"grimy irit leaf","quantity":"1","noted":false,"rarity":"0.00","rolls":1},{"id":211,"name":"grimy avantoe","quantity":"1","noted":false,"rarity":"0.00","rolls":1},{"id":213,"name":"grimy kwuarm","quantity":"1","noted":false,"rarity":"0.00","rolls":1},{"id":215,"name":"grimy cadantine","quantity":"1","noted":false,"rarity":"0.00","rolls":1},{"id":2485,"name":"grimy lantadyme","quantity":"1","noted":false,"rarity":"0.00","rolls":1},{"id":217,"name":"grimy dwarf weed","quantity":"1","noted":false,"rarity":"0.00","rolls":1},{"id":5318,"name":"potato seed","quantity":"4","noted":false,"rarity":"0.05","rolls":1},{"id":5319,"name":"onion seed","quantity":"4","noted":false,"rarity":"0.04","rolls":1},{"id":5324,"name":"cabbage seed","quantity":"4","noted":false,"rarity":"0.03","rolls":1},{"id":5322,"name":"tomato seed","quantity":"3","noted":false,"rarity":"0.01","rolls":1},{"id":1279,"name":"iron sword","quantity":"1","noted":false,"rarity":"0.02","rolls":1},{"id":5320,"name":"sweetcorn seed","quantity":"3","noted":false,"rarity":"0.01","rolls":1},{"id":5323,"name":"strawberry seed","quantity":"2","noted":false,"rarity":"0.00","rolls":1},{"id":5321,"name":"watermelon seed","quantity":"2","noted":false,"rarity":"0.00","rolls":1},{"id":22879,"name":"snape grass seed","quantity":"2","noted":false,"rarity":"0.00","rolls":1},{"id":995,"name":"coins","quantity":"5","noted":false,"rarity":"0.14","rolls":1},{"id":995,"name":"coins","quantity":"15","noted":false,"rarity":"0.13","rolls":1},{"id":995,"name":"coins","quantity":"28","noted":false,"rarity":"0.13","rolls":1},{"id":995,"name":"coins","quantity":"5","noted":false,"rarity":"0.09","rolls":1},{"id":995,"name":"coins","quantity":"10","noted":false,"rarity":"0.05","rolls":1},{"id":995,"name":"coins","quantity":"62","noted":false,"rarity":"0.03","rolls":1},{"id":1207,"name":"steel dagger","quantity":"1","noted":false,"rarity":"0.02","rolls":1},{"id":995,"name":"coins","quantity":"42","noted":false,"rarity":"0.02","rolls":1},{"id":995,"name":"coins","quantity":"1","noted":false,"rarity":"0.01","rolls":1},{"id":6306,"name":"trading sticks","quantity":"1","noted":false,"rarity":"0.01","rolls":1},{"id":6306,"name":"trading sticks","quantity":"5","noted":false,"rarity":"0.09","rolls":1},{"id":6306,"name":"trading sticks","quantity":"15","noted":false,"rarity":"0.13","rolls":1},{"id":6306,"name":"trading sticks","quantity":"28","noted":false,"rarity":"0.13","rolls":1},{"id":6306,"name":"trading sticks","quantity":"42","noted":false,"rarity":"0.02","rolls":1},{"id":6306,"name":"trading sticks","quantity":"62","noted":false,"rarity":"0.03","rolls":1},{"id":225,"name":"limpwurt root","quantity":"1","noted":false,"rarity":"0.17","rolls":1},{"id":288,"name":"goblin mail","quantity":"1","noted":false,"rarity":"0.04","rolls":1},{"id":1239,"name":"iron spear","quantity":"1","noted":false,"rarity":"0.02","rolls":1},{"id":1241,"name":"steel spear","quantity":"1","noted":false,"rarity":"0.02","rolls":1},{"id":11941,"name":"looting bag","quantity":"1","noted":false,"rarity":"0.20","rolls":1},{"id":11942,"name":"ecumenical key","quantity":"1","noted":false,"rarity":"0.02","rolls":1},{"id":23182,"name":"clue scroll (beginner)","quantity":"1","noted":false,"rarity":"0.01","rolls":1},{"id":6802,"name":"hobgoblin champion scroll","quantity":"1","noted":false,"rarity":"0.00","rolls":1},{"id":526,"name":"bones","quantity":"1","noted":false,"rarity":"1.00","rolls":1},{"id":1279,"name":"iron sword","quantity":"1","noted":false,"rarity":"0.02","rolls":1},{"id":1207,"name":"steel dagger","quantity":"1","noted":false,"rarity":"0.02","rolls":1},{"id":1295,"name":"steel longsword","quantity":"1","noted":false,"rarity":"0.01","rolls":1},{"id":1295,"name":"steel longsword","quantity":"1","noted":false,"rarity":"0.01","rolls":1},{"id":563,"name":"law rune","quantity":"2","noted":false,"rarity":"0.02","rolls":1},{"id":555,"name":"water rune","quantity":"2","noted":false,"rarity":"0.02","rolls":1},{"id":554,"name":"fire rune","quantity":"7","noted":false,"rarity":"0.02","rolls":1},{"id":559,"name":"body rune","quantity":"6","noted":false,"rarity":"0.02","rolls":1},{"id":562,"name":"chaos rune","quantity":"3","noted":false,"rarity":"0.02","rolls":1},{"id":561,"name":"nature rune","quantity":"4","noted":false,"rarity":"0.02","rolls":1},{"id":564,"name":"cosmic rune","quantity":"2","noted":false,"rarity":"0.01","rolls":1},{"id":826,"name":"iron javelin","quantity":"5","noted":false,"rarity":"0.01","rolls":1},{"id":199,"name":"grimy guam leaf","quantity":"1","noted":false,"rarity":"0.01","rolls":1},{"id":201,"name":"grimy marrentill","quantity":"1","noted":false,"rarity":"0.01","rolls":1},{"id":563,"name":"law rune","quantity":"2","noted":false,"rarity":"0.02","rolls":1},{"id":203,"name":"grimy tarromin","quantity":"1","noted":false,"rarity":"0.01","rolls":1},{"id":205,"name":"grimy harralander","quantity":"1","noted":false,"rarity":"0.01","rolls":1},{"id":207,"name":"grimy ranarr weed","quantity":"1","noted":false,"rarity":"0.00","rolls":1},{"id":209,"name":"grimy irit leaf","quantity":"1","noted":false,"rarity":"0.00","rolls":1},{"id":211,"name":"grimy avantoe","quantity":"1","noted":false,"rarity":"0.00","rolls":1},{"id":213,"name":"grimy kwuarm","quantity":"1","noted":false,"rarity":"0.00","rolls":1},{"id":215,"name":"grimy cadantine","quantity":"1","noted":false,"rarity":"0.00","rolls":1},{"id":2485,"name":"grimy lantadyme","quantity":"1","noted":false,"rarity":"0.00","rolls":1},{"id":217,"name":"grimy dwarf weed","quantity":"1","noted":false,"rarity":"0.00","rolls":1},{"id":5100,"name":"limpwurt seed","quantity":"1","noted":false,"rarity":"0.01","rolls":1},{"id":555,"name":"water rune","quantity":"2","noted":false,"rarity":"0.02","rolls":1},{"id":5323,"name":"strawberry seed","quantity":"1","noted":false,"rarity":"0.01","rolls":1},{"id":5292,"name":"marrentill seed","quantity":"1","noted":false,"rarity":"0.01","rolls":1},{"id":5104,"name":"jangerberry seed","quantity":"1","noted":false,"rarity":"0.01","rolls":1},{"id":5293,"name":"tarromin seed","quantity":"1","noted":false,"rarity":"0.01","rolls":1},{"id":5311,"name":"wildblood seed","quantity":"1","noted":false,"rarity":"0.01","rolls":1},{"id":5321,"name":"watermelon seed","quantity":"1","noted":false,"rarity":"0.01","rolls":1},{"id":5294,"name":"harralander seed","quantity":"1","noted":false,"rarity":"0.01","rolls":1},{"id":22879,"name":"snape grass seed","quantity":"1","noted":false,"rarity":"0.00","rolls":1},{"id":5295,"name":"ranarr seed","quantity":"1","noted":false,"rarity":"0.00","rolls":1},{"id":5105,"name":"whiteberry seed","quantity":"1","noted":false,"rarity":"0.00","rolls":1}]}