{"name":"spiritual mage","combat_level":121,"size":1,"hitpoints":106,"max_hit":15,"attack_type":["magic"],"attack_speed":5,"aggressive":false,"poisonous":false,"venomous":false,"immune_poison":false,"immune_venom":false,"attributes":["spectral"],"category":["spiritual creatures"],"slayer_monster":true,"slayer_level":83,"slayer_xp":"106.00","slayer_masters":["krystilia","vannaka","chaeldar","nieve","duradel"],"attack_level":1,"strength_level":1,"defence_level":103,"magic_level":142,"ranged_level":1,"attack_bonus":0,"strength_bonus":0,"attack_magic":0,"magic_bonus":0,"attack_ranged":0,"ranged_bonus":0,"defence_stab":12,"defence_slash":14,"defence_crush":13,"defence_magic":35,"defence_ranged":13,"drops":[{"id":1623,"name":"uncut sapphire","quantity":"1","noted":false,"rarity":"0.00","rolls":1},{"id":1621,"name":"uncut emerald","quantity":"1","noted":false,"rarity":"0.00","rolls":1},{"id":1619,"name":"uncut ruby","quantity":"1","noted":false,"rarity":"0.00","rolls":1},{"id":1452,"name":"chaos talisman","quantity":"1","noted":false,"rarity":"0.00","rolls":1},{"id":1462,"name":"nature talisman","quantity":"1","noted":false,"rarity":"0.00","rolls":1},{"id":1617,"name":"uncut diamond","quantity":"1","noted":false,"rarity":"0.00","rolls":1},{"id":830,"name":"rune javelin","quantity":"5","noted":false,"rarity":"0.00","rolls":1},{"id":987,"name":"loop half of key","quantity":"1","noted":false,"rarity":"0.00","rolls":1},{"id":985,"name":"tooth half of key","quantity":"1","noted":false,"rarity":"0.00","rolls":1},{"id":1247,"name":"rune spear","quantity":"1","noted":false,"rarity":"0.00","rolls":1},{"id":2366,"name":"shield left half","quantity":"1","noted":false,"rarity":"0.00","rolls":1},{"id":1249,"name":"dragon spear","quantity":"1","noted":false,"rarity":"0.00","rolls":1},{"id":11840,"name":"dragon boots","quantity":"1","noted":false,"rarity":"0.01","rolls":1},{"id":562,"name":"chaos rune","quantity":"10","noted":false,"rarity":"0.14","rolls":1},{"id":9075,"name":"astral rune","quantity":"15","noted":false,"rarity":"0.07","rolls":1},{"id":560,"name":"death rune","quantity":"15","noted":false,"rarity":"0.06","rolls":1},{"id":561,"name":"nature rune","quantity":"25","noted":false,"rarity":"0.05","rolls":1},{"id":558,"name":"mind rune","quantity":"50","noted":false,"rarity":"0.03","rolls":1},{"id":561,"name":"nature rune","quantity":"18","noted":false,"rarity":"0.03","rolls":1},{"id":559,"name":"body rune","quantity":"35","noted":false,"rarity":"0.02","rolls":1},{"id":563,"name":"law rune","quantity":"15","noted":false,"rarity":"0.02","rolls":1},{"id":559,"name":"body rune","quantity":"25","noted":false,"rarity":"0.02","rolls":1},{"id":565,"name":"blood rune","quantity":"10","noted":false,"rarity":"0.02","rolls":1},{"id":556,"name":"air rune","quantity":"30","noted":false,"rarity":"0.07","rolls":1},{"id":562,"name":"chaos rune","quantity":"25","noted":false,"rarity":"0.01","rolls":1},{"id":7936,"name":"pure essence","quantity":"90","noted":true,"rarity":"0.05","rolls":1},{"id":175,"name":"antipoison(3)","quantity":"5","noted":true,"rarity":"0.04","rolls":1},{"id":555,"name":"water rune","quantity":"15","noted":false,"rarity":"0.06","rolls":1},{"id":11941,"name":"looting bag","quantity":"1","noted":false,"rarity":"0.33","rolls":1},{"id":11942,"name":"ecumenical key","quantity":"1","noted":false,"rarity":"0.02","rolls":1},{"id":2722,"name":"clue scroll (hard)","quantity":"1","noted":false,"rarity":"0.01","rolls":1},{"id":23490,"name":"larran's key","quantity":"1","noted":false,"rarity":"0.01","rolls":1},{"id":21257,"name":"slayer's enchantment","quantity":"1","noted":false,"rarity":"0.00","rolls":1},{"id":555,"name":"water rune","quantity":"50","noted":false,"rarity":"0.05","rolls":1},{"id":556,"name":"air rune","quantity":"50","noted":false,"rarity":"0.02","rolls":1},{"id":554,"name":"fire rune","quantity":"65","noted":false,"rarity":"0.02","rolls":1},{"id":4696,"name":"dust rune","quantity":"15","noted":false,"rarity":"0.09","rolls":1},{"id":4698,"name":"mud rune","quantity":"20","noted":false,"rarity":"0.05","rolls":1},{"id":4695,"name":"mist rune","quantity":"20","noted":false,"rarity":"0.05","rolls":1}]}