{"name":"goblin","combat_level":12,"size":1,"hitpoints":3,"max_hit":2,"attack_type":["crush"],"attack_speed":5,"aggressive":false,"poisonous":false,"venomous":false,"immune_poison":false,"immune_venom":false,"attributes":[],"category":["goblins"],"slayer_monster":true,"slayer_level":1,"slayer_xp":"3.00","slayer_masters":["turael","spria"],"attack_level":15,"strength_level":6,"defence_level":19,"magic_level":1,"ranged_level":1,"attack_bonus":0,"strength_bonus":0,"attack_magic":0,"magic_bonus":0,"attack_ranged":0,"ranged_bonus":0,"defence_stab":0,"defence_slash":0,"defence_crush":0,"defence_magic":0,"defence_ranged":0,"drops":[{"id":526,"name":"bones","quantity":"1","noted":false,"rarity":"1.00","rolls":1},{"id":995,"name":"coins","quantity":"15","noted":false,"rarity":"0.02","rolls":1},{"id":995,"name":"coins","quantity":"20","noted":false,"rarity":"0.02","rolls":1},{"id":995,"name":"coins","quantity":"1","noted":false,"rarity":"0.01","rolls":1},{"id":2347,"name":"hammer","quantity":"1","noted":false,"rarity":"0.12","rolls":1},{"id":10999,"name":"goblin book","quantity":"1","noted":false,"rarity":"0.02","rolls":1},{"id":288,"name":"goblin mail","quantity":"1","noted":false,"rarity":"0.04","rolls":1},{"id":1949,"name":"chef's hat","quantity":"1","noted":false,"rarity":"0.02","rolls":1},{"id":1917,"name":"beer","quantity":"1","noted":false,"rarity":"0.02","rolls":1},{"id":1009,"name":"brass necklace","quantity":"1","noted":false,"rarity":"0.01","rolls":1},{"id":1438,"name":"air talisman","quantity":"1","noted":false,"rarity":"0.01","rolls":1},{"id":1173,"name":"bronze sq shield","quantity":"1","noted":false,"rarity":"0.02","rolls":1},{"id":7812,"name":"goblin skull","quantity":"1","noted":false,"rarity":"0.25","rolls":1},{"id":13447,"name":"ensouled goblin head","quantity":"1","noted":false,"rarity":"0.03","rolls":1},{"id":11942,"name":"ecumenical key","quantity":"1","noted":false,"rarity":"0.02","rolls":1},{"id":23182,"name":"clue scroll (beginner)","quantity":"1","noted":false,"rarity":"0.02","rolls":1},{"id":2677,"name":"clue scroll (easy)","quantity":"1","noted":false,"rarity":"0.01","rolls":1},{"id":6801,"name":"goblin champion scroll","quantity":"1","noted":false,"rarity":"0.00","rolls":1},{"id":1237,"name":"bronze spear","quantity":"1","noted":false,"rarity":"0.03","rolls":1},{"id":559,"name":"body rune","quantity":"7","noted":false,"rarity":"0.04","rolls":1},{"id":555,"name":"water rune","quantity":"6","noted":false,"rarity":"0.05","rolls":1},{"id":557,"name":"earth rune","quantity":"4","noted":false,"rarity":"0.02","rolls":1},{"id":877,"name":"bronze bolts","quantity":"8","noted":false,"rarity":"0.02","rolls":1},{"id":995,"name":"coins","quantity":"5","noted":false,"rarity":"0.22","rolls":1},{"id":995,"name":"coins","quantity":"9","noted":false,"rarity":"0.02","rolls":1}]}