{"name":"dagannoth","combat_level":88,"size":1,"hitpoints":85,"max_hit":19,"attack_type":["ranged"],"attack_speed":3,"aggressive":true,"poisonous":false,"venomous":false,"immune_poison":false,"immune_venom":false,"attributes":[],"category":["dagannoth"],"slayer_monster":true,"slayer_level":1,"slayer_xp":"85.00","slayer_masters":["vannaka","chaeldar","konar","nieve","duradel"],"attack_level":10,"strength_level":10,"defence_level":75,"magic_level":1,"ranged_level":100,"attack_bonus":0,"strength_bonus":0,"attack_magic":0,"magic_bonus":0,"attack_ranged":0,"ranged_bonus":0,"defence_stab":10,"defence_slash":10,"defence_crush":90,"defence_magic":200,"defence_ranged":150,"drops":[]}