{"name":"giant rock crab","combat_level":137,"size":2,"hitpoints":180,"max_hit":9,"attack_type":["crush"],"attack_speed":4,"aggressive":true,"poisonous":false,"venomous":false,"immune_poison":false,"immune_venom":false,"attributes":[],"category":[],"slayer_monster":false,"slayer_level":null,"slayer_xp":null,"slayer_masters":[],"attack_level":50,"strength_level":80,"defence_level":200,"magic_level":1,"ranged_level":1,"attack_bonus":0,"strength_bonus":0,"attack_magic":0,"magic_bonus":0,"attack_ranged":0,"ranged_bonus":0,"defence_stab":225,"defence_slash":200,"defence_crush":175,"defence_magic":-10,"defence_ranged":250,"drops":[{"id":1623,"name":"uncut sapphire","quantity":"1","noted":false,"rarity":"0.00","rolls":1},{"id":1621,"name":"uncut emerald","quantity":"1","noted":false,"rarity":"0.00","rolls":1},{"id":1619,"name":"uncut ruby","quantity":"1","noted":false,"rarity":"0.00","rolls":1},{"id":1452,"name":"chaos talisman","quantity":"1","noted":false,"rarity":"0.00","rolls":1},{"id":1462,"name":"nature talisman","quantity":"1","noted":false,"rarity":"0.00","rolls":1},{"id":1617,"name":"uncut diamond","quantity":"1","noted":false,"rarity":"0.00","rolls":1},{"id":830,"name":"rune javelin","quantity":"5","noted":false,"rarity":"0.00","rolls":1},{"id":987,"name":"loop half of key","quantity":"1","noted":false,"rarity":"0.00","rolls":1},{"id":985,"name":"tooth half of key","quantity":"1","noted":false,"rarity":"0.00","rolls":1},{"id":1247,"name":"rune spear","quantity":"1","noted":false,"rarity":"0.00","rolls":1},{"id":2366,"name":"shield left half","quantity":"1","noted":false,"rarity":"0.00","rolls":1},{"id":1249,"name":"dragon spear","quantity":"1","noted":false,"rarity":"0.00","rolls":1},{"id":526,"name":"bones","quantity":"1","noted":false,"rarity":"1.00","rolls":1},{"id":555,"name":"water rune","quantity":"1-40","noted":false,"rarity":"0.08","rolls":1},{"id":557,"name":"earth rune","quantity":"1-40","noted":false,"rarity":"0.08","rolls":1},{"id":199,"name":"grimy guam leaf","quantity":"1","noted":false,"rarity":"0.02","rolls":1},{"id":201,"name":"grimy marrentill","quantity":"1","noted":false,"rarity":"0.01","rolls":1},{"id":203,"name":"grimy tarromin","quantity":"1","noted":false,"rarity":"0.01","rolls":1},{"id":205,"name":"grimy harralander","quantity":"1","noted":false,"rarity":"0.01","rolls":1},{"id":207,"name":"grimy ranarr weed","quantity":"1","noted":false,"rarity":"0.01","rolls":1},{"id":209,"name":"grimy irit leaf","quantity":"1","noted":false,"rarity":"0.00","rolls":1},{"id":211,"name":"grimy avantoe","quantity":"1","noted":false,"rarity":"0.00","rolls":1},{"id":213,"name":"grimy kwuarm","quantity":"1","noted":false,"rarity":"0.00","rolls":1},{"id":1119,"name":"steel platebody","quantity":"1","noted":false,"rarity":"0.04","rolls":1},{"id":215,"name":"grimy cadantine","quantity":"1","noted":false,"rarity":"0.00","rolls":1},{"id":2485,"name":"grimy lantadyme","quantity":"1","noted":false,"rarity":"0.00","rolls":1},{"id":217,"name":"grimy dwarf weed","quantity":"1","noted":false,"rarity":"0.00","rolls":1},{"id":5296,"name":"toadflax seed","quantity":"1","noted":false,"rarity":"0.00","rolls":1},{"id":5297,"name":"irit seed","quantity":"1","noted":false,"rarity":"0.00","rolls":1},{"id":5281,"name":"belladonna seed","quantity":"1","noted":false,"rarity":"0.00","rolls":1},{"id":5106,"name":"poison ivy seed","quantity":"1","noted":false,"rarity":"0.00","rolls":1},{"id":5298,"name":"avantoe seed","quantity":"1","noted":false,"rarity":"0.00","rolls":1},{"id":5280,"name":"cactus seed","quantity":"1","noted":false,"rarity":"0.00","rolls":1},{"id":22873,"name":"potato cactus seed","quantity":"1","noted":false,"rarity":"0.00","rolls":1},{"id":3098,"name":"black claws","quantity":"1","noted":false,"rarity":"0.04","rolls":1},{"id":5299,"name":"kwuarm seed","quantity":"1","noted":false,"rarity":"0.00","rolls":1},{"id":5300,"name":"snapdragon seed","quantity":"1","noted":false,"rarity":"0.00","rolls":1},{"id":5301,"name":"cadantine seed","quantity":"1","noted":false,"rarity":"0.00","rolls":1},{"id":5302,"name":"lantadyme seed","quantity":"1","noted":false,"rarity":"0.00","rolls":1},{"id":22879,"name":"snape grass seed","quantity":"3","noted":false,"rarity":"0.00","rolls":1},{"id":5303,"name":"dwarf weed seed","quantity":"1","noted":false,"rarity":"0.00","rolls":1},{"id":5304,"name":"torstol seed","quantity":"1","noted":false,"rarity":"0.00","rolls":1},{"id":1438,"name":"air talisman","quantity":"1","noted":false,"rarity":"0.01","rolls":1},{"id":1446,"name":"body talisman","quantity":"1","noted":false,"rarity":"0.01","rolls":1},{"id":1440,"name":"earth talisman","quantity":"1","noted":false,"rarity":"0.01","rolls":1},{"id":1125,"name":"black platebody","quantity":"1","noted":false,"rarity":"0.04","rolls":1},{"id":1442,"name":"fire talisman","quantity":"1","noted":false,"rarity":"0.01","rolls":1},{"id":1448,"name":"mind talisman","quantity":"1","noted":false,"rarity":"0.01","rolls":1},{"id":1444,"name":"water talisman","quantity":"1","noted":false,"rarity":"0.01","rolls":1},{"id":1454,"name":"cosmic talisman","quantity":"1","noted":false,"rarity":"0.00","rolls":1},{"id":1452,"name":"chaos talisman","quantity":"1","noted":false,"rarity":"0.00","rolls":1},{"id":1462,"name":"nature talisman","quantity":"1","noted":false,"rarity":"0.00","rolls":1},{"id":995,"name":"coins","quantity":"1-140","noted":false,"rarity":"0.08","rolls":1},{"id":377,"name":"raw lobster","quantity":"1","noted":false,"rarity":"0.08","rolls":1},{"id":363,"name":"raw bass","quantity":"1","noted":false,"rarity":"0.08","rolls":1},{"id":590,"name":"tinderbox","quantity":"1","noted":false,"rarity":"0.08","rolls":1},{"id":1355,"name":"mithril axe","quantity":"1","noted":false,"rarity":"0.08","rolls":1},{"id":405,"name":"casket","quantity":"1","noted":false,"rarity":"0.02","rolls":1},{"id":6161,"name":"rock-shell splinter","quantity":"1","noted":false,"rarity":"0.02","rolls":1},{"id":6157,"name":"rock-shell chunk","quantity":"1","noted":false,"rarity":"0.02","rolls":1},{"id":6159,"name":"rock-shell shard","quantity":"1","noted":false,"rarity":"0.02","rolls":1},{"id":6151,"name":"rock-shell gloves","quantity":"1","noted":false,"rarity":"0.02","rolls":1},{"id":2801,"name":"clue scroll (medium)","quantity":"1","noted":false,"rarity":"0.01","rolls":1},{"id":6145,"name":"rock-shell boots","quantity":"1","noted":false,"rarity":"0.02","rolls":1},{"id":1341,"name":"black warhammer","quantity":"1","noted":false,"rarity":"0.04","rolls":1},{"id":1301,"name":"adamant longsword","quantity":"1","noted":false,"rarity":"0.04","rolls":1}]}