{"name":"dagannoth fledgeling","combat_level":70,"size":2,"hitpoints":100,"max_hit":6,"attack_type":["stab"],"attack_speed":4,"aggressive":false,"poisonous":false,"venomous":false,"immune_poison":false,"immune_venom":false,"attributes":[],"category":["dagannoth"],"slayer_monster":false,"slayer_level":null,"slayer_xp":"0.00","slayer_masters":[],"attack_level":50,"strength_level":50,"defence_level":50,"magic_level":1,"ranged_level":1,"attack_bonus":0,"strength_bonus":0,"attack_magic":0,"magic_bonus":0,"attack_ranged":0,"ranged_bonus":0,"defence_stab":0,"defence_slash":0,"defence_crush":0,"defence_magic":0,"defence_ranged":0,"drops":[{"id":526,"name":"bones","quantity":"1","noted":false,"rarity":"1.00","rolls":1},{"id":23083,"name":"brimstone key","quantity":"1","noted":false,"rarity":"0.00","rolls":1}]}