{"name":"dagannoth supreme","combat_level":303,"size":3,"hitpoints":255,"max_hit":30,"attack_type":["ranged"],"attack_speed":4,"aggressive":true,"poisonous":true,"venomous":false,"immune_poison":false,"immune_venom":false,"attributes":[],"category":["bosses","dagannoth"],"slayer_monster":true,"slayer_level":1,"slayer_xp":"255.00","slayer_masters":["vannaka","chaeldar","konar","nieve","duradel"],"attack_level":255,"strength_level":255,"defence_level":128,"magic_level":255,"ranged_level":255,"attack_bonus":0,"strength_bonus":0,"attack_magic":0,"magic_bonus":0,"attack_ranged":0,"ranged_bonus":0,"defence_stab":10,"defence_slash":10,"defence_crush":10,"defence_magic":255,"defence_ranged":550,"drops":[{"id":6729,"name":"dagannoth bones","quantity":"1","noted":false,"rarity":"1.00","rolls":1},{"id":3758,"name":"fremennik shield","quantity":"1","noted":false,"rarity":"0.01","rolls":1},{"id":3748,"name":"fremennik helm","quantity":"1","noted":false,"rarity":"0.01","rolls":1},{"id":6724,"name":"seercull","quantity":"1","noted":false,"rarity":"0.01","rolls":1},{"id":6739,"name":"dragon axe","quantity":"1","noted":false,"rarity":"0.01","rolls":1},{"id":3749,"name":"archer helm","quantity":"1","noted":false,"rarity":"0.01","rolls":1},{"id":6133,"name":"spined body","quantity":"1","noted":false,"rarity":"0.01","rolls":1},{"id":6135,"name":"spined chaps","quantity":"1","noted":false,"rarity":"0.01","rolls":1},{"id":6733,"name":"archers ring","quantity":"1","noted":false,"rarity":"0.01","rolls":1},{"id":886,"name":"steel arrow","quantity":"50-250","noted":false,"rarity":"0.04","rolls":1},{"id":9144,"name":"runite bolts","quantity":"2-12","noted":false,"rarity":"0.04","rolls":1},{"id":6155,"name":"dagannoth hide","quantity":"1","noted":false,"rarity":"1.00","rolls":1},{"id":884,"name":"iron arrow","quantity":"200-700","noted":false,"rarity":"0.03","rolls":1},{"id":5296,"name":"toadflax seed","quantity":"1","noted":false,"rarity":"0.01","rolls":1},{"id":5297,"name":"irit seed","quantity":"1","noted":false,"rarity":"0.01","rolls":1},{"id":5281,"name":"belladonna seed","quantity":"1","noted":false,"rarity":"0.01","rolls":1},{"id":5106,"name":"poison ivy seed","quantity":"1","noted":false,"rarity":"0.01","rolls":1},{"id":5298,"name":"avantoe seed","quantity":"1","noted":false,"rarity":"0.01","rolls":1},{"id":5280,"name":"cactus seed","quantity":"1","noted":false,"rarity":"0.00","rolls":1},{"id":22873,"name":"potato cactus seed","quantity":"1","noted":false,"rarity":"0.00","rolls":1},{"id":5299,"name":"kwuarm seed","quantity":"1","noted":false,"rarity":"0.00","rolls":1},{"id":5300,"name":"snapdragon seed","quantity":"1","noted":false,"rarity":"0.00","rolls":1},{"id":866,"name":"mithril knife","quantity":"25-50","noted":false,"rarity":"0.08","rolls":1},{"id":5301,"name":"cadantine seed","quantity":"1","noted":false,"rarity":"0.00","rolls":1},{"id":5302,"name":"lantadyme seed","quantity":"1","noted":false,"rarity":"0.00","rolls":1},{"id":22879,"name":"snape grass seed","quantity":"3","noted":false,"rarity":"0.00","rolls":1},{"id":5303,"name":"dwarf weed seed","quantity":"1","noted":false,"rarity":"0.00","rolls":1},{"id":5304,"name":"torstol seed","quantity":"1","noted":false,"rarity":"0.00","rolls":1},{"id":1438,"name":"air talisman","quantity":"1","noted":false,"rarity":"0.00","rolls":1},{"id":1446,"name":"body talisman","quantity":"1","noted":false,"rarity":"0.00","rolls":1},{"id":1440,"name":"earth talisman","quantity":"1","noted":false,"rarity":"0.00","rolls":1},{"id":1442,"name":"fire talisman","quantity":"1","noted":false,"rarity":"0.00","rolls":1},{"id":1448,"name":"mind talisman","quantity":"1","noted":false,"rarity":"0.00","rolls":1},{"id":2489,"name":"red d'hide vambraces","quantity":"1","noted":false,"rarity":"0.05","rolls":1},{"id":1444,"name":"water talisman","quantity":"1","noted":false,"rarity":"0.00","rolls":1},{"id":1454,"name":"cosmic talisman","quantity":"1","noted":false,"rarity":"0.00","rolls":1},{"id":1452,"name":"chaos talisman","quantity":"1","noted":false,"rarity":"0.00","rolls":1},{"id":1462,"name":"nature talisman","quantity":"1","noted":false,"rarity":"0.00","rolls":1},{"id":995,"name":"coins","quantity":"500-1109","noted":false,"rarity":"0.08","rolls":1},{"id":413,"name":"oyster pearls","quantity":"1","noted":false,"rarity":"0.05","rolls":1},{"id":45,"name":"opal bolt tips","quantity":"10-30","noted":false,"rarity":"0.04","rolls":1},{"id":385,"name":"shark","quantity":"5","noted":false,"rarity":"0.04","rolls":1},{"id":1515,"name":"yew logs","quantity":"50-150","noted":true,"rarity":"0.04","rolls":1},{"id":207,"name":"grimy ranarr weed","quantity":"1","noted":false,"rarity":"0.04","rolls":1},{"id":805,"name":"rune thrownaxe","quantity":"5-10","noted":false,"rarity":"0.04","rolls":1},{"id":1517,"name":"maple logs","quantity":"15-65","noted":true,"rarity":"0.02","rolls":1},{"id":9431,"name":"runite limbs","quantity":"1","noted":false,"rarity":"0.02","rolls":1},{"id":314,"name":"feather","quantity":"250-500","noted":false,"rarity":"0.01","rolls":1},{"id":810,"name":"adamant dart","quantity":"10-25","noted":false,"rarity":"0.04","rolls":1},{"id":863,"name":"iron knife","quantity":"200-500","noted":false,"rarity":"0.04","rolls":1},{"id":13492,"name":"ensouled dagannoth head","quantity":"1","noted":false,"rarity":"0.05","rolls":1},{"id":865,"name":"steel knife","quantity":"50-150","noted":false,"rarity":"0.04","rolls":1},{"id":2722,"name":"clue scroll (hard)","quantity":"1","noted":false,"rarity":"0.02","rolls":1},{"id":23083,"name":"brimstone key","quantity":"1","noted":false,"rarity":"0.02","rolls":1},{"id":12073,"name":"clue scroll (elite)","quantity":"1","noted":false,"rarity":"0.00","rolls":1},{"id":12643,"name":"pet dagannoth supreme","quantity":"1","noted":false,"rarity":"0.00","rolls":1},{"id":3757,"name":"fremennik blade","quantity":"1","noted":false,"rarity":"0.01","rolls":1}]}