{"name":"dagannoth prime","combat_level":303,"size":3,"hitpoints":255,"max_hit":50,"attack_type":["magic"],"attack_speed":4,"aggressive":true,"poisonous":false,"venomous":false,"immune_poison":false,"immune_venom":false,"attributes":[],"category":["bosses","dagannoth"],"slayer_monster":true,"slayer_level":1,"slayer_xp":"331.50","slayer_masters":["vannaka","chaeldar","konar","nieve","duradel"],"attack_level":255,"strength_level":255,"defence_level":255,"magic_level":255,"ranged_level":0,"attack_bonus":0,"strength_bonus":0,"attack_magic":0,"magic_bonus":0,"attack_ranged":0,"ranged_bonus":0,"defence_stab":255,"defence_slash":255,"defence_crush":255,"defence_magic":255,"defence_ranged":10,"drops":[{"id":6729,"name":"dagannoth bones","quantity":"1","noted":false,"rarity":"1.00","rolls":1},{"id":6562,"name":"mud battlestaff","quantity":"1","noted":false,"rarity":"0.01","rolls":1},{"id":6739,"name":"dragon axe","quantity":"1","noted":false,"rarity":"0.01","rolls":1},{"id":3755,"name":"farseer helm","quantity":"1","noted":false,"rarity":"0.01","rolls":1},{"id":6139,"name":"skeletal top","quantity":"1","noted":false,"rarity":"0.01","rolls":1},{"id":6141,"name":"skeletal bottoms","quantity":"1","noted":false,"rarity":"0.01","rolls":1},{"id":6731,"name":"seers ring","quantity":"1","noted":false,"rarity":"0.01","rolls":1},{"id":556,"name":"air rune","quantity":"100-200","noted":false,"rarity":"0.05","rolls":1},{"id":557,"name":"earth rune","quantity":"50-100","noted":false,"rarity":"0.04","rolls":1},{"id":565,"name":"blood rune","quantity":"25-75","noted":false,"rarity":"0.02","rolls":1},{"id":563,"name":"law rune","quantity":"10-75","noted":false,"rarity":"0.02","rolls":1},{"id":6155,"name":"dagannoth hide","quantity":"1","noted":false,"rarity":"1.00","rolls":1},{"id":561,"name":"nature rune","quantity":"25-50","noted":false,"rarity":"0.02","rolls":1},{"id":4698,"name":"mud rune","quantity":"25-75","noted":false,"rarity":"0.02","rolls":1},{"id":560,"name":"death rune","quantity":"25-85","noted":false,"rarity":"0.02","rolls":1},{"id":5296,"name":"toadflax seed","quantity":"1","noted":false,"rarity":"0.01","rolls":1},{"id":5297,"name":"irit seed","quantity":"1","noted":false,"rarity":"0.01","rolls":1},{"id":5281,"name":"belladonna seed","quantity":"1","noted":false,"rarity":"0.01","rolls":1},{"id":5106,"name":"poison ivy seed","quantity":"1","noted":false,"rarity":"0.01","rolls":1},{"id":5298,"name":"avantoe seed","quantity":"1","noted":false,"rarity":"0.01","rolls":1},{"id":5280,"name":"cactus seed","quantity":"1","noted":false,"rarity":"0.00","rolls":1},{"id":22873,"name":"potato cactus seed","quantity":"1","noted":false,"rarity":"0.00","rolls":1},{"id":1399,"name":"earth battlestaff","quantity":"1","noted":false,"rarity":"0.08","rolls":1},{"id":5299,"name":"kwuarm seed","quantity":"1","noted":false,"rarity":"0.00","rolls":1},{"id":5300,"name":"snapdragon seed","quantity":"1","noted":false,"rarity":"0.00","rolls":1},{"id":5301,"name":"cadantine seed","quantity":"1","noted":false,"rarity":"0.00","rolls":1},{"id":5302,"name":"lantadyme seed","quantity":"1","noted":false,"rarity":"0.00","rolls":1},{"id":22879,"name":"snape grass seed","quantity":"3","noted":false,"rarity":"0.00","rolls":1},{"id":5303,"name":"dwarf weed seed","quantity":"1","noted":false,"rarity":"0.00","rolls":1},{"id":5304,"name":"torstol seed","quantity":"1","noted":false,"rarity":"0.00","rolls":1},{"id":1438,"name":"air talisman","quantity":"1","noted":false,"rarity":"0.00","rolls":1},{"id":1446,"name":"body talisman","quantity":"1","noted":false,"rarity":"0.00","rolls":1},{"id":1440,"name":"earth talisman","quantity":"1","noted":false,"rarity":"0.00","rolls":1},{"id":1395,"name":"water battlestaff","quantity":"1","noted":false,"rarity":"0.04","rolls":1},{"id":1442,"name":"fire talisman","quantity":"1","noted":false,"rarity":"0.00","rolls":1},{"id":1448,"name":"mind talisman","quantity":"1","noted":false,"rarity":"0.00","rolls":1},{"id":1444,"name":"water talisman","quantity":"1","noted":false,"rarity":"0.00","rolls":1},{"id":1454,"name":"cosmic talisman","quantity":"1","noted":false,"rarity":"0.00","rolls":1},{"id":1452,"name":"chaos talisman","quantity":"1","noted":false,"rarity":"0.00","rolls":1},{"id":1462,"name":"nature talisman","quantity":"1","noted":false,"rarity":"0.00","rolls":1},{"id":1440,"name":"earth talisman","quantity":"25-75","noted":true,"rarity":"0.08","rolls":1},{"id":1438,"name":"air talisman","quantity":"25-75","noted":true,"rarity":"0.05","rolls":1},{"id":1444,"name":"water talisman","quantity":"1-76","noted":true,"rarity":"0.05","rolls":1},{"id":385,"name":"shark","quantity":"5","noted":false,"rarity":"0.08","rolls":1},{"id":1397,"name":"air battlestaff","quantity":"1","noted":false,"rarity":"0.03","rolls":1},{"id":995,"name":"coins","quantity":"500-1109","noted":false,"rarity":"0.02","rolls":1},{"id":413,"name":"oyster pearls","quantity":"1","noted":false,"rarity":"0.04","rolls":1},{"id":7936,"name":"pure essence","quantity":"150","noted":true,"rarity":"0.04","rolls":1},{"id":207,"name":"grimy ranarr weed","quantity":"1","noted":false,"rarity":"0.04","rolls":1},{"id":1391,"name":"battlestaff","quantity":"1-10","noted":true,"rarity":"0.01","rolls":1},{"id":3757,"name":"fremennik blade","quantity":"1","noted":false,"rarity":"0.01","rolls":1},{"id":3758,"name":"fremennik shield","quantity":"1","noted":false,"rarity":"0.01","rolls":1},{"id":13492,"name":"ensouled dagannoth head","quantity":"1","noted":false,"rarity":"0.05","rolls":1},{"id":2722,"name":"clue scroll (hard)","quantity":"1","noted":false,"rarity":"0.02","rolls":1},{"id":23083,"name":"brimstone key","quantity":"1","noted":false,"rarity":"0.02","rolls":1},{"id":12073,"name":"clue scroll (elite)","quantity":"1","noted":false,"rarity":"0.00","rolls":1},{"id":12644,"name":"pet dagannoth prime","quantity":"1","noted":false,"rarity":"0.00","rolls":1},{"id":3748,"name":"fremennik helm","quantity":"1","noted":false,"rarity":"0.01","rolls":1}]}