{"name":"dagannoth rex","combat_level":303,"size":3,"hitpoints":255,"max_hit":26,"attack_type":["slash"],"attack_speed":4,"aggressive":true,"poisonous":false,"venomous":false,"immune_poison":false,"immune_venom":false,"attributes":[],"category":["bosses","dagannoth"],"slayer_monster":true,"slayer_level":1,"slayer_xp":"331.50","slayer_masters":["vannaka","chaeldar","konar","nieve","duradel"],"attack_level":255,"strength_level":255,"defence_level":255,"magic_level":0,"ranged_level":255,"attack_bonus":0,"strength_bonus":0,"attack_magic":0,"magic_bonus":0,"attack_ranged":0,"ranged_bonus":0,"defence_stab":255,"defence_slash":255,"defence_crush":255,"defence_magic":10,"defence_ranged":255,"drops":[{"id":6729,"name":"dagannoth bones","quantity":"1","noted":false,"rarity":"1.00","rolls":1},{"id":1359,"name":"rune axe","quantity":"1","noted":false,"rarity":"0.01","rolls":1},{"id":3758,"name":"fremennik shield","quantity":"1","noted":false,"rarity":"0.01","rolls":1},{"id":3748,"name":"fremennik helm","quantity":"1","noted":false,"rarity":"0.01","rolls":1},{"id":1315,"name":"mithril 2h sword","quantity":"1","noted":false,"rarity":"0.01","rolls":1},{"id":6739,"name":"dragon axe","quantity":"1","noted":false,"rarity":"0.01","rolls":1},{"id":2570,"name":"ring of life","quantity":"1","noted":false,"rarity":"0.01","rolls":1},{"id":6129,"name":"rock-shell plate","quantity":"1","noted":false,"rarity":"0.01","rolls":1},{"id":6130,"name":"rock-shell legs","quantity":"1","noted":false,"rarity":"0.01","rolls":1},{"id":6737,"name":"berserker ring","quantity":"1","noted":false,"rarity":"0.01","rolls":1},{"id":6735,"name":"warrior ring","quantity":"1","noted":false,"rarity":"0.01","rolls":1},{"id":6155,"name":"dagannoth hide","quantity":"1","noted":false,"rarity":"1.00","rolls":1},{"id":2456,"name":"antifire potion(2)","quantity":"1","noted":false,"rarity":"0.01","rolls":1},{"id":141,"name":"prayer potion(2)","quantity":"1","noted":false,"rarity":"0.01","rolls":1},{"id":129,"name":"restore potion(2)","quantity":"1","noted":false,"rarity":"0.01","rolls":1},{"id":147,"name":"super attack(2)","quantity":"1","noted":false,"rarity":"0.01","rolls":1},{"id":159,"name":"super strength(2)","quantity":"1","noted":false,"rarity":"0.01","rolls":1},{"id":165,"name":"super defence(2)","quantity":"1","noted":false,"rarity":"0.01","rolls":1},{"id":191,"name":"zamorak brew(2)","quantity":"1","noted":false,"rarity":"0.01","rolls":1},{"id":447,"name":"mithril ore","quantity":"25","noted":true,"rarity":"0.08","rolls":1},{"id":2361,"name":"adamantite bar","quantity":"1","noted":false,"rarity":"0.02","rolls":1},{"id":453,"name":"coal","quantity":"100","noted":true,"rarity":"0.02","rolls":1},{"id":1193,"name":"steel kiteshield","quantity":"1","noted":false,"rarity":"0.13","rolls":1},{"id":440,"name":"iron ore","quantity":"150","noted":true,"rarity":"0.01","rolls":1},{"id":2353,"name":"steel bar","quantity":"15-30","noted":true,"rarity":"0.01","rolls":1},{"id":1438,"name":"air talisman","quantity":"1","noted":false,"rarity":"0.00","rolls":1},{"id":1446,"name":"body talisman","quantity":"1","noted":false,"rarity":"0.00","rolls":1},{"id":1440,"name":"earth talisman","quantity":"1","noted":false,"rarity":"0.00","rolls":1},{"id":1442,"name":"fire talisman","quantity":"1","noted":false,"rarity":"0.00","rolls":1},{"id":1448,"name":"mind talisman","quantity":"1","noted":false,"rarity":"0.00","rolls":1},{"id":1444,"name":"water talisman","quantity":"1","noted":false,"rarity":"0.00","rolls":1},{"id":1454,"name":"cosmic talisman","quantity":"1","noted":false,"rarity":"0.00","rolls":1},{"id":1452,"name":"chaos talisman","quantity":"1","noted":false,"rarity":"0.00","rolls":1},{"id":1343,"name":"mithril warhammer","quantity":"1","noted":false,"rarity":"0.09","rolls":1},{"id":1462,"name":"nature talisman","quantity":"1","noted":false,"rarity":"0.00","rolls":1},{"id":995,"name":"coins","quantity":"100-1209","noted":false,"rarity":"0.08","rolls":1},{"id":207,"name":"grimy ranarr weed","quantity":"1","noted":false,"rarity":"0.05","rolls":1},{"id":365,"name":"bass","quantity":"5","noted":false,"rarity":"0.05","rolls":1},{"id":373,"name":"swordfish","quantity":"5","noted":false,"rarity":"0.03","rolls":1},{"id":385,"name":"shark","quantity":"5","noted":false,"rarity":"0.01","rolls":1},{"id":1357,"name":"adamant axe","quantity":"1","noted":false,"rarity":"0.05","rolls":1},{"id":1119,"name":"steel platebody","quantity":"1","noted":false,"rarity":"0.03","rolls":1},{"id":1273,"name":"mithril pickaxe","quantity":"1","noted":false,"rarity":"0.02","rolls":1},{"id":13492,"name":"ensouled dagannoth head","quantity":"1","noted":false,"rarity":"0.05","rolls":1},{"id":2722,"name":"clue scroll (hard)","quantity":"1","noted":false,"rarity":"0.02","rolls":1},{"id":23083,"name":"brimstone key","quantity":"1","noted":false,"rarity":"0.02","rolls":1},{"id":12073,"name":"clue scroll (elite)","quantity":"1","noted":false,"rarity":"0.00","rolls":1},{"id":12645,"name":"pet dagannoth rex","quantity":"1","noted":false,"rarity":"0.00","rolls":1},{"id":1123,"name":"adamant platebody","quantity":"1","noted":false,"rarity":"0.02","rolls":1},{"id":3757,"name":"fremennik blade","quantity":"1","noted":false,"rarity":"0.02","rolls":1}]}