{"name":"king black dragon","combat_level":276,"size":5,"hitpoints":240,"max_hit":25,"attack_type":["stab","dragonfire"],"attack_speed":4,"aggressive":true,"poisonous":true,"venomous":false,"immune_poison":false,"immune_venom":false,"attributes":["dragon","fiery"],"category":["black dragons","bosses"],"slayer_monster":true,"slayer_level":1,"slayer_xp":"258.00","slayer_masters":["konar","nieve","duradel"],"attack_level":240,"strength_level":240,"defence_level":240,"magic_level":240,"ranged_level":1,"attack_bonus":0,"strength_bonus":0,"attack_magic":0,"magic_bonus":0,"attack_ranged":0,"ranged_bonus":0,"defence_stab":70,"defence_slash":90,"defence_crush":90,"defence_magic":80,"defence_ranged":70,"drops":[{"id":536,"name":"dragon bones","quantity":"1","noted":false,"rarity":"1.00","rolls":1},{"id":884,"name":"iron arrow","quantity":"690","noted":false,"rarity":"0.08","rolls":1},{"id":9144,"name":"runite bolts","quantity":"10-20","noted":false,"rarity":"0.08","rolls":1},{"id":563,"name":"law rune","quantity":"30","noted":false,"rarity":"0.04","rolls":1},{"id":565,"name":"blood rune","quantity":"30","noted":false,"rarity":"0.04","rolls":1},{"id":1515,"name":"yew logs","quantity":"150","noted":true,"rarity":"0.08","rolls":1},{"id":2361,"name":"adamantite bar","quantity":"3","noted":false,"rarity":"0.04","rolls":1},{"id":2363,"name":"runite bar","quantity":"1","noted":false,"rarity":"0.02","rolls":1},{"id":444,"name":"gold ore","quantity":"100","noted":true,"rarity":"0.02","rolls":1},{"id":1731,"name":"amulet of power","quantity":"1","noted":false,"rarity":"0.05","rolls":1},{"id":11237,"name":"dragon arrowtips","quantity":"5-14","noted":false,"rarity":"0.04","rolls":1},{"id":1747,"name":"black dragonhide","quantity":"2","noted":false,"rarity":"1.00","rolls":1},{"id":11232,"name":"dragon dart tip","quantity":"5-14","noted":false,"rarity":"0.04","rolls":1},{"id":19582,"name":"dragon javelin heads","quantity":"15","noted":false,"rarity":"0.04","rolls":1},{"id":9431,"name":"runite limbs","quantity":"1","noted":false,"rarity":"0.03","rolls":1},{"id":385,"name":"shark","quantity":"4","noted":false,"rarity":"0.03","rolls":1},{"id":11920,"name":"dragon pickaxe","quantity":"1","noted":false,"rarity":"0.00","rolls":1},{"id":1303,"name":"rune longsword","quantity":"1","noted":false,"rarity":"0.08","rolls":1},{"id":1123,"name":"adamant platebody","quantity":"1","noted":false,"rarity":"0.07","rolls":1},{"id":23083,"name":"brimstone key","quantity":"1","noted":false,"rarity":"0.02","rolls":1},{"id":7980,"name":"kbd heads","quantity":"1","noted":false,"rarity":"0.01","rolls":1},{"id":12073,"name":"clue scroll (elite)","quantity":"1","noted":false,"rarity":"0.00","rolls":1},{"id":12653,"name":"prince black dragon","quantity":"1","noted":false,"rarity":"0.00","rolls":1},{"id":11286,"name":"draconic visage","quantity":"1","noted":false,"rarity":"0.00","rolls":1},{"id":1199,"name":"adamant kiteshield","quantity":"1","noted":false,"rarity":"0.02","rolls":1},{"id":1149,"name":"dragon med helm","quantity":"1","noted":false,"rarity":"0.01","rolls":1},{"id":554,"name":"fire rune","quantity":"300","noted":false,"rarity":"0.04","rolls":1},{"id":556,"name":"air rune","quantity":"300","noted":false,"rarity":"0.08","rolls":1}]}