{"name":"black demon","combat_level":172,"size":3,"hitpoints":157,"max_hit":16,"attack_type":["slash"],"attack_speed":4,"aggressive":true,"poisonous":false,"venomous":false,"immune_poison":false,"immune_venom":false,"attributes":["demon"],"category":["black demons"],"slayer_monster":true,"slayer_level":1,"slayer_xp":"157.00","slayer_masters":["krystilia","chaeldar","konar","nieve","duradel"],"attack_level":145,"strength_level":148,"defence_level":152,"magic_level":1,"ranged_level":1,"attack_bonus":0,"strength_bonus":0,"attack_magic":0,"magic_bonus":0,"attack_ranged":0,"ranged_bonus":0,"defence_stab":0,"defence_slash":0,"defence_crush":0,"defence_magic":-10,"defence_ranged":0,"drops":[{"id":25772,"name":"malicious ashes","quantity":"1","noted":false,"rarity":"1.00","rolls":1},{"id":565,"name":"blood rune","quantity":"7","noted":false,"rarity":"0.03","rolls":1},{"id":554,"name":"fire rune","quantity":"37","noted":false,"rarity":"0.01","rolls":1},{"id":563,"name":"law rune","quantity":"3","noted":false,"rarity":"0.01","rolls":1},{"id":199,"name":"grimy guam leaf","quantity":"1","noted":false,"rarity":"0.04","rolls":1},{"id":201,"name":"grimy marrentill","quantity":"1","noted":false,"rarity":"0.03","rolls":1},{"id":203,"name":"grimy tarromin","quantity":"1","noted":false,"rarity":"0.03","rolls":1},{"id":205,"name":"grimy harralander","quantity":"1","noted":false,"rarity":"0.02","rolls":1},{"id":207,"name":"grimy ranarr weed","quantity":"1","noted":false,"rarity":"0.02","rolls":1},{"id":209,"name":"grimy irit leaf","quantity":"1","noted":false,"rarity":"0.01","rolls":1},{"id":211,"name":"grimy avantoe","quantity":"1","noted":false,"rarity":"0.01","rolls":1},{"id":1283,"name":"black sword","quantity":"1","noted":false,"rarity":"0.03","rolls":1},{"id":213,"name":"grimy kwuarm","quantity":"1","noted":false,"rarity":"0.01","rolls":1},{"id":215,"name":"grimy cadantine","quantity":"1","noted":false,"rarity":"0.01","rolls":1},{"id":2485,"name":"grimy lantadyme","quantity":"1","noted":false,"rarity":"0.00","rolls":1},{"id":217,"name":"grimy dwarf weed","quantity":"1","noted":false,"rarity":"0.00","rolls":1},{"id":995,"name":"coins","quantity":"132","noted":false,"rarity":"0.31","rolls":1},{"id":995,"name":"coins","quantity":"30","noted":false,"rarity":"0.05","rolls":1},{"id":995,"name":"coins","quantity":"44","noted":false,"rarity":"0.05","rolls":1},{"id":995,"name":"coins","quantity":"220","noted":false,"rarity":"0.05","rolls":1},{"id":995,"name":"coins","quantity":"460","noted":false,"rarity":"0.01","rolls":1},{"id":379,"name":"lobster","quantity":"1","noted":false,"rarity":"0.02","rolls":1},{"id":1365,"name":"steel battleaxe","quantity":"1","noted":false,"rarity":"0.02","rolls":1},{"id":2361,"name":"adamantite bar","quantity":"1","noted":false,"rarity":"0.02","rolls":1},{"id":133,"name":"defence potion(3)","quantity":"1","noted":false,"rarity":"0.01","rolls":1},{"id":1361,"name":"black axe","quantity":"1","noted":false,"rarity":"0.02","rolls":1},{"id":1197,"name":"mithril kiteshield","quantity":"1","noted":false,"rarity":"0.01","rolls":1},{"id":11941,"name":"looting bag","quantity":"1","noted":false,"rarity":"0.33","rolls":1},{"id":1147,"name":"rune med helm","quantity":"1","noted":false,"rarity":"0.01","rolls":1},{"id":13501,"name":"ensouled demon head","quantity":"1","noted":false,"rarity":"0.03","rolls":1},{"id":23083,"name":"brimstone key","quantity":"1","noted":false,"rarity":"0.01","rolls":1},{"id":2722,"name":"clue scroll (hard)","quantity":"1","noted":false,"rarity":"0.01","rolls":1},{"id":19677,"name":"ancient shard","quantity":"1","noted":false,"rarity":"0.00","rolls":1},{"id":19679,"name":"dark totem base","quantity":"1","noted":false,"rarity":"0.00","rolls":1},{"id":19681,"name":"dark totem middle","quantity":"1","noted":false,"rarity":"0.00","rolls":1},{"id":19683,"name":"dark totem top","quantity":"1","noted":false,"rarity":"0.00","rolls":1},{"id":23490,"name":"larran's key","quantity":"1","noted":false,"rarity":"0.01","rolls":1},{"id":21257,"name":"slayer's enchantment","quantity":"1","noted":false,"rarity":"0.01","rolls":1},{"id":1113,"name":"rune chainbody","quantity":"1","noted":false,"rarity":"0.01","rolls":1},{"id":556,"name":"air rune","quantity":"50","noted":false,"rarity":"0.06","rolls":1},{"id":562,"name":"chaos rune","quantity":"10","noted":false,"rarity":"0.05","rolls":1}]}