{"name":"animated iron armour","combat_level":23,"size":1,"hitpoints":20,"max_hit":3,"attack_type":["crush"],"attack_speed":4,"aggressive":true,"poisonous":false,"venomous":false,"immune_poison":false,"immune_venom":true,"attributes":[],"category":[],"slayer_monster":false,"slayer_level":null,"slayer_xp":null,"slayer_masters":[],"attack_level":20,"strength_level":20,"defence_level":20,"magic_level":1,"ranged_level":1,"attack_bonus":4,"strength_bonus":5,"attack_magic":0,"magic_bonus":0,"attack_ranged":0,"ranged_bonus":0,"defence_stab":50,"defence_slash":25,"defence_crush":19,"defence_magic":400,"defence_ranged":400,"drops":[{"id":8851,"name":"warrior guild token","quantity":"10","noted":false,"rarity":"1.00","rolls":1},{"id":1153,"name":"iron full helm","quantity":"1","noted":false,"rarity":"1.00","rolls":1},{"id":1115,"name":"iron platebody","quantity":"1","noted":false,"rarity":"1.00","rolls":1},{"id":1067,"name":"iron platelegs","quantity":"1","noted":false,"rarity":"0.90","rolls":1}]}