{"name":"animated mithril armour","combat_level":92,"size":1,"hitpoints":80,"max_hit":10,"attack_type":["stab"],"attack_speed":4,"aggressive":true,"poisonous":false,"venomous":false,"immune_poison":false,"immune_venom":true,"attributes":[],"category":[],"slayer_monster":false,"slayer_level":null,"slayer_xp":null,"slayer_masters":[],"attack_level":80,"strength_level":80,"defence_level":80,"magic_level":1,"ranged_level":1,"attack_bonus":4,"strength_bonus":5,"attack_magic":0,"magic_bonus":0,"attack_ranged":0,"ranged_bonus":0,"defence_stab":50,"defence_slash":25,"defence_crush":19,"defence_magic":400,"defence_ranged":400,"drops":[{"id":8851,"name":"warrior guild token","quantity":"25","noted":false,"rarity":"1.00","rolls":1},{"id":1159,"name":"mithril full helm","quantity":"1","noted":false,"rarity":"1.00","rolls":1},{"id":1121,"name":"mithril platebody","quantity":"1","noted":false,"rarity":"1.00","rolls":1},{"id":1071,"name":"mithril platelegs","quantity":"1","noted":false,"rarity":"1.00","rolls":1}]}