{"name":"cyclops","combat_level":76,"size":2,"hitpoints":100,"max_hit":7,"attack_type":["crush"],"attack_speed":4,"aggressive":true,"poisonous":false,"venomous":false,"immune_poison":false,"immune_venom":false,"attributes":[],"category":["hill giants"],"slayer_monster":true,"slayer_level":1,"slayer_xp":"100.00","slayer_masters":["mazchna","vannaka"],"attack_level":65,"strength_level":65,"defence_level":35,"magic_level":1,"ranged_level":1,"attack_bonus":0,"strength_bonus":0,"attack_magic":0,"magic_bonus":0,"attack_ranged":0,"ranged_bonus":0,"defence_stab":0,"defence_slash":0,"defence_crush":0,"defence_magic":0,"defence_ranged":0,"drops":[{"id":8844,"name":"bronze defender","quantity":"1","noted":false,"rarity":"0.02","rolls":1},{"id":8845,"name":"iron defender","quantity":"1","noted":false,"rarity":"0.02","rolls":1},{"id":8846,"name":"steel defender","quantity":"1","noted":false,"rarity":"0.02","rolls":1},{"id":8847,"name":"black defender","quantity":"1","noted":false,"rarity":"0.02","rolls":1},{"id":8848,"name":"mithril defender","quantity":"1","noted":false,"rarity":"0.02","rolls":1},{"id":8849,"name":"adamant defender","quantity":"1","noted":false,"rarity":"0.02","rolls":1},{"id":8850,"name":"rune defender","quantity":"1","noted":false,"rarity":"0.02","rolls":1}]}