{"name":"red dragon","combat_level":152,"size":4,"hitpoints":140,"max_hit":14,"attack_type":["slash","dragonfire"],"attack_speed":4,"aggressive":true,"poisonous":false,"venomous":false,"immune_poison":false,"immune_venom":false,"attributes":["dragon","fiery"],"category":["red dragons"],"slayer_monster":true,"slayer_level":1,"slayer_xp":"143.40","slayer_masters":["konar","nieve","duradel"],"attack_level":130,"strength_level":130,"defence_level":130,"magic_level":1,"ranged_level":1,"attack_bonus":0,"strength_bonus":0,"attack_magic":0,"magic_bonus":0,"attack_ranged":0,"ranged_bonus":0,"defence_stab":50,"defence_slash":70,"defence_crush":70,"defence_magic":60,"defence_ranged":50,"drops":[{"id":1623,"name":"uncut sapphire","quantity":"1","noted":false,"rarity":"0.01","rolls":1},{"id":1621,"name":"uncut emerald","quantity":"1","noted":false,"rarity":"0.00","rolls":1},{"id":1619,"name":"uncut ruby","quantity":"1","noted":false,"rarity":"0.00","rolls":1},{"id":1452,"name":"chaos talisman","quantity":"1","noted":false,"rarity":"0.00","rolls":1},{"id":1462,"name":"nature talisman","quantity":"1","noted":false,"rarity":"0.00","rolls":1},{"id":1617,"name":"uncut diamond","quantity":"1","noted":false,"rarity":"0.00","rolls":1},{"id":830,"name":"rune javelin","quantity":"5","noted":false,"rarity":"0.00","rolls":1},{"id":987,"name":"loop half of key","quantity":"1","noted":false,"rarity":"0.00","rolls":1},{"id":985,"name":"tooth half of key","quantity":"1","noted":false,"rarity":"0.00","rolls":1},{"id":1247,"name":"rune spear","quantity":"1","noted":false,"rarity":"0.00","rolls":1},{"id":2366,"name":"shield left half","quantity":"1","noted":false,"rarity":"0.00","rolls":1},{"id":1249,"name":"dragon spear","quantity":"1","noted":false,"rarity":"0.00","rolls":1},{"id":536,"name":"dragon bones","quantity":"1","noted":false,"rarity":"1.00","rolls":1},{"id":1303,"name":"rune longsword","quantity":"1","noted":false,"rarity":"0.01","rolls":1},{"id":892,"name":"rune arrow","quantity":"4","noted":false,"rarity":"0.06","rolls":1},{"id":563,"name":"law rune","quantity":"4","noted":false,"rarity":"0.04","rolls":1},{"id":565,"name":"blood rune","quantity":"2","noted":false,"rarity":"0.03","rolls":1},{"id":560,"name":"death rune","quantity":"5","noted":false,"rarity":"0.02","rolls":1},{"id":199,"name":"grimy guam leaf","quantity":"1","noted":false,"rarity":"0.00","rolls":1},{"id":201,"name":"grimy marrentill","quantity":"1","noted":false,"rarity":"0.00","rolls":1},{"id":203,"name":"grimy tarromin","quantity":"1","noted":false,"rarity":"0.00","rolls":1},{"id":205,"name":"grimy harralander","quantity":"1","noted":false,"rarity":"0.00","rolls":1},{"id":207,"name":"grimy ranarr weed","quantity":"1","noted":false,"rarity":"0.00","rolls":1},{"id":1749,"name":"red dragonhide","quantity":"1","noted":false,"rarity":"1.00","rolls":1},{"id":209,"name":"grimy irit leaf","quantity":"1","noted":false,"rarity":"0.00","rolls":1},{"id":211,"name":"grimy avantoe","quantity":"1","noted":false,"rarity":"0.00","rolls":1},{"id":213,"name":"grimy kwuarm","quantity":"1","noted":false,"rarity":"0.00","rolls":1},{"id":215,"name":"grimy cadantine","quantity":"1","noted":false,"rarity":"0.00","rolls":1},{"id":2485,"name":"grimy lantadyme","quantity":"1","noted":false,"rarity":"0.00","rolls":1},{"id":217,"name":"grimy dwarf weed","quantity":"1","noted":false,"rarity":"0.00","rolls":1},{"id":995,"name":"coins","quantity":"196","noted":false,"rarity":"0.31","rolls":1},{"id":995,"name":"coins","quantity":"66","noted":false,"rarity":"0.23","rolls":1},{"id":995,"name":"coins","quantity":"330","noted":false,"rarity":"0.08","rolls":1},{"id":995,"name":"coins","quantity":"690","noted":false,"rarity":"0.01","rolls":1},{"id":1315,"name":"mithril 2h sword","quantity":"1","noted":false,"rarity":"0.03","rolls":1},{"id":19582,"name":"dragon javelin heads","quantity":"10","noted":false,"rarity":"0.08","rolls":1},{"id":1897,"name":"chocolate cake","quantity":"3","noted":false,"rarity":"0.02","rolls":1},{"id":2361,"name":"adamantite bar","quantity":"1","noted":false,"rarity":"0.01","rolls":1},{"id":1355,"name":"mithril axe","quantity":"1","noted":false,"rarity":"0.02","rolls":1},{"id":23510,"name":"tattered moon page","quantity":"1","noted":false,"rarity":"0.10","rolls":1},{"id":23512,"name":"tattered sun page","quantity":"1","noted":false,"rarity":"0.10","rolls":1},{"id":23514,"name":"tattered temple page","quantity":"1","noted":false,"rarity":"0.10","rolls":1},{"id":13510,"name":"ensouled dragon head","quantity":"1","noted":false,"rarity":"0.03","rolls":1},{"id":23499,"name":"grubby key","quantity":"1","noted":false,"rarity":"0.02","rolls":1},{"id":23083,"name":"brimstone key","quantity":"1","noted":false,"rarity":"0.01","rolls":1},{"id":1369,"name":"mithril battleaxe","quantity":"1","noted":false,"rarity":"0.02","rolls":1},{"id":2722,"name":"clue scroll (hard)","quantity":"1","noted":false,"rarity":"0.01","rolls":1},{"id":811,"name":"rune dart","quantity":"8","noted":false,"rarity":"0.02","rolls":1},{"id":828,"name":"mithril javelin","quantity":"20","noted":false,"rarity":"0.01","rolls":1},{"id":1197,"name":"mithril kiteshield","quantity":"1","noted":false,"rarity":"0.01","rolls":1},{"id":1123,"name":"adamant platebody","quantity":"1","noted":false,"rarity":"0.01","rolls":1}]}