{"name":"catablepon","combat_level":49,"size":2,"hitpoints":40,"max_hit":5,"attack_type":["stab"],"attack_speed":4,"aggressive":true,"poisonous":false,"venomous":false,"immune_poison":false,"immune_venom":false,"attributes":[],"category":["catablepon"],"slayer_monster":true,"slayer_level":1,"slayer_xp":"40.00","slayer_masters":["mazchna"],"attack_level":45,"strength_level":40,"defence_level":40,"magic_level":60,"ranged_level":1,"attack_bonus":0,"strength_bonus":0,"attack_magic":0,"magic_bonus":0,"attack_ranged":0,"ranged_bonus":0,"defence_stab":40,"defence_slash":30,"defence_crush":20,"defence_magic":20,"defence_ranged":40,"drops":[{"id":1623,"name":"uncut sapphire","quantity":"1","noted":false,"rarity":"0.00","rolls":1},{"id":1621,"name":"uncut emerald","quantity":"1","noted":false,"rarity":"0.00","rolls":1},{"id":1619,"name":"uncut ruby","quantity":"1","noted":false,"rarity":"0.00","rolls":1},{"id":1452,"name":"chaos talisman","quantity":"1","noted":false,"rarity":"0.00","rolls":1},{"id":1462,"name":"nature talisman","quantity":"1","noted":false,"rarity":"0.00","rolls":1},{"id":1617,"name":"uncut diamond","quantity":"1","noted":false,"rarity":"0.00","rolls":1},{"id":830,"name":"rune javelin","quantity":"5","noted":false,"rarity":"0.00","rolls":1},{"id":987,"name":"loop half of key","quantity":"1","noted":false,"rarity":"0.00","rolls":1},{"id":985,"name":"tooth half of key","quantity":"1","noted":false,"rarity":"0.00","rolls":1},{"id":1247,"name":"rune spear","quantity":"1","noted":false,"rarity":"0.00","rolls":1},{"id":2366,"name":"shield left half","quantity":"1","noted":false,"rarity":"0.00","rolls":1},{"id":1249,"name":"dragon spear","quantity":"1","noted":false,"rarity":"0.00","rolls":1},{"id":526,"name":"bones","quantity":"1","noted":false,"rarity":"1.00","rolls":1},{"id":201,"name":"grimy marrentill","quantity":"1","noted":false,"rarity":"0.01","rolls":1},{"id":203,"name":"grimy tarromin","quantity":"1","noted":false,"rarity":"0.00","rolls":1},{"id":205,"name":"grimy harralander","quantity":"1","noted":false,"rarity":"0.00","rolls":1},{"id":207,"name":"grimy ranarr weed","quantity":"1","noted":false,"rarity":"0.00","rolls":1},{"id":209,"name":"grimy irit leaf","quantity":"1","noted":false,"rarity":"0.00","rolls":1},{"id":211,"name":"grimy avantoe","quantity":"1","noted":false,"rarity":"0.00","rolls":1},{"id":213,"name":"grimy kwuarm","quantity":"1","noted":false,"rarity":"0.00","rolls":1},{"id":215,"name":"grimy cadantine","quantity":"1","noted":false,"rarity":"0.00","rolls":1},{"id":2485,"name":"grimy lantadyme","quantity":"1","noted":false,"rarity":"0.00","rolls":1},{"id":217,"name":"grimy dwarf weed","quantity":"1","noted":false,"rarity":"0.00","rolls":1},{"id":1145,"name":"adamant med helm","quantity":"1","noted":false,"rarity":"0.01","rolls":1},{"id":5318,"name":"potato seed","quantity":"1-4","noted":false,"rarity":"0.00","rolls":1},{"id":5319,"name":"onion seed","quantity":"1-3","noted":false,"rarity":"0.00","rolls":1},{"id":5324,"name":"cabbage seed","quantity":"1-3","noted":false,"rarity":"0.00","rolls":1},{"id":5322,"name":"tomato seed","quantity":"1-2","noted":false,"rarity":"0.00","rolls":1},{"id":5320,"name":"sweetcorn seed","quantity":"1-2","noted":false,"rarity":"0.00","rolls":1},{"id":5323,"name":"strawberry seed","quantity":"1","noted":false,"rarity":"0.00","rolls":1},{"id":5321,"name":"watermelon seed","quantity":"1","noted":false,"rarity":"0.00","rolls":1},{"id":22879,"name":"snape grass seed","quantity":"1","noted":false,"rarity":"0.00","rolls":1},{"id":1436,"name":"rune essence","quantity":"15","noted":true,"rarity":"0.05","rolls":1},{"id":7936,"name":"pure essence","quantity":"15","noted":true,"rarity":"0.05","rolls":1},{"id":554,"name":"fire rune","quantity":"15","noted":false,"rarity":"0.07","rolls":1},{"id":221,"name":"eye of newt","quantity":"1","noted":false,"rarity":"0.07","rolls":1},{"id":453,"name":"coal","quantity":"3-7","noted":true,"rarity":"0.02","rolls":1},{"id":995,"name":"coins","quantity":"10","noted":false,"rarity":"0.04","rolls":1},{"id":995,"name":"coins","quantity":"15","noted":false,"rarity":"0.06","rolls":1},{"id":995,"name":"coins","quantity":"44","noted":false,"rarity":"0.12","rolls":1},{"id":995,"name":"coins","quantity":"5-104","noted":false,"rarity":"0.10","rolls":1},{"id":333,"name":"trout","quantity":"1","noted":false,"rarity":"0.02","rolls":1},{"id":595,"name":"torch","quantity":"1","noted":false,"rarity":"0.09","rolls":1},{"id":9010,"name":"top of sceptre","quantity":"1","noted":false,"rarity":"0.03","rolls":1},{"id":555,"name":"water rune","quantity":"7","noted":false,"rarity":"0.06","rolls":1},{"id":562,"name":"chaos rune","quantity":"7","noted":false,"rarity":"0.01","rolls":1},{"id":2801,"name":"clue scroll (medium)","quantity":"1","noted":false,"rarity":"0.01","rolls":1},{"id":563,"name":"law rune","quantity":"2","noted":false,"rarity":"0.04","rolls":1},{"id":564,"name":"cosmic rune","quantity":"2","noted":false,"rarity":"0.03","rolls":1},{"id":888,"name":"mithril arrow","quantity":"5-14","noted":false,"rarity":"0.04","rolls":1},{"id":199,"name":"grimy guam leaf","quantity":"1","noted":false,"rarity":"0.01","rolls":1}]}