{"name":"spider","combat_level":24,"size":1,"hitpoints":22,"max_hit":6,"attack_type":["stab"],"attack_speed":4,"aggressive":true,"poisonous":false,"venomous":false,"immune_poison":false,"immune_venom":false,"attributes":[],"category":["spiders"],"slayer_monster":true,"slayer_level":1,"slayer_xp":"22.00","slayer_masters":["turael","spria","krystilia"],"attack_level":21,"strength_level":21,"defence_level":21,"magic_level":1,"ranged_level":1,"attack_bonus":35,"strength_bonus":58,"attack_magic":0,"magic_bonus":0,"attack_ranged":0,"ranged_bonus":0,"defence_stab":53,"defence_slash":53,"defence_crush":53,"defence_magic":53,"defence_ranged":53,"drops":[{"id":11941,"name":"looting bag","quantity":"1","noted":false,"rarity":"0.07","rolls":1},{"id":23182,"name":"clue scroll (beginner)","quantity":"1","noted":false,"rarity":"0.01","rolls":1},{"id":23490,"name":"larran's key","quantity":"1","noted":false,"rarity":"0.00","rolls":1},{"id":21257,"name":"slayer's enchantment","quantity":"1","noted":false,"rarity":"0.00","rolls":1}]}