{"name":"scorpion","combat_level":59,"size":2,"hitpoints":55,"max_hit":6,"attack_type":["stab"],"attack_speed":4,"aggressive":true,"poisonous":false,"venomous":false,"immune_poison":false,"immune_venom":false,"attributes":[],"category":["scorpions"],"slayer_monster":true,"slayer_level":1,"slayer_xp":"55.00","slayer_masters":["turael","spria","krystilia","mazchna"],"attack_level":50,"strength_level":52,"defence_level":50,"magic_level":1,"ranged_level":1,"attack_bonus":0,"strength_bonus":0,"attack_magic":0,"magic_bonus":0,"attack_ranged":0,"ranged_bonus":0,"defence_stab":5,"defence_slash":15,"defence_crush":15,"defence_magic":0,"defence_ranged":55,"drops":[{"id":4569,"name":"book page 1","quantity":"1","noted":false,"rarity":"1.00","rolls":1},{"id":11941,"name":"looting bag","quantity":"1","noted":false,"rarity":"0.10","rolls":1},{"id":13459,"name":"ensouled scorpion head","quantity":"1","noted":false,"rarity":"0.04","rolls":1},{"id":23182,"name":"clue scroll (beginner)","quantity":"1","noted":false,"rarity":"0.01","rolls":1},{"id":23490,"name":"larran's key","quantity":"1","noted":false,"rarity":"0.00","rolls":1},{"id":21257,"name":"slayer's enchantment","quantity":"1","noted":false,"rarity":"0.00","rolls":1}]}