{"name":"minotaur","combat_level":12,"size":1,"hitpoints":10,"max_hit":2,"attack_type":["crush"],"attack_speed":4,"aggressive":false,"poisonous":false,"venomous":false,"immune_poison":false,"immune_venom":false,"attributes":[],"category":["minotaurs"],"slayer_monster":true,"slayer_level":1,"slayer_xp":"10.00","slayer_masters":["turael","spria"],"attack_level":12,"strength_level":10,"defence_level":10,"magic_level":1,"ranged_level":1,"attack_bonus":0,"strength_bonus":0,"attack_magic":0,"magic_bonus":0,"attack_ranged":0,"ranged_bonus":0,"defence_stab":-21,"defence_slash":-21,"defence_crush":-21,"defence_magic":-21,"defence_ranged":-21,"drops":[{"id":1623,"name":"uncut sapphire","quantity":"1","noted":false,"rarity":"0.00","rolls":1},{"id":1621,"name":"uncut emerald","quantity":"1","noted":false,"rarity":"0.00","rolls":1},{"id":1619,"name":"uncut ruby","quantity":"1","noted":false,"rarity":"0.00","rolls":1},{"id":1452,"name":"chaos talisman","quantity":"1","noted":false,"rarity":"0.00","rolls":1},{"id":1462,"name":"nature talisman","quantity":"1","noted":false,"rarity":"0.00","rolls":1},{"id":1617,"name":"uncut diamond","quantity":"1","noted":false,"rarity":"0.00","rolls":1},{"id":830,"name":"rune javelin","quantity":"5","noted":false,"rarity":"0.00","rolls":1},{"id":987,"name":"loop half of key","quantity":"1","noted":false,"rarity":"0.00","rolls":1},{"id":985,"name":"tooth half of key","quantity":"1","noted":false,"rarity":"0.00","rolls":1},{"id":1247,"name":"rune spear","quantity":"1","noted":false,"rarity":"0.00","rolls":1},{"id":2366,"name":"shield left half","quantity":"1","noted":false,"rarity":"0.00","rolls":1},{"id":1249,"name":"dragon spear","quantity":"1","noted":false,"rarity":"0.00","rolls":1},{"id":526,"name":"bones","quantity":"1","noted":false,"rarity":"1.00","rolls":1},{"id":995,"name":"coins","quantity":"5-84","noted":false,"rarity":"0.07","rolls":1},{"id":436,"name":"copper ore","quantity":"1","noted":true,"rarity":"0.06","rolls":1},{"id":438,"name":"tin ore","quantity":"1","noted":true,"rarity":"0.06","rolls":1},{"id":7936,"name":"pure essence","quantity":"15","noted":true,"rarity":"0.05","rolls":1},{"id":1436,"name":"rune essence","quantity":"5","noted":true,"rarity":"0.05","rolls":1},{"id":2142,"name":"cooked meat","quantity":"1","noted":false,"rarity":"0.03","rolls":1},{"id":9007,"name":"right skull half","quantity":"1","noted":false,"rarity":"0.03","rolls":1},{"id":884,"name":"iron arrow","quantity":"5-14","noted":false,"rarity":"0.10","rolls":1},{"id":13456,"name":"ensouled minotaur head","quantity":"1","noted":false,"rarity":"0.02","rolls":1},{"id":23182,"name":"clue scroll (beginner)","quantity":"1","noted":false,"rarity":"0.02","rolls":1},{"id":1237,"name":"bronze spear","quantity":"1","noted":false,"rarity":"0.10","rolls":1},{"id":2677,"name":"clue scroll (easy)","quantity":"1","noted":false,"rarity":"0.01","rolls":1},{"id":1155,"name":"bronze full helm","quantity":"1","noted":false,"rarity":"0.10","rolls":1},{"id":882,"name":"bronze arrow","quantity":"3","noted":false,"rarity":"0.03","rolls":1},{"id":1205,"name":"bronze dagger","quantity":"1","noted":false,"rarity":"0.04","rolls":1},{"id":558,"name":"mind rune","quantity":"1","noted":false,"rarity":"0.01","rolls":1},{"id":995,"name":"coins","quantity":"2","noted":false,"rarity":"0.11","rolls":1},{"id":995,"name":"coins","quantity":"7","noted":false,"rarity":"0.20","rolls":1}]}