{"name":"rat","combat_level":1,"size":1,"hitpoints":2,"max_hit":0,"attack_type":["crush"],"attack_speed":4,"aggressive":false,"poisonous":false,"venomous":false,"immune_poison":false,"immune_venom":false,"attributes":[],"category":["rats"],"slayer_monster":true,"slayer_level":1,"slayer_xp":"2.00","slayer_masters":["turael","spria"],"attack_level":1,"strength_level":1,"defence_level":1,"magic_level":1,"ranged_level":1,"attack_bonus":-47,"strength_bonus":-53,"attack_magic":0,"magic_bonus":0,"attack_ranged":0,"ranged_bonus":0,"defence_stab":-42,"defence_slash":-42,"defence_crush":-42,"defence_magic":-42,"defence_ranged":-42,"drops":[{"id":526,"name":"bones","quantity":"1","noted":false,"rarity":"1.00","rolls":1},{"id":300,"name":"rat's tail","quantity":"1","noted":false,"rarity":"1.00","rolls":1},{"id":7836,"name":"rat bone","quantity":"1","noted":false,"rarity":"0.25","rolls":1},{"id":11941,"name":"looting bag","quantity":"1","noted":false,"rarity":"0.07","rolls":1}]}