{"name":"flesh crawler","combat_level":41,"size":2,"hitpoints":25,"max_hit":1,"attack_type":["slash"],"attack_speed":3,"aggressive":true,"poisonous":false,"venomous":false,"immune_poison":false,"immune_venom":false,"attributes":[],"category":["flesh crawlers"],"slayer_monster":true,"slayer_level":1,"slayer_xp":"25.00","slayer_masters":["mazchna"],"attack_level":100,"strength_level":2,"defence_level":10,"magic_level":1,"ranged_level":1,"attack_bonus":0,"strength_bonus":0,"attack_magic":0,"magic_bonus":0,"attack_ranged":0,"ranged_bonus":0,"defence_stab":15,"defence_slash":15,"defence_crush":15,"defence_magic":15,"defence_ranged":15,"drops":[{"id":1623,"name":"uncut sapphire","quantity":"1","noted":false,"rarity":"0.01","rolls":1},{"id":1621,"name":"uncut emerald","quantity":"1","noted":false,"rarity":"0.00","rolls":1},{"id":1619,"name":"uncut ruby","quantity":"1","noted":false,"rarity":"0.00","rolls":1},{"id":1452,"name":"chaos talisman","quantity":"1","noted":false,"rarity":"0.00","rolls":1},{"id":1462,"name":"nature talisman","quantity":"1","noted":false,"rarity":"0.00","rolls":1},{"id":1617,"name":"uncut diamond","quantity":"1","noted":false,"rarity":"0.00","rolls":1},{"id":830,"name":"rune javelin","quantity":"5","noted":false,"rarity":"0.00","rolls":1},{"id":987,"name":"loop half of key","quantity":"1","noted":false,"rarity":"0.00","rolls":1},{"id":985,"name":"tooth half of key","quantity":"1","noted":false,"rarity":"0.00","rolls":1},{"id":1247,"name":"rune spear","quantity":"1","noted":false,"rarity":"0.00","rolls":1},{"id":2366,"name":"shield left half","quantity":"1","noted":false,"rarity":"0.00","rolls":1},{"id":1249,"name":"dragon spear","quantity":"1","noted":false,"rarity":"0.00","rolls":1},{"id":559,"name":"body rune","quantity":"3-12","noted":false,"rarity":"0.17","rolls":1},{"id":209,"name":"grimy irit leaf","quantity":"1","noted":false,"rarity":"0.01","rolls":1},{"id":211,"name":"grimy avantoe","quantity":"1","noted":false,"rarity":"0.01","rolls":1},{"id":213,"name":"grimy kwuarm","quantity":"1","noted":false,"rarity":"0.01","rolls":1},{"id":215,"name":"grimy cadantine","quantity":"1","noted":false,"rarity":"0.01","rolls":1},{"id":2485,"name":"grimy lantadyme","quantity":"1","noted":false,"rarity":"0.00","rolls":1},{"id":217,"name":"grimy dwarf weed","quantity":"1","noted":false,"rarity":"0.00","rolls":1},{"id":995,"name":"coins","quantity":"10","noted":false,"rarity":"0.17","rolls":1},{"id":995,"name":"coins","quantity":"5-84","noted":false,"rarity":"0.07","rolls":1},{"id":440,"name":"iron ore","quantity":"1","noted":false,"rarity":"0.05","rolls":1},{"id":440,"name":"iron ore","quantity":"3-10","noted":true,"rarity":"0.05","rolls":1},{"id":554,"name":"fire rune","quantity":"42","noted":false,"rarity":"0.02","rolls":1},{"id":592,"name":"ashes","quantity":"1","noted":false,"rarity":"0.04","rolls":1},{"id":9011,"name":"bottom of sceptre","quantity":"1","noted":false,"rarity":"0.03","rolls":1},{"id":2355,"name":"silver bar","quantity":"1","noted":false,"rarity":"0.01","rolls":1},{"id":4696,"name":"dust rune","quantity":"3-9","noted":false,"rarity":"0.04","rolls":1},{"id":561,"name":"nature rune","quantity":"5","noted":false,"rarity":"0.02","rolls":1},{"id":199,"name":"grimy guam leaf","quantity":"1","noted":false,"rarity":"0.04","rolls":1},{"id":201,"name":"grimy marrentill","quantity":"1","noted":false,"rarity":"0.03","rolls":1},{"id":203,"name":"grimy tarromin","quantity":"1","noted":false,"rarity":"0.02","rolls":1},{"id":205,"name":"grimy harralander","quantity":"1","noted":false,"rarity":"0.02","rolls":1},{"id":207,"name":"grimy ranarr weed","quantity":"1","noted":false,"rarity":"0.01","rolls":1}]}