{"name":"zombie","combat_level":53,"size":1,"hitpoints":50,"max_hit":5,"attack_type":["slash"],"attack_speed":5,"aggressive":true,"poisonous":false,"venomous":false,"immune_poison":false,"immune_venom":false,"attributes":["undead"],"category":["zombies"],"slayer_monster":true,"slayer_level":1,"slayer_xp":"50.00","slayer_masters":["turael","spria","krystilia","mazchna"],"attack_level":55,"strength_level":40,"defence_level":48,"magic_level":1,"ranged_level":1,"attack_bonus":5,"strength_bonus":7,"attack_magic":0,"magic_bonus":0,"attack_ranged":0,"ranged_bonus":0,"defence_stab":19,"defence_slash":18,"defence_crush":0,"defence_magic":20,"defence_ranged":21,"drops":[{"id":1623,"name":"uncut sapphire","quantity":"1","noted":false,"rarity":"0.01","rolls":1},{"id":1621,"name":"uncut emerald","quantity":"1","noted":false,"rarity":"0.00","rolls":1},{"id":1619,"name":"uncut ruby","quantity":"1","noted":false,"rarity":"0.00","rolls":1},{"id":1452,"name":"chaos talisman","quantity":"1","noted":false,"rarity":"0.00","rolls":1},{"id":1462,"name":"nature talisman","quantity":"1","noted":false,"rarity":"0.00","rolls":1},{"id":1617,"name":"uncut diamond","quantity":"1","noted":false,"rarity":"0.00","rolls":1},{"id":830,"name":"rune javelin","quantity":"5","noted":false,"rarity":"0.00","rolls":1},{"id":987,"name":"loop half of key","quantity":"1","noted":false,"rarity":"0.00","rolls":1},{"id":985,"name":"tooth half of key","quantity":"1","noted":false,"rarity":"0.00","rolls":1},{"id":1247,"name":"rune spear","quantity":"1","noted":false,"rarity":"0.00","rolls":1},{"id":2366,"name":"shield left half","quantity":"1","noted":false,"rarity":"0.00","rolls":1},{"id":1249,"name":"dragon spear","quantity":"1","noted":false,"rarity":"0.00","rolls":1},{"id":1623,"name":"uncut sapphire","quantity":"1","noted":false,"rarity":"0.00","rolls":1},{"id":1621,"name":"uncut emerald","quantity":"1","noted":false,"rarity":"0.00","rolls":1},{"id":1619,"name":"uncut ruby","quantity":"1","noted":false,"rarity":"0.00","rolls":1},{"id":1452,"name":"chaos talisman","quantity":"1","noted":false,"rarity":"0.00","rolls":1},{"id":1462,"name":"nature talisman","quantity":"1","noted":false,"rarity":"0.00","rolls":1},{"id":1617,"name":"uncut diamond","quantity":"1","noted":false,"rarity":"0.00","rolls":1},{"id":830,"name":"rune javelin","quantity":"5","noted":false,"rarity":"0.00","rolls":1},{"id":987,"name":"loop half of key","quantity":"1","noted":false,"rarity":"0.00","rolls":1},{"id":985,"name":"tooth half of key","quantity":"1","noted":false,"rarity":"0.00","rolls":1},{"id":1247,"name":"rune spear","quantity":"1","noted":false,"rarity":"0.00","rolls":1},{"id":2366,"name":"shield left half","quantity":"1","noted":false,"rarity":"0.00","rolls":1},{"id":1249,"name":"dragon spear","quantity":"1","noted":false,"rarity":"0.00","rolls":1},{"id":526,"name":"bones","quantity":"1","noted":false,"rarity":"1.00","rolls":1},{"id":884,"name":"iron arrow","quantity":"5","noted":false,"rarity":"0.05","rolls":1},{"id":217,"name":"grimy dwarf weed","quantity":"1","noted":false,"rarity":"0.00","rolls":1},{"id":995,"name":"coins","quantity":"10","noted":false,"rarity":"0.15","rolls":1},{"id":995,"name":"coins","quantity":"26","noted":false,"rarity":"0.04","rolls":1},{"id":995,"name":"coins","quantity":"35","noted":false,"rarity":"0.03","rolls":1},{"id":995,"name":"coins","quantity":"1","noted":false,"rarity":"0.02","rolls":1},{"id":995,"name":"coins","quantity":"18","noted":false,"rarity":"0.01","rolls":1},{"id":313,"name":"fishing bait","quantity":"3","noted":false,"rarity":"0.33","rolls":1},{"id":11940,"name":"dark fishing bait","quantity":"3","noted":false,"rarity":"0.33","rolls":1},{"id":313,"name":"fishing bait","quantity":"4","noted":false,"rarity":"0.20","rolls":1},{"id":11940,"name":"dark fishing bait","quantity":"4","noted":false,"rarity":"0.20","rolls":1},{"id":559,"name":"body rune","quantity":"6","noted":false,"rarity":"0.04","rolls":1},{"id":313,"name":"fishing bait","quantity":"7","noted":false,"rarity":"0.02","rolls":1},{"id":11940,"name":"dark fishing bait","quantity":"7","noted":false,"rarity":"0.02","rolls":1},{"id":221,"name":"eye of newt","quantity":"1","noted":false,"rarity":"0.02","rolls":1},{"id":590,"name":"tinderbox","quantity":"1","noted":false,"rarity":"0.01","rolls":1},{"id":558,"name":"mind rune","quantity":"5","noted":false,"rarity":"0.04","rolls":1},{"id":7863,"name":"zombie bone","quantity":"1","noted":false,"rarity":"0.25","rolls":1},{"id":6807,"name":"zombie champion scroll","quantity":"1","noted":false,"rarity":"0.00","rolls":1},{"id":23490,"name":"larran's key","quantity":"1","noted":false,"rarity":"0.00","rolls":1},{"id":21257,"name":"slayer's enchantment","quantity":"1","noted":false,"rarity":"0.00","rolls":1},{"id":526,"name":"bones","quantity":"1","noted":false,"rarity":"1.00","rolls":1},{"id":556,"name":"air rune","quantity":"13","noted":false,"rarity":"0.03","rolls":1},{"id":886,"name":"steel arrow","quantity":"5-14","noted":false,"rarity":"0.20","rolls":1},{"id":559,"name":"body rune","quantity":"7","noted":false,"rarity":"0.10","rolls":1},{"id":199,"name":"grimy guam leaf","quantity":"1","noted":false,"rarity":"0.01","rolls":1},{"id":201,"name":"grimy marrentill","quantity":"1","noted":false,"rarity":"0.01","rolls":1},{"id":203,"name":"grimy tarromin","quantity":"1","noted":false,"rarity":"0.01","rolls":1},{"id":205,"name":"grimy harralander","quantity":"1","noted":false,"rarity":"0.00","rolls":1},{"id":207,"name":"grimy ranarr weed","quantity":"1","noted":false,"rarity":"0.00","rolls":1},{"id":209,"name":"grimy irit leaf","quantity":"1","noted":false,"rarity":"0.00","rolls":1},{"id":211,"name":"grimy avantoe","quantity":"1","noted":false,"rarity":"0.00","rolls":1},{"id":213,"name":"grimy kwuarm","quantity":"1","noted":false,"rarity":"0.00","rolls":1},{"id":884,"name":"iron arrow","quantity":"8","noted":false,"rarity":"0.03","rolls":1},{"id":215,"name":"grimy cadantine","quantity":"1","noted":false,"rarity":"0.00","rolls":1},{"id":2485,"name":"grimy lantadyme","quantity":"1","noted":false,"rarity":"0.00","rolls":1},{"id":217,"name":"grimy dwarf weed","quantity":"1","noted":false,"rarity":"0.00","rolls":1},{"id":995,"name":"coins","quantity":"5-84","noted":false,"rarity":"0.10","rolls":1},{"id":995,"name":"coins","quantity":"10","noted":false,"rarity":"0.04","rolls":1},{"id":1917,"name":"beer","quantity":"1","noted":false,"rarity":"0.10","rolls":1},{"id":592,"name":"ashes","quantity":"1","noted":false,"rarity":"0.04","rolls":1},{"id":886,"name":"steel arrow","quantity":"5","noted":false,"rarity":"0.02","rolls":1},{"id":6807,"name":"zombie champion scroll","quantity":"1","noted":false,"rarity":"0.00","rolls":1},{"id":561,"name":"nature rune","quantity":"6","noted":false,"rarity":"0.01","rolls":1},{"id":199,"name":"grimy guam leaf","quantity":"1","noted":false,"rarity":"0.05","rolls":1},{"id":201,"name":"grimy marrentill","quantity":"1","noted":false,"rarity":"0.04","rolls":1},{"id":203,"name":"grimy tarromin","quantity":"1","noted":false,"rarity":"0.03","rolls":1},{"id":7863,"name":"zombie bone","quantity":"1","noted":false,"rarity":"0.25","rolls":1},{"id":205,"name":"grimy harralander","quantity":"1","noted":false,"rarity":"0.02","rolls":1},{"id":207,"name":"grimy ranarr weed","quantity":"1","noted":false,"rarity":"0.02","rolls":1},{"id":209,"name":"grimy irit leaf","quantity":"1","noted":false,"rarity":"0.01","rolls":1},{"id":211,"name":"grimy avantoe","quantity":"1","noted":false,"rarity":"0.01","rolls":1},{"id":213,"name":"grimy kwuarm","quantity":"1","noted":false,"rarity":"0.01","rolls":1},{"id":215,"name":"grimy cadantine","quantity":"1","noted":false,"rarity":"0.01","rolls":1},{"id":2485,"name":"grimy lantadyme","quantity":"1","noted":false,"rarity":"0.00","rolls":1},{"id":217,"name":"grimy dwarf weed","quantity":"1","noted":false,"rarity":"0.00","rolls":1},{"id":995,"name":"coins","quantity":"10","noted":false,"rarity":"0.28","rolls":1},{"id":995,"name":"coins","quantity":"4","noted":false,"rarity":"0.03","rolls":1},{"id":6807,"name":"zombie champion scroll","quantity":"1","noted":false,"rarity":"0.00","rolls":1},{"id":995,"name":"coins","quantity":"18","noted":false,"rarity":"0.02","rolls":1},{"id":995,"name":"coins","quantity":"13","noted":false,"rarity":"0.02","rolls":1},{"id":995,"name":"coins","quantity":"28","noted":false,"rarity":"0.02","rolls":1},{"id":313,"name":"fishing bait","quantity":"5","noted":false,"rarity":"0.29","rolls":1},{"id":436,"name":"copper ore","quantity":"1","noted":false,"rarity":"0.02","rolls":1},{"id":7863,"name":"zombie bone","quantity":"1","noted":false,"rarity":"0.25","rolls":1},{"id":6807,"name":"zombie champion scroll","quantity":"1","noted":false,"rarity":"0.00","rolls":1},{"id":526,"name":"bones","quantity":"1","noted":false,"rarity":"1.00","rolls":1},{"id":1420,"name":"iron mace","quantity":"1","noted":false,"rarity":"0.02","rolls":1},{"id":1203,"name":"iron dagger","quantity":"1","noted":false,"rarity":"0.02","rolls":1},{"id":23490,"name":"larran's key","quantity":"1","noted":false,"rarity":"0.00","rolls":1},{"id":1189,"name":"bronze kiteshield","quantity":"1","noted":false,"rarity":"0.01","rolls":1},{"id":888,"name":"mithril arrow","quantity":"1","noted":false,"rarity":"0.02","rolls":1},{"id":559,"name":"body rune","quantity":"3","noted":false,"rarity":"0.02","rolls":1},{"id":556,"name":"air rune","quantity":"4","noted":false,"rarity":"0.02","rolls":1},{"id":562,"name":"chaos rune","quantity":"4","noted":false,"rarity":"0.01","rolls":1},{"id":564,"name":"cosmic rune","quantity":"2","noted":false,"rarity":"0.01","rolls":1},{"id":554,"name":"fire rune","quantity":"7","noted":false,"rarity":"0.01","rolls":1},{"id":199,"name":"grimy guam leaf","quantity":"1","noted":false,"rarity":"0.06","rolls":1},{"id":201,"name":"grimy marrentill","quantity":"1","noted":false,"rarity":"0.04","rolls":1},{"id":203,"name":"grimy tarromin","quantity":"1","noted":false,"rarity":"0.03","rolls":1},{"id":21257,"name":"slayer's enchantment","quantity":"1","noted":false,"rarity":"0.00","rolls":1},{"id":205,"name":"grimy harralander","quantity":"1","noted":false,"rarity":"0.03","rolls":1},{"id":207,"name":"grimy ranarr weed","quantity":"1","noted":false,"rarity":"0.02","rolls":1},{"id":209,"name":"grimy irit leaf","quantity":"1","noted":false,"rarity":"0.01","rolls":1},{"id":211,"name":"grimy avantoe","quantity":"1","noted":false,"rarity":"0.01","rolls":1},{"id":213,"name":"grimy kwuarm","quantity":"1","noted":false,"rarity":"0.01","rolls":1},{"id":215,"name":"grimy cadantine","quantity":"1","noted":false,"rarity":"0.01","rolls":1},{"id":2485,"name":"grimy lantadyme","quantity":"1","noted":false,"rarity":"0.01","rolls":1},{"id":217,"name":"grimy dwarf weed","quantity":"1","noted":false,"rarity":"0.01","rolls":1},{"id":995,"name":"coins","quantity":"10","noted":false,"rarity":"0.31","rolls":1},{"id":995,"name":"coins","quantity":"18","noted":false,"rarity":"0.16","rolls":1},{"id":526,"name":"bones","quantity":"1","noted":false,"rarity":"1.00","rolls":1},{"id":995,"name":"coins","quantity":"26","noted":false,"rarity":"0.06","rolls":1},{"id":995,"name":"coins","quantity":"35","noted":false,"rarity":"0.05","rolls":1},{"id":995,"name":"coins","quantity":"1","noted":false,"rarity":"0.02","rolls":1},{"id":313,"name":"fishing bait","quantity":"7","noted":false,"rarity":"0.20","rolls":1},{"id":590,"name":"tinderbox","quantity":"1","noted":false,"rarity":"0.02","rolls":1},{"id":221,"name":"eye of newt","quantity":"1","noted":false,"rarity":"0.01","rolls":1},{"id":438,"name":"tin ore","quantity":"1","noted":false,"rarity":"0.01","rolls":1},{"id":1139,"name":"bronze med helm","quantity":"1","noted":false,"rarity":"0.03","rolls":1},{"id":7863,"name":"zombie bone","quantity":"1","noted":false,"rarity":"0.25","rolls":1},{"id":1291,"name":"bronze longsword","quantity":"1","noted":false,"rarity":"0.01","rolls":1},{"id":6807,"name":"zombie champion scroll","quantity":"1","noted":false,"rarity":"0.00","rolls":1},{"id":526,"name":"bones","quantity":"1","noted":false,"rarity":"1.00","rolls":1},{"id":1189,"name":"bronze kiteshield","quantity":"1","noted":false,"rarity":"0.02","rolls":1},{"id":1203,"name":"iron dagger","quantity":"1","noted":false,"rarity":"0.02","rolls":1},{"id":1420,"name":"iron mace","quantity":"1","noted":false,"rarity":"0.01","rolls":1},{"id":564,"name":"cosmic rune","quantity":"2","noted":false,"rarity":"0.05","rolls":1},{"id":562,"name":"chaos rune","quantity":"4","noted":false,"rarity":"0.04","rolls":1},{"id":556,"name":"air rune","quantity":"3","noted":false,"rarity":"0.02","rolls":1},{"id":559,"name":"body rune","quantity":"3","noted":false,"rarity":"0.02","rolls":1},{"id":554,"name":"fire rune","quantity":"7","noted":false,"rarity":"0.01","rolls":1},{"id":1349,"name":"iron axe","quantity":"1","noted":false,"rarity":"0.01","rolls":1},{"id":199,"name":"grimy guam leaf","quantity":"1","noted":false,"rarity":"0.03","rolls":1},{"id":201,"name":"grimy marrentill","quantity":"1","noted":false,"rarity":"0.02","rolls":1},{"id":203,"name":"grimy tarromin","quantity":"1","noted":false,"rarity":"0.01","rolls":1},{"id":205,"name":"grimy harralander","quantity":"1","noted":false,"rarity":"0.01","rolls":1},{"id":207,"name":"grimy ranarr weed","quantity":"1","noted":false,"rarity":"0.01","rolls":1},{"id":209,"name":"grimy irit leaf","quantity":"1","noted":false,"rarity":"0.01","rolls":1},{"id":211,"name":"grimy avantoe","quantity":"1","noted":false,"rarity":"0.00","rolls":1},{"id":213,"name":"grimy kwuarm","quantity":"1","noted":false,"rarity":"0.00","rolls":1},{"id":215,"name":"grimy cadantine","quantity":"1","noted":false,"rarity":"0.00","rolls":1},{"id":2485,"name":"grimy lantadyme","quantity":"1","noted":false,"rarity":"0.00","rolls":1}]}