{"name":"giant rat","combat_level":26,"size":2,"hitpoints":25,"max_hit":3,"attack_type":["stab"],"attack_speed":4,"aggressive":false,"poisonous":false,"venomous":false,"immune_poison":false,"immune_venom":false,"attributes":[],"category":["rats"],"slayer_monster":true,"slayer_level":1,"slayer_xp":"25.00","slayer_masters":["turael","spria"],"attack_level":22,"strength_level":23,"defence_level":22,"magic_level":1,"ranged_level":1,"attack_bonus":0,"strength_bonus":0,"attack_magic":0,"magic_bonus":0,"attack_ranged":0,"ranged_bonus":0,"defence_stab":0,"defence_slash":0,"defence_crush":0,"defence_magic":0,"defence_ranged":0,"drops":[{"id":526,"name":"bones","quantity":"1","noted":false,"rarity":"1.00","rolls":1},{"id":2134,"name":"raw rat meat","quantity":"1","noted":false,"rarity":"1.00","rolls":1},{"id":7824,"name":"giant rat bone","quantity":"1","noted":false,"rarity":"1.00","rolls":1},{"id":11941,"name":"looting bag","quantity":"1","noted":false,"rarity":"0.07","rolls":1},{"id":23182,"name":"clue scroll (beginner)","quantity":"1","noted":false,"rarity":"0.01","rolls":1}]}