{"name":"ankou","combat_level":86,"size":1,"hitpoints":70,"max_hit":8,"attack_type":["crush"],"attack_speed":4,"aggressive":true,"poisonous":false,"venomous":false,"immune_poison":false,"immune_venom":false,"attributes":["spectral","undead"],"category":["ankou"],"slayer_monster":true,"slayer_level":1,"slayer_xp":"70.00","slayer_masters":["krystilia","vannaka","konar","nieve","duradel"],"attack_level":75,"strength_level":75,"defence_level":80,"magic_level":1,"ranged_level":1,"attack_bonus":0,"strength_bonus":0,"attack_magic":0,"magic_bonus":0,"attack_ranged":0,"ranged_bonus":0,"defence_stab":0,"defence_slash":0,"defence_crush":0,"defence_magic":0,"defence_ranged":0,"drops":[{"id":1623,"name":"uncut sapphire","quantity":"1","noted":false,"rarity":"0.01","rolls":1},{"id":1621,"name":"uncut emerald","quantity":"1","noted":false,"rarity":"0.00","rolls":1},{"id":1619,"name":"uncut ruby","quantity":"1","noted":false,"rarity":"0.00","rolls":1},{"id":1452,"name":"chaos talisman","quantity":"1","noted":false,"rarity":"0.00","rolls":1},{"id":1462,"name":"nature talisman","quantity":"1","noted":false,"rarity":"0.00","rolls":1},{"id":1617,"name":"uncut diamond","quantity":"1","noted":false,"rarity":"0.00","rolls":1},{"id":830,"name":"rune javelin","quantity":"5","noted":false,"rarity":"0.00","rolls":1},{"id":987,"name":"loop half of key","quantity":"1","noted":false,"rarity":"0.00","rolls":1},{"id":985,"name":"tooth half of key","quantity":"1","noted":false,"rarity":"0.00","rolls":1},{"id":1247,"name":"rune spear","quantity":"1","noted":false,"rarity":"0.00","rolls":1},{"id":2366,"name":"shield left half","quantity":"1","noted":false,"rarity":"0.00","rolls":1},{"id":1249,"name":"dragon spear","quantity":"1","noted":false,"rarity":"0.00","rolls":1},{"id":526,"name":"bones","quantity":"1","noted":false,"rarity":"1.00","rolls":1},{"id":201,"name":"grimy marrentill","quantity":"1","noted":false,"rarity":"0.01","rolls":1},{"id":203,"name":"grimy tarromin","quantity":"1","noted":false,"rarity":"0.00","rolls":1},{"id":205,"name":"grimy harralander","quantity":"1","noted":false,"rarity":"0.00","rolls":1},{"id":207,"name":"grimy ranarr weed","quantity":"1","noted":false,"rarity":"0.00","rolls":1},{"id":209,"name":"grimy irit leaf","quantity":"1","noted":false,"rarity":"0.00","rolls":1},{"id":211,"name":"grimy avantoe","quantity":"1","noted":false,"rarity":"0.00","rolls":1},{"id":213,"name":"grimy kwuarm","quantity":"1","noted":false,"rarity":"0.00","rolls":1},{"id":215,"name":"grimy cadantine","quantity":"1","noted":false,"rarity":"0.00","rolls":1},{"id":2485,"name":"grimy lantadyme","quantity":"1","noted":false,"rarity":"0.00","rolls":1},{"id":217,"name":"grimy dwarf weed","quantity":"1","noted":false,"rarity":"0.00","rolls":1},{"id":869,"name":"black knife","quantity":"1","noted":false,"rarity":"0.01","rolls":1},{"id":5100,"name":"limpwurt seed","quantity":"1","noted":false,"rarity":"0.00","rolls":1},{"id":5323,"name":"strawberry seed","quantity":"1","noted":false,"rarity":"0.00","rolls":1},{"id":5292,"name":"marrentill seed","quantity":"1","noted":false,"rarity":"0.00","rolls":1},{"id":5104,"name":"jangerberry seed","quantity":"1","noted":false,"rarity":"0.00","rolls":1},{"id":5293,"name":"tarromin seed","quantity":"1","noted":false,"rarity":"0.00","rolls":1},{"id":5311,"name":"wildblood seed","quantity":"1","noted":false,"rarity":"0.00","rolls":1},{"id":5321,"name":"watermelon seed","quantity":"1","noted":false,"rarity":"0.00","rolls":1},{"id":5294,"name":"harralander seed","quantity":"1","noted":false,"rarity":"0.00","rolls":1},{"id":22879,"name":"snape grass seed","quantity":"1","noted":false,"rarity":"0.00","rolls":1},{"id":5295,"name":"ranarr seed","quantity":"1","noted":false,"rarity":"0.00","rolls":1},{"id":581,"name":"black robe","quantity":"1","noted":false,"rarity":"0.01","rolls":1},{"id":5105,"name":"whiteberry seed","quantity":"1","noted":false,"rarity":"0.00","rolls":1},{"id":5282,"name":"mushroom spore","quantity":"1","noted":false,"rarity":"0.00","rolls":1},{"id":5296,"name":"toadflax seed","quantity":"1","noted":false,"rarity":"0.00","rolls":1},{"id":5281,"name":"belladonna seed","quantity":"1","noted":false,"rarity":"0.00","rolls":1},{"id":5297,"name":"irit seed","quantity":"1","noted":false,"rarity":"0.00","rolls":1},{"id":5106,"name":"poison ivy seed","quantity":"1","noted":false,"rarity":"0.00","rolls":1},{"id":5298,"name":"avantoe seed","quantity":"1","noted":false,"rarity":"0.00","rolls":1},{"id":5280,"name":"cactus seed","quantity":"1","noted":false,"rarity":"0.00","rolls":1},{"id":5299,"name":"kwuarm seed","quantity":"1","noted":false,"rarity":"0.00","rolls":1},{"id":22873,"name":"potato cactus seed","quantity":"1","noted":false,"rarity":"0.00","rolls":1},{"id":890,"name":"adamant arrow","quantity":"5-14","noted":false,"rarity":"0.04","rolls":1},{"id":5300,"name":"snapdragon seed","quantity":"1","noted":false,"rarity":"0.00","rolls":1},{"id":5301,"name":"cadantine seed","quantity":"1","noted":false,"rarity":"0.00","rolls":1},{"id":5302,"name":"lantadyme seed","quantity":"1","noted":false,"rarity":"0.00","rolls":1},{"id":5303,"name":"dwarf weed seed","quantity":"1","noted":false,"rarity":"0.00","rolls":1},{"id":5304,"name":"torstol seed","quantity":"1","noted":false,"rarity":"0.00","rolls":1},{"id":7936,"name":"pure essence","quantity":"15","noted":true,"rarity":"0.05","rolls":1},{"id":1436,"name":"rune essence","quantity":"15","noted":true,"rarity":"0.05","rolls":1},{"id":447,"name":"mithril ore","quantity":"3-7","noted":true,"rarity":"0.02","rolls":1},{"id":995,"name":"coins","quantity":"8","noted":false,"rarity":"0.33","rolls":1},{"id":995,"name":"coins","quantity":"5-204","noted":false,"rarity":"0.10","rolls":1},{"id":560,"name":"death rune","quantity":"10","noted":false,"rarity":"0.10","rolls":1},{"id":995,"name":"coins","quantity":"10","noted":false,"rarity":"0.03","rolls":1},{"id":995,"name":"coins","quantity":"5","noted":false,"rarity":"0.01","rolls":1},{"id":11940,"name":"dark fishing bait","quantity":"60","noted":false,"rarity":"0.33","rolls":1},{"id":313,"name":"fishing bait","quantity":"60","noted":false,"rarity":"0.33","rolls":1},{"id":9008,"name":"left skull half","quantity":"1","noted":false,"rarity":"0.03","rolls":1},{"id":365,"name":"bass","quantity":"1","noted":false,"rarity":"0.02","rolls":1},{"id":187,"name":"weapon poison","quantity":"1","noted":false,"rarity":"0.02","rolls":1},{"id":7082,"name":"fried mushrooms","quantity":"1","noted":false,"rarity":"0.01","rolls":1},{"id":565,"name":"blood rune","quantity":"11","noted":false,"rarity":"0.06","rolls":1},{"id":563,"name":"law rune","quantity":"2","noted":false,"rarity":"0.06","rolls":1},{"id":20543,"name":"reward casket (elite)","quantity":"1","noted":false,"rarity":"1.00","rolls":1},{"id":23083,"name":"brimstone key","quantity":"1","noted":false,"rarity":"0.00","rolls":1},{"id":2722,"name":"clue scroll (hard)","quantity":"1","noted":false,"rarity":"0.00","rolls":1},{"id":19677,"name":"ancient shard","quantity":"1","noted":false,"rarity":"0.00","rolls":1},{"id":19679,"name":"dark totem base","quantity":"1","noted":false,"rarity":"0.00","rolls":1},{"id":19681,"name":"dark totem middle","quantity":"1","noted":false,"rarity":"0.00","rolls":1},{"id":19683,"name":"dark totem top","quantity":"1","noted":false,"rarity":"0.00","rolls":1},{"id":565,"name":"blood rune","quantity":"5","noted":false,"rarity":"0.03","rolls":1},{"id":199,"name":"grimy guam leaf","quantity":"1","noted":false,"rarity":"0.01","rolls":1}]}