{"name":"black dragon","combat_level":227,"size":4,"hitpoints":190,"max_hit":21,"attack_type":["slash","dragonfire"],"attack_speed":4,"aggressive":true,"poisonous":false,"venomous":false,"immune_poison":false,"immune_venom":false,"attributes":["dragon","fiery"],"category":["black dragons"],"slayer_monster":true,"slayer_level":1,"slayer_xp":"199.50","slayer_masters":["krystilia","konar","nieve","duradel"],"attack_level":200,"strength_level":200,"defence_level":200,"magic_level":100,"ranged_level":1,"attack_bonus":0,"strength_bonus":0,"attack_magic":0,"magic_bonus":0,"attack_ranged":0,"ranged_bonus":0,"defence_stab":50,"defence_slash":70,"defence_crush":70,"defence_magic":60,"defence_ranged":50,"drops":[{"id":536,"name":"dragon bones","quantity":"1","noted":false,"rarity":"1.00","rolls":1},{"id":1303,"name":"rune longsword","quantity":"1","noted":false,"rarity":"0.01","rolls":1},{"id":829,"name":"adamant javelin","quantity":"30","noted":false,"rarity":"0.16","rolls":1},{"id":816,"name":"adamant dart(p)","quantity":"16","noted":false,"rarity":"0.05","rolls":1},{"id":554,"name":"fire rune","quantity":"50","noted":false,"rarity":"0.06","rolls":1},{"id":565,"name":"blood rune","quantity":"15","noted":false,"rarity":"0.02","rolls":1},{"id":556,"name":"air rune","quantity":"75","noted":false,"rarity":"0.01","rolls":1},{"id":563,"name":"law rune","quantity":"10","noted":false,"rarity":"0.04","rolls":1},{"id":995,"name":"coins","quantity":"196","noted":false,"rarity":"0.31","rolls":1},{"id":995,"name":"coins","quantity":"330","noted":false,"rarity":"0.08","rolls":1},{"id":995,"name":"coins","quantity":"690","noted":false,"rarity":"0.01","rolls":1},{"id":1747,"name":"black dragonhide","quantity":"1","noted":false,"rarity":"1.00","rolls":1},{"id":19582,"name":"dragon javelin heads","quantity":"10","noted":false,"rarity":"0.05","rolls":1},{"id":2361,"name":"adamantite bar","quantity":"1","noted":false,"rarity":"0.02","rolls":1},{"id":1897,"name":"chocolate cake","quantity":"1","noted":false,"rarity":"0.02","rolls":1},{"id":7478,"name":"dragon token","quantity":"1","noted":false,"rarity":"1.00","rolls":1},{"id":1315,"name":"mithril 2h sword","quantity":"1","noted":false,"rarity":"0.03","rolls":1},{"id":1355,"name":"mithril axe","quantity":"1","noted":false,"rarity":"0.02","rolls":1},{"id":11941,"name":"looting bag","quantity":"1","noted":false,"rarity":"0.33","rolls":1},{"id":13510,"name":"ensouled dragon head","quantity":"1","noted":false,"rarity":"0.03","rolls":1},{"id":23083,"name":"brimstone key","quantity":"1","noted":false,"rarity":"0.01","rolls":1},{"id":2722,"name":"clue scroll (hard)","quantity":"1","noted":false,"rarity":"0.01","rolls":1},{"id":12073,"name":"clue scroll (elite)","quantity":"1","noted":false,"rarity":"0.00","rolls":1},{"id":11286,"name":"draconic visage","quantity":"1","noted":false,"rarity":"0.00","rolls":1},{"id":23490,"name":"larran's key","quantity":"1","noted":false,"rarity":"0.01","rolls":1},{"id":21257,"name":"slayer's enchantment","quantity":"1","noted":false,"rarity":"0.01","rolls":1},{"id":1369,"name":"mithril battleaxe","quantity":"1","noted":false,"rarity":"0.02","rolls":1},{"id":868,"name":"rune knife","quantity":"2","noted":false,"rarity":"0.02","rolls":1},{"id":1197,"name":"mithril kiteshield","quantity":"1","noted":false,"rarity":"0.01","rolls":1},{"id":1123,"name":"adamant platebody","quantity":"1","noted":false,"rarity":"0.01","rolls":1}]}