{"name":"skeleton","combat_level":68,"size":1,"hitpoints":70,"max_hit":6,"attack_type":["crush"],"attack_speed":4,"aggressive":true,"poisonous":false,"venomous":false,"immune_poison":false,"immune_venom":false,"attributes":["undead"],"category":["skeletons"],"slayer_monster":true,"slayer_level":1,"slayer_xp":"70.00","slayer_masters":["turael","spria","krystilia","mazchna"],"attack_level":60,"strength_level":50,"defence_level":60,"magic_level":1,"ranged_level":1,"attack_bonus":0,"strength_bonus":0,"attack_magic":0,"magic_bonus":0,"attack_ranged":0,"ranged_bonus":0,"defence_stab":35,"defence_slash":35,"defence_crush":-5,"defence_magic":0,"defence_ranged":35,"drops":[{"id":1623,"name":"uncut sapphire","quantity":"1","noted":false,"rarity":"0.00","rolls":1},{"id":1621,"name":"uncut emerald","quantity":"1","noted":false,"rarity":"0.00","rolls":1},{"id":1619,"name":"uncut ruby","quantity":"1","noted":false,"rarity":"0.00","rolls":1},{"id":1452,"name":"chaos talisman","quantity":"1","noted":false,"rarity":"0.00","rolls":1},{"id":1462,"name":"nature talisman","quantity":"1","noted":false,"rarity":"0.00","rolls":1},{"id":1617,"name":"uncut diamond","quantity":"1","noted":false,"rarity":"0.00","rolls":1},{"id":830,"name":"rune javelin","quantity":"5","noted":false,"rarity":"0.00","rolls":1},{"id":987,"name":"loop half of key","quantity":"1","noted":false,"rarity":"0.00","rolls":1},{"id":985,"name":"tooth half of key","quantity":"1","noted":false,"rarity":"0.00","rolls":1},{"id":1247,"name":"rune spear","quantity":"1","noted":false,"rarity":"0.00","rolls":1},{"id":2366,"name":"shield left half","quantity":"1","noted":false,"rarity":"0.00","rolls":1},{"id":1249,"name":"dragon spear","quantity":"1","noted":false,"rarity":"0.00","rolls":1},{"id":556,"name":"air rune","quantity":"12","noted":false,"rarity":"0.02","rolls":1},{"id":557,"name":"earth rune","quantity":"3","noted":false,"rarity":"0.02","rolls":1},{"id":554,"name":"fire rune","quantity":"2","noted":false,"rarity":"0.02","rolls":1},{"id":562,"name":"chaos rune","quantity":"3","noted":false,"rarity":"0.02","rolls":1},{"id":561,"name":"nature rune","quantity":"3","noted":false,"rarity":"0.01","rolls":1},{"id":886,"name":"steel arrow","quantity":"1","noted":false,"rarity":"0.01","rolls":1},{"id":995,"name":"coins","quantity":"10","noted":false,"rarity":"0.16","rolls":1},{"id":995,"name":"coins","quantity":"2","noted":false,"rarity":"0.14","rolls":1},{"id":995,"name":"coins","quantity":"12","noted":false,"rarity":"0.12","rolls":1},{"id":995,"name":"coins","quantity":"4","noted":false,"rarity":"0.05","rolls":1},{"id":995,"name":"coins","quantity":"16","noted":false,"rarity":"0.03","rolls":1},{"id":995,"name":"coins","quantity":"25","noted":false,"rarity":"0.03","rolls":1},{"id":995,"name":"coins","quantity":"33","noted":false,"rarity":"0.03","rolls":1},{"id":995,"name":"coins","quantity":"48","noted":false,"rarity":"0.01","rolls":1},{"id":1203,"name":"iron dagger","quantity":"1","noted":false,"rarity":"0.05","rolls":1},{"id":1442,"name":"fire talisman","quantity":"1","noted":false,"rarity":"0.02","rolls":1},{"id":440,"name":"iron ore","quantity":"1","noted":false,"rarity":"0.01","rolls":1},{"id":1947,"name":"grain","quantity":"1","noted":false,"rarity":"0.01","rolls":1},{"id":11941,"name":"looting bag","quantity":"1","noted":false,"rarity":"0.07","rolls":1},{"id":23182,"name":"clue scroll (beginner)","quantity":"1","noted":false,"rarity":"0.01","rolls":1},{"id":6806,"name":"skeleton champion scroll","quantity":"1","noted":false,"rarity":"0.00","rolls":1},{"id":19677,"name":"ancient shard","quantity":"1","noted":false,"rarity":"0.00","rolls":1},{"id":19679,"name":"dark totem base","quantity":"1","noted":false,"rarity":"0.00","rolls":1},{"id":19681,"name":"dark totem middle","quantity":"1","noted":false,"rarity":"0.00","rolls":1},{"id":19683,"name":"dark totem top","quantity":"1","noted":false,"rarity":"0.00","rolls":1},{"id":23490,"name":"larran's key","quantity":"1","noted":false,"rarity":"0.00","rolls":1},{"id":21257,"name":"slayer's enchantment","quantity":"1","noted":false,"rarity":"0.00","rolls":1},{"id":526,"name":"bones","quantity":"1","noted":false,"rarity":"1.00","rolls":1},{"id":882,"name":"bronze arrow","quantity":"2","noted":false,"rarity":"0.05","rolls":1},{"id":882,"name":"bronze arrow","quantity":"5","noted":false,"rarity":"0.03","rolls":1},{"id":884,"name":"iron arrow","quantity":"1","noted":false,"rarity":"0.03","rolls":1}]}