{"name":"skeleton","combat_level":85,"size":1,"hitpoints":77,"max_hit":10,"attack_type":["slash"],"attack_speed":4,"aggressive":true,"poisonous":false,"venomous":false,"immune_poison":false,"immune_venom":false,"attributes":["undead"],"category":["skeletons"],"slayer_monster":true,"slayer_level":1,"slayer_xp":"77.00","slayer_masters":["turael","spria","krystilia","mazchna"],"attack_level":74,"strength_level":74,"defence_level":74,"magic_level":1,"ranged_level":1,"attack_bonus":15,"strength_bonus":14,"attack_magic":0,"magic_bonus":0,"attack_ranged":0,"ranged_bonus":0,"defence_stab":79,"defence_slash":31,"defence_crush":20,"defence_magic":5,"defence_ranged":70,"drops":[{"id":1623,"name":"uncut sapphire","quantity":"1","noted":false,"rarity":"0.00","rolls":1},{"id":1621,"name":"uncut emerald","quantity":"1","noted":false,"rarity":"0.00","rolls":1},{"id":1619,"name":"uncut ruby","quantity":"1","noted":false,"rarity":"0.00","rolls":1},{"id":1452,"name":"chaos talisman","quantity":"1","noted":false,"rarity":"0.00","rolls":1},{"id":1462,"name":"nature talisman","quantity":"1","noted":false,"rarity":"0.00","rolls":1},{"id":1617,"name":"uncut diamond","quantity":"1","noted":false,"rarity":"0.00","rolls":1},{"id":830,"name":"rune javelin","quantity":"5","noted":false,"rarity":"0.00","rolls":1},{"id":987,"name":"loop half of key","quantity":"1","noted":false,"rarity":"0.00","rolls":1},{"id":985,"name":"tooth half of key","quantity":"1","noted":false,"rarity":"0.00","rolls":1},{"id":1247,"name":"rune spear","quantity":"1","noted":false,"rarity":"0.00","rolls":1},{"id":2366,"name":"shield left half","quantity":"1","noted":false,"rarity":"0.00","rolls":1},{"id":1249,"name":"dragon spear","quantity":"1","noted":false,"rarity":"0.00","rolls":1},{"id":11941,"name":"looting bag","quantity":"1","noted":false,"rarity":"0.07","rolls":1},{"id":23182,"name":"clue scroll (beginner)","quantity":"1","noted":false,"rarity":"0.01","rolls":1},{"id":6806,"name":"skeleton champion scroll","quantity":"1","noted":false,"rarity":"0.00","rolls":1},{"id":23490,"name":"larran's key","quantity":"1","noted":false,"rarity":"0.00","rolls":1},{"id":21257,"name":"slayer's enchantment","quantity":"1","noted":false,"rarity":"0.00","rolls":1},{"id":526,"name":"bones","quantity":"1","noted":false,"rarity":"1.00","rolls":1},{"id":1137,"name":"iron med helm","quantity":"1","noted":false,"rarity":"0.05","rolls":1},{"id":1279,"name":"iron sword","quantity":"1","noted":false,"rarity":"0.03","rolls":1},{"id":1349,"name":"iron axe","quantity":"1","noted":false,"rarity":"0.02","rolls":1},{"id":1323,"name":"iron scimitar","quantity":"1","noted":false,"rarity":"0.01","rolls":1},{"id":556,"name":"air rune","quantity":"15","noted":false,"rarity":"0.02","rolls":1},{"id":555,"name":"water rune","quantity":"9","noted":false,"rarity":"0.02","rolls":1},{"id":562,"name":"chaos rune","quantity":"5","noted":false,"rarity":"0.02","rolls":1},{"id":884,"name":"iron arrow","quantity":"12","noted":false,"rarity":"0.02","rolls":1},{"id":563,"name":"law rune","quantity":"2","noted":false,"rarity":"0.02","rolls":1},{"id":564,"name":"cosmic rune","quantity":"2","noted":false,"rarity":"0.01","rolls":1},{"id":995,"name":"coins","quantity":"10","noted":false,"rarity":"0.34","rolls":1},{"id":995,"name":"coins","quantity":"5","noted":false,"rarity":"0.20","rolls":1},{"id":995,"name":"coins","quantity":"25","noted":false,"rarity":"0.06","rolls":1},{"id":995,"name":"coins","quantity":"45","noted":false,"rarity":"0.03","rolls":1},{"id":995,"name":"coins","quantity":"65","noted":false,"rarity":"0.02","rolls":1},{"id":995,"name":"coins","quantity":"1","noted":false,"rarity":"0.02","rolls":1},{"id":2349,"name":"bronze bar","quantity":"1","noted":false,"rarity":"0.04","rolls":1}]}