{"name":"ghost","combat_level":77,"size":1,"hitpoints":80,"max_hit":7,"attack_type":["crush"],"attack_speed":4,"aggressive":true,"poisonous":false,"venomous":false,"immune_poison":false,"immune_venom":false,"attributes":["spectral","undead"],"category":["ghosts"],"slayer_monster":true,"slayer_level":1,"slayer_xp":"80.00","slayer_masters":["turael","spria","mazchna"],"attack_level":63,"strength_level":63,"defence_level":68,"magic_level":1,"ranged_level":1,"attack_bonus":0,"strength_bonus":0,"attack_magic":0,"magic_bonus":0,"attack_ranged":0,"ranged_bonus":0,"defence_stab":55,"defence_slash":55,"defence_crush":5,"defence_magic":55,"defence_ranged":55,"drops":[{"id":23182,"name":"clue scroll (beginner)","quantity":"1","noted":false,"rarity":"0.01","rolls":1}]}