{"name":"ghost","combat_level":76,"size":1,"hitpoints":75,"max_hit":7,"attack_type":["crush"],"attack_speed":4,"aggressive":true,"poisonous":false,"venomous":false,"immune_poison":false,"immune_venom":false,"attributes":["spectral","undead"],"category":["ghosts"],"slayer_monster":true,"slayer_level":1,"slayer_xp":"75.00","slayer_masters":[],"attack_level":63,"strength_level":63,"defence_level":68,"magic_level":1,"ranged_level":1,"attack_bonus":0,"strength_bonus":0,"attack_magic":0,"magic_bonus":0,"attack_ranged":0,"ranged_bonus":0,"defence_stab":45,"defence_slash":45,"defence_crush":5,"defence_magic":-5,"defence_ranged":45,"drops":[{"id":23182,"name":"clue scroll (beginner)","quantity":"1","noted":false,"rarity":"0.01","rolls":1}]}