{"name":"h.a.m. guard","combat_level":22,"size":1,"hitpoints":30,"max_hit":3,"attack_type":["crush"],"attack_speed":5,"aggressive":false,"poisonous":false,"venomous":false,"immune_poison":false,"immune_venom":false,"attributes":[],"category":[],"slayer_monster":false,"slayer_level":null,"slayer_xp":null,"slayer_masters":[],"attack_level":16,"strength_level":20,"defence_level":12,"magic_level":1,"ranged_level":1,"attack_bonus":0,"strength_bonus":0,"attack_magic":0,"magic_bonus":0,"attack_ranged":0,"ranged_bonus":0,"defence_stab":7,"defence_slash":7,"defence_crush":0,"defence_magic":0,"defence_ranged":7,"drops":[{"id":526,"name":"bones","quantity":"1","noted":false,"rarity":"1.00","rolls":1},{"id":1207,"name":"steel dagger","quantity":"1","noted":false,"rarity":"0.02","rolls":1},{"id":1353,"name":"steel axe","quantity":"1","noted":false,"rarity":"0.02","rolls":1},{"id":1269,"name":"steel pickaxe","quantity":"1","noted":false,"rarity":"0.02","rolls":1},{"id":4310,"name":"ham boots","quantity":"1","noted":false,"rarity":"0.02","rolls":1},{"id":4298,"name":"ham shirt","quantity":"1","noted":false,"rarity":"0.01","rolls":1},{"id":4300,"name":"ham robe","quantity":"1","noted":false,"rarity":"0.01","rolls":1},{"id":4306,"name":"ham logo","quantity":"1","noted":false,"rarity":"0.01","rolls":1},{"id":4302,"name":"ham hood","quantity":"1","noted":false,"rarity":"0.01","rolls":1},{"id":4304,"name":"ham cloak","quantity":"1","noted":false,"rarity":"0.01","rolls":1},{"id":882,"name":"bronze arrow","quantity":"1-12","noted":false,"rarity":"0.02","rolls":1},{"id":1351,"name":"bronze axe","quantity":"1","noted":false,"rarity":"0.03","rolls":1},{"id":886,"name":"steel arrow","quantity":"1-10","noted":false,"rarity":"0.02","rolls":1},{"id":199,"name":"grimy guam leaf","quantity":"1","noted":false,"rarity":"0.01","rolls":1},{"id":201,"name":"grimy marrentill","quantity":"1","noted":false,"rarity":"0.00","rolls":1},{"id":203,"name":"grimy tarromin","quantity":"1","noted":false,"rarity":"0.00","rolls":1},{"id":5318,"name":"potato seed","quantity":"4","noted":false,"rarity":"0.03","rolls":1},{"id":5319,"name":"onion seed","quantity":"4","noted":false,"rarity":"0.02","rolls":1},{"id":5324,"name":"cabbage seed","quantity":"4","noted":false,"rarity":"0.02","rolls":1},{"id":5322,"name":"tomato seed","quantity":"3","noted":false,"rarity":"0.01","rolls":1},{"id":5320,"name":"sweetcorn seed","quantity":"3","noted":false,"rarity":"0.00","rolls":1},{"id":5323,"name":"strawberry seed","quantity":"2","noted":false,"rarity":"0.00","rolls":1},{"id":1205,"name":"bronze dagger","quantity":"1","noted":false,"rarity":"0.03","rolls":1},{"id":5321,"name":"watermelon seed","quantity":"2","noted":false,"rarity":"0.00","rolls":1},{"id":22879,"name":"snape grass seed","quantity":"2","noted":false,"rarity":"0.00","rolls":1},{"id":1739,"name":"cowhide","quantity":"1-3","noted":false,"rarity":"0.03","rolls":1},{"id":1511,"name":"logs","quantity":"1-3","noted":false,"rarity":"0.03","rolls":1},{"id":1625,"name":"uncut opal","quantity":"1","noted":false,"rarity":"0.02","rolls":1},{"id":1627,"name":"uncut jade","quantity":"1","noted":false,"rarity":"0.02","rolls":1},{"id":440,"name":"iron ore","quantity":"1","noted":false,"rarity":"0.02","rolls":1},{"id":453,"name":"coal","quantity":"1","noted":false,"rarity":"0.02","rolls":1},{"id":321,"name":"raw anchovies","quantity":"1-3","noted":false,"rarity":"0.02","rolls":1},{"id":2138,"name":"raw chicken","quantity":"1-3","noted":false,"rarity":"0.02","rolls":1},{"id":1265,"name":"bronze pickaxe","quantity":"1","noted":false,"rarity":"0.03","rolls":1},{"id":995,"name":"coins","quantity":"1-20","noted":false,"rarity":"0.12","rolls":1},{"id":697,"name":"damaged armour","quantity":"1","noted":false,"rarity":"0.04","rolls":1},{"id":686,"name":"rusty sword","quantity":"1","noted":false,"rarity":"0.04","rolls":1},{"id":314,"name":"feather","quantity":"1-6","noted":false,"rarity":"0.03","rolls":1},{"id":1734,"name":"thread","quantity":"1-10","noted":false,"rarity":"0.02","rolls":1},{"id":946,"name":"knife","quantity":"1","noted":false,"rarity":"0.02","rolls":1},{"id":1733,"name":"needle","quantity":"1","noted":false,"rarity":"0.02","rolls":1},{"id":590,"name":"tinderbox","quantity":"1","noted":false,"rarity":"0.02","rolls":1},{"id":2677,"name":"clue scroll (easy)","quantity":"1","noted":false,"rarity":"0.02","rolls":1},{"id":1349,"name":"iron axe","quantity":"1","noted":false,"rarity":"0.03","rolls":1},{"id":1267,"name":"iron pickaxe","quantity":"1","noted":false,"rarity":"0.03","rolls":1},{"id":1203,"name":"iron dagger","quantity":"1","noted":false,"rarity":"0.03","rolls":1},{"id":1129,"name":"leather body","quantity":"1","noted":false,"rarity":"0.03","rolls":1},{"id":4308,"name":"ham gloves","quantity":"1","noted":false,"rarity":"0.02","rolls":1}]}