{"name":"abyssal leech","combat_level":41,"size":1,"hitpoints":10,"max_hit":2,"attack_type":["slash"],"attack_speed":2,"aggressive":true,"poisonous":false,"venomous":false,"immune_poison":false,"immune_venom":false,"attributes":[],"category":[],"slayer_monster":false,"slayer_level":null,"slayer_xp":null,"slayer_masters":[],"attack_level":95,"strength_level":5,"defence_level":25,"magic_level":1,"ranged_level":1,"attack_bonus":100,"strength_bonus":10,"attack_magic":0,"magic_bonus":0,"attack_ranged":0,"ranged_bonus":0,"defence_stab":50,"defence_slash":50,"defence_crush":100,"defence_magic":50,"defence_ranged":10,"drops":[{"id":592,"name":"ashes","quantity":"1","noted":false,"rarity":"1.00","rolls":1},{"id":1462,"name":"nature talisman","quantity":"1","noted":false,"rarity":"0.01","rolls":1},{"id":5516,"name":"elemental talisman","quantity":"1","noted":false,"rarity":"0.00","rolls":1},{"id":5509,"name":"small pouch","quantity":"1","noted":false,"rarity":"0.02","rolls":1},{"id":5510,"name":"medium pouch","quantity":"1","noted":false,"rarity":"0.02","rolls":1},{"id":5512,"name":"large pouch","quantity":"1","noted":false,"rarity":"0.02","rolls":1},{"id":5514,"name":"giant pouch","quantity":"1","noted":false,"rarity":"0.02","rolls":1},{"id":7936,"name":"pure essence","quantity":"1","noted":true,"rarity":"0.14","rolls":1},{"id":7936,"name":"pure essence","quantity":"1","noted":false,"rarity":"0.13","rolls":1},{"id":7936,"name":"pure essence","quantity":"5","noted":true,"rarity":"0.02","rolls":1},{"id":7936,"name":"pure essence","quantity":"10","noted":true,"rarity":"0.02","rolls":1},{"id":1438,"name":"air talisman","quantity":"1","noted":false,"rarity":"0.02","rolls":1},{"id":7936,"name":"pure essence","quantity":"15","noted":true,"rarity":"0.02","rolls":1},{"id":5521,"name":"binding necklace","quantity":"1","noted":false,"rarity":"0.01","rolls":1},{"id":2801,"name":"clue scroll (medium)","quantity":"1","noted":false,"rarity":"0.00","rolls":1},{"id":1444,"name":"water talisman","quantity":"1","noted":false,"rarity":"0.02","rolls":1},{"id":1440,"name":"earth talisman","quantity":"1","noted":false,"rarity":"0.02","rolls":1},{"id":1442,"name":"fire talisman","quantity":"1","noted":false,"rarity":"0.02","rolls":1},{"id":1448,"name":"mind talisman","quantity":"1","noted":false,"rarity":"0.02","rolls":1},{"id":1446,"name":"body talisman","quantity":"1","noted":false,"rarity":"0.02","rolls":1},{"id":1454,"name":"cosmic talisman","quantity":"1","noted":false,"rarity":"0.01","rolls":1},{"id":1452,"name":"chaos talisman","quantity":"1","noted":false,"rarity":"0.01","rolls":1}]}