{"name":"mogre","combat_level":60,"size":2,"hitpoints":48,"max_hit":8,"attack_type":["melee"],"attack_speed":6,"aggressive":true,"poisonous":false,"venomous":false,"immune_poison":false,"immune_venom":false,"attributes":[],"category":["mogres","ogres"],"slayer_monster":true,"slayer_level":32,"slayer_xp":"48.00","slayer_masters":["mazchna","vannaka","chaeldar"],"attack_level":58,"strength_level":55,"defence_level":48,"magic_level":1,"ranged_level":1,"attack_bonus":22,"strength_bonus":20,"attack_magic":0,"magic_bonus":0,"attack_ranged":0,"ranged_bonus":0,"defence_stab":0,"defence_slash":0,"defence_crush":0,"defence_magic":0,"defence_ranged":0,"drops":[{"id":532,"name":"big bones","quantity":"1","noted":false,"rarity":"1.00","rolls":1},{"id":5311,"name":"wildblood seed","quantity":"1","noted":false,"rarity":"0.01","rolls":1},{"id":5321,"name":"watermelon seed","quantity":"1","noted":false,"rarity":"0.01","rolls":1},{"id":5294,"name":"harralander seed","quantity":"1","noted":false,"rarity":"0.01","rolls":1},{"id":22879,"name":"snape grass seed","quantity":"1","noted":false,"rarity":"0.00","rolls":1},{"id":5295,"name":"ranarr seed","quantity":"1","noted":false,"rarity":"0.00","rolls":1},{"id":5105,"name":"whiteberry seed","quantity":"1","noted":false,"rarity":"0.00","rolls":1},{"id":5282,"name":"mushroom spore","quantity":"1","noted":false,"rarity":"0.00","rolls":1},{"id":5296,"name":"toadflax seed","quantity":"1","noted":false,"rarity":"0.00","rolls":1},{"id":5281,"name":"belladonna seed","quantity":"1","noted":false,"rarity":"0.00","rolls":1},{"id":5297,"name":"irit seed","quantity":"1","noted":false,"rarity":"0.00","rolls":1},{"id":555,"name":"water rune","quantity":"5","noted":false,"rarity":"0.03","rolls":1},{"id":5106,"name":"poison ivy seed","quantity":"1","noted":false,"rarity":"0.00","rolls":1},{"id":5298,"name":"avantoe seed","quantity":"1","noted":false,"rarity":"0.00","rolls":1},{"id":5280,"name":"cactus seed","quantity":"1","noted":false,"rarity":"0.00","rolls":1},{"id":5299,"name":"kwuarm seed","quantity":"1","noted":false,"rarity":"0.00","rolls":1},{"id":22873,"name":"potato cactus seed","quantity":"1","noted":false,"rarity":"0.00","rolls":1},{"id":5300,"name":"snapdragon seed","quantity":"1","noted":false,"rarity":"0.00","rolls":1},{"id":5301,"name":"cadantine seed","quantity":"1","noted":false,"rarity":"0.00","rolls":1},{"id":5302,"name":"lantadyme seed","quantity":"1","noted":false,"rarity":"0.00","rolls":1},{"id":5303,"name":"dwarf weed seed","quantity":"1","noted":false,"rarity":"0.00","rolls":1},{"id":5304,"name":"torstol seed","quantity":"1","noted":false,"rarity":"0.00","rolls":1},{"id":555,"name":"water rune","quantity":"7","noted":false,"rarity":"0.03","rolls":1},{"id":371,"name":"raw swordfish","quantity":"1","noted":false,"rarity":"0.16","rolls":1},{"id":359,"name":"raw tuna","quantity":"1","noted":false,"rarity":"0.07","rolls":1},{"id":349,"name":"raw pike","quantity":"1","noted":false,"rarity":"0.05","rolls":1},{"id":331,"name":"raw salmon","quantity":"1","noted":false,"rarity":"0.03","rolls":1},{"id":345,"name":"raw herring","quantity":"1","noted":false,"rarity":"0.02","rolls":1},{"id":327,"name":"raw sardine","quantity":"1","noted":false,"rarity":"0.02","rolls":1},{"id":383,"name":"raw shark","quantity":"1","noted":false,"rarity":"0.02","rolls":1},{"id":313,"name":"fishing bait","quantity":"5","noted":false,"rarity":"0.23","rolls":1},{"id":313,"name":"fishing bait","quantity":"15","noted":false,"rarity":"0.08","rolls":1},{"id":6665,"name":"mudskipper hat","quantity":"1","noted":false,"rarity":"0.04","rolls":1},{"id":555,"name":"water rune","quantity":"14","noted":false,"rarity":"0.03","rolls":1},{"id":407,"name":"oyster","quantity":"1","noted":false,"rarity":"0.02","rolls":1},{"id":6666,"name":"flippers","quantity":"1","noted":false,"rarity":"0.02","rolls":1},{"id":401,"name":"seaweed","quantity":"1","noted":false,"rarity":"0.02","rolls":1},{"id":1383,"name":"staff of water","quantity":"1","noted":false,"rarity":"0.01","rolls":1},{"id":6668,"name":"fishbowl","quantity":"1","noted":false,"rarity":"0.01","rolls":1},{"id":7851,"name":"mogre bone","quantity":"1","noted":false,"rarity":"0.25","rolls":1},{"id":10976,"name":"long bone","quantity":"1","noted":false,"rarity":"0.00","rolls":1},{"id":10977,"name":"curved bone","quantity":"1","noted":false,"rarity":"0.00","rolls":1},{"id":5100,"name":"limpwurt seed","quantity":"1","noted":false,"rarity":"0.01","rolls":1},{"id":5323,"name":"strawberry seed","quantity":"1","noted":false,"rarity":"0.01","rolls":1},{"id":5292,"name":"marrentill seed","quantity":"1","noted":false,"rarity":"0.01","rolls":1},{"id":5104,"name":"jangerberry seed","quantity":"1","noted":false,"rarity":"0.01","rolls":1},{"id":5293,"name":"tarromin seed","quantity":"1","noted":false,"rarity":"0.01","rolls":1}]}