{"name":"werewolf","combat_level":88,"size":1,"hitpoints":100,"max_hit":8,"attack_type":["slash"],"attack_speed":4,"aggressive":false,"poisonous":false,"venomous":false,"immune_poison":false,"immune_venom":false,"attributes":[],"category":["werewolves"],"slayer_monster":true,"slayer_level":1,"slayer_xp":"100.00","slayer_masters":["vannaka"],"attack_level":70,"strength_level":70,"defence_level":70,"magic_level":1,"ranged_level":1,"attack_bonus":0,"strength_bonus":0,"attack_magic":0,"magic_bonus":0,"attack_ranged":0,"ranged_bonus":0,"defence_stab":0,"defence_slash":0,"defence_crush":0,"defence_magic":60,"defence_ranged":0,"drops":[{"id":2859,"name":"wolf bones","quantity":"1","noted":false,"rarity":"1.00","rolls":1},{"id":203,"name":"grimy tarromin","quantity":"1","noted":false,"rarity":"0.00","rolls":1},{"id":205,"name":"grimy harralander","quantity":"1","noted":false,"rarity":"0.00","rolls":1},{"id":207,"name":"grimy ranarr weed","quantity":"1","noted":false,"rarity":"0.00","rolls":1},{"id":209,"name":"grimy irit leaf","quantity":"1","noted":false,"rarity":"0.00","rolls":1},{"id":211,"name":"grimy avantoe","quantity":"1","noted":false,"rarity":"0.00","rolls":1},{"id":213,"name":"grimy kwuarm","quantity":"1","noted":false,"rarity":"0.00","rolls":1},{"id":215,"name":"grimy cadantine","quantity":"1","noted":false,"rarity":"0.00","rolls":1},{"id":2485,"name":"grimy lantadyme","quantity":"1","noted":false,"rarity":"0.00","rolls":1},{"id":217,"name":"grimy dwarf weed","quantity":"1","noted":false,"rarity":"0.00","rolls":1},{"id":2138,"name":"raw chicken","quantity":"5","noted":false,"rarity":"0.02","rolls":1},{"id":1353,"name":"steel axe","quantity":"1","noted":false,"rarity":"0.05","rolls":1},{"id":2132,"name":"raw beef","quantity":"5","noted":false,"rarity":"0.02","rolls":1},{"id":2136,"name":"raw bear meat","quantity":"5","noted":false,"rarity":"0.02","rolls":1},{"id":1993,"name":"jug of wine","quantity":"1","noted":false,"rarity":"0.04","rolls":1},{"id":995,"name":"coins","quantity":"10","noted":false,"rarity":"0.16","rolls":1},{"id":995,"name":"coins","quantity":"90","noted":false,"rarity":"0.04","rolls":1},{"id":995,"name":"coins","quantity":"120","noted":false,"rarity":"0.04","rolls":1},{"id":995,"name":"coins","quantity":"222","noted":false,"rarity":"0.04","rolls":1},{"id":995,"name":"coins","quantity":"364","noted":false,"rarity":"0.04","rolls":1},{"id":958,"name":"grey wolf fur","quantity":"1","noted":false,"rarity":"0.20","rolls":1},{"id":6814,"name":"fur","quantity":"1","noted":false,"rarity":"0.20","rolls":1},{"id":1325,"name":"steel scimitar","quantity":"1","noted":false,"rarity":"0.06","rolls":1},{"id":1623,"name":"uncut sapphire","quantity":"1","noted":false,"rarity":"0.01","rolls":1},{"id":1157,"name":"steel full helm","quantity":"1","noted":false,"rarity":"0.03","rolls":1},{"id":7866,"name":"werewolf bone","quantity":"1","noted":false,"rarity":"0.25","rolls":1},{"id":11941,"name":"looting bag","quantity":"1","noted":false,"rarity":"0.33","rolls":1},{"id":11942,"name":"ecumenical key","quantity":"1","noted":false,"rarity":"0.02","rolls":1},{"id":2677,"name":"clue scroll (easy)","quantity":"1","noted":false,"rarity":"0.01","rolls":1},{"id":2801,"name":"clue scroll (medium)","quantity":"1","noted":false,"rarity":"0.00","rolls":1},{"id":1109,"name":"mithril chainbody","quantity":"1","noted":false,"rarity":"0.02","rolls":1},{"id":1181,"name":"mithril sq shield","quantity":"1","noted":false,"rarity":"0.02","rolls":1},{"id":1147,"name":"rune med helm","quantity":"1","noted":false,"rarity":"0.01","rolls":1},{"id":199,"name":"grimy guam leaf","quantity":"1","noted":false,"rarity":"0.00","rolls":1},{"id":201,"name":"grimy marrentill","quantity":"1","noted":false,"rarity":"0.00","rolls":1}]}