{"name":"nikolai","combat_level":24,"size":1,"hitpoints":60,"max_hit":2,"attack_type":["crush"],"attack_speed":4,"aggressive":false,"poisonous":false,"venomous":false,"immune_poison":false,"immune_venom":false,"attributes":[],"category":[],"slayer_monster":false,"slayer_level":null,"slayer_xp":null,"slayer_masters":[],"attack_level":10,"strength_level":10,"defence_level":10,"magic_level":1,"ranged_level":1,"attack_bonus":0,"strength_bonus":0,"attack_magic":0,"magic_bonus":0,"attack_ranged":0,"ranged_bonus":0,"defence_stab":-21,"defence_slash":-21,"defence_crush":-21,"defence_magic":-21,"defence_ranged":-21,"drops":[{"id":1623,"name":"uncut sapphire","quantity":"1","noted":false,"rarity":"0.00","rolls":1},{"id":1621,"name":"uncut emerald","quantity":"1","noted":false,"rarity":"0.00","rolls":1},{"id":1619,"name":"uncut ruby","quantity":"1","noted":false,"rarity":"0.00","rolls":1},{"id":1452,"name":"chaos talisman","quantity":"1","noted":false,"rarity":"0.00","rolls":1},{"id":1462,"name":"nature talisman","quantity":"1","noted":false,"rarity":"0.00","rolls":1},{"id":1617,"name":"uncut diamond","quantity":"1","noted":false,"rarity":"0.00","rolls":1},{"id":830,"name":"rune javelin","quantity":"5","noted":false,"rarity":"0.00","rolls":1},{"id":987,"name":"loop half of key","quantity":"1","noted":false,"rarity":"0.00","rolls":1},{"id":985,"name":"tooth half of key","quantity":"1","noted":false,"rarity":"0.00","rolls":1},{"id":1247,"name":"rune spear","quantity":"1","noted":false,"rarity":"0.00","rolls":1},{"id":2366,"name":"shield left half","quantity":"1","noted":false,"rarity":"0.00","rolls":1},{"id":1249,"name":"dragon spear","quantity":"1","noted":false,"rarity":"0.00","rolls":1},{"id":2859,"name":"wolf bones","quantity":"1","noted":false,"rarity":"1.00","rolls":1},{"id":209,"name":"grimy irit leaf","quantity":"1","noted":false,"rarity":"0.00","rolls":1},{"id":211,"name":"grimy avantoe","quantity":"1","noted":false,"rarity":"0.00","rolls":1},{"id":213,"name":"grimy kwuarm","quantity":"1","noted":false,"rarity":"0.00","rolls":1},{"id":215,"name":"grimy cadantine","quantity":"1","noted":false,"rarity":"0.00","rolls":1},{"id":2485,"name":"grimy lantadyme","quantity":"1","noted":false,"rarity":"0.00","rolls":1},{"id":217,"name":"grimy dwarf weed","quantity":"1","noted":false,"rarity":"0.00","rolls":1},{"id":221,"name":"eye of newt","quantity":"1","noted":false,"rarity":"0.00","rolls":1},{"id":231,"name":"snape grass","quantity":"1","noted":false,"rarity":"0.00","rolls":1},{"id":247,"name":"jangerberries","quantity":"1","noted":false,"rarity":"0.00","rolls":1},{"id":239,"name":"white berries","quantity":"1","noted":false,"rarity":"0.00","rolls":1},{"id":1353,"name":"steel axe","quantity":"1","noted":false,"rarity":"0.02","rolls":1},{"id":225,"name":"limpwurt root","quantity":"1","noted":false,"rarity":"0.00","rolls":1},{"id":245,"name":"wine of zamorak","quantity":"1","noted":false,"rarity":"0.00","rolls":1},{"id":440,"name":"iron ore","quantity":"5","noted":false,"rarity":"0.02","rolls":1},{"id":453,"name":"coal","quantity":"2","noted":false,"rarity":"0.02","rolls":1},{"id":2353,"name":"steel bar","quantity":"2","noted":false,"rarity":"0.02","rolls":1},{"id":2138,"name":"raw chicken","quantity":"2","noted":false,"rarity":"0.02","rolls":1},{"id":2132,"name":"raw beef","quantity":"2","noted":false,"rarity":"0.02","rolls":1},{"id":2136,"name":"raw bear meat","quantity":"2","noted":false,"rarity":"0.02","rolls":1},{"id":227,"name":"vial of water","quantity":"2","noted":false,"rarity":"0.10","rolls":1},{"id":995,"name":"coins","quantity":"6","noted":false,"rarity":"0.04","rolls":1},{"id":886,"name":"steel arrow","quantity":"50","noted":false,"rarity":"0.02","rolls":1},{"id":995,"name":"coins","quantity":"15","noted":false,"rarity":"0.01","rolls":1},{"id":995,"name":"coins","quantity":"16","noted":false,"rarity":"0.01","rolls":1},{"id":995,"name":"coins","quantity":"20","noted":false,"rarity":"0.02","rolls":1},{"id":995,"name":"coins","quantity":"38","noted":false,"rarity":"0.01","rolls":1},{"id":995,"name":"coins","quantity":"50","noted":false,"rarity":"0.01","rolls":1},{"id":995,"name":"coins","quantity":"96","noted":false,"rarity":"0.01","rolls":1},{"id":995,"name":"coins","quantity":"120","noted":false,"rarity":"0.01","rolls":1},{"id":1925,"name":"bucket","quantity":"2","noted":false,"rarity":"0.05","rolls":1},{"id":590,"name":"tinderbox","quantity":"2","noted":false,"rarity":"0.04","rolls":1},{"id":229,"name":"vial","quantity":"2","noted":false,"rarity":"0.10","rolls":1},{"id":887,"name":"steel arrow(p)","quantity":"5","noted":false,"rarity":"0.02","rolls":1},{"id":6814,"name":"fur","quantity":"1","noted":false,"rarity":"0.20","rolls":1},{"id":958,"name":"grey wolf fur","quantity":"1","noted":false,"rarity":"0.20","rolls":1},{"id":1582,"name":"blamish oil","quantity":"1","noted":false,"rarity":"0.00","rolls":1},{"id":199,"name":"grimy guam leaf","quantity":"1","noted":false,"rarity":"0.00","rolls":1},{"id":2677,"name":"clue scroll (easy)","quantity":"1","noted":false,"rarity":"0.01","rolls":1},{"id":201,"name":"grimy marrentill","quantity":"1","noted":false,"rarity":"0.00","rolls":1},{"id":203,"name":"grimy tarromin","quantity":"1","noted":false,"rarity":"0.00","rolls":1},{"id":205,"name":"grimy harralander","quantity":"1","noted":false,"rarity":"0.00","rolls":1},{"id":207,"name":"grimy ranarr weed","quantity":"1","noted":false,"rarity":"0.00","rolls":1}]}