{"name":"bark blamish snail","combat_level":15,"size":1,"hitpoints":22,"max_hit":2,"attack_type":["ranged"],"attack_speed":6,"aggressive":true,"poisonous":false,"venomous":false,"immune_poison":false,"immune_venom":false,"attributes":[],"category":[],"slayer_monster":false,"slayer_level":null,"slayer_xp":null,"slayer_masters":[],"attack_level":0,"strength_level":0,"defence_level":20,"magic_level":1,"ranged_level":10,"attack_bonus":10,"strength_bonus":10,"attack_magic":0,"magic_bonus":0,"attack_ranged":0,"ranged_bonus":0,"defence_stab":5,"defence_slash":5,"defence_crush":30,"defence_magic":5,"defence_ranged":30,"drops":[{"id":3353,"name":"blamish bark shell","quantity":"1","noted":false,"rarity":"1.00","rolls":1},{"id":3365,"name":"lean snail","quantity":"1","noted":false,"rarity":"1.00","rolls":1}]}