{"name":"blue dragon","combat_level":111,"size":4,"hitpoints":105,"max_hit":10,"attack_type":["slash","dragonfire"],"attack_speed":4,"aggressive":true,"poisonous":false,"venomous":false,"immune_poison":false,"immune_venom":false,"attributes":["dragon","fiery"],"category":["blue dragons"],"slayer_monster":true,"slayer_level":1,"slayer_xp":"107.60","slayer_masters":["vannaka","chaeldar","konar","nieve","duradel"],"attack_level":95,"strength_level":95,"defence_level":95,"magic_level":1,"ranged_level":1,"attack_bonus":0,"strength_bonus":0,"attack_magic":0,"magic_bonus":0,"attack_ranged":0,"ranged_bonus":0,"defence_stab":50,"defence_slash":70,"defence_crush":70,"defence_magic":60,"defence_ranged":50,"drops":[{"id":1623,"name":"uncut sapphire","quantity":"1","noted":false,"rarity":"0.01","rolls":1},{"id":1621,"name":"uncut emerald","quantity":"1","noted":false,"rarity":"0.00","rolls":1},{"id":1619,"name":"uncut ruby","quantity":"1","noted":false,"rarity":"0.00","rolls":1},{"id":1452,"name":"chaos talisman","quantity":"1","noted":false,"rarity":"0.00","rolls":1},{"id":1462,"name":"nature talisman","quantity":"1","noted":false,"rarity":"0.00","rolls":1},{"id":1617,"name":"uncut diamond","quantity":"1","noted":false,"rarity":"0.00","rolls":1},{"id":830,"name":"rune javelin","quantity":"5","noted":false,"rarity":"0.00","rolls":1},{"id":987,"name":"loop half of key","quantity":"1","noted":false,"rarity":"0.00","rolls":1},{"id":985,"name":"tooth half of key","quantity":"1","noted":false,"rarity":"0.00","rolls":1},{"id":1247,"name":"rune spear","quantity":"1","noted":false,"rarity":"0.00","rolls":1},{"id":2366,"name":"shield left half","quantity":"1","noted":false,"rarity":"0.00","rolls":1},{"id":1249,"name":"dragon spear","quantity":"1","noted":false,"rarity":"0.00","rolls":1},{"id":1751,"name":"blue dragonhide","quantity":"1","noted":false,"rarity":"1.00","rolls":1},{"id":555,"name":"water rune","quantity":"75","noted":false,"rarity":"0.06","rolls":1},{"id":561,"name":"nature rune","quantity":"15","noted":false,"rarity":"0.04","rolls":1},{"id":563,"name":"law rune","quantity":"3","noted":false,"rarity":"0.02","rolls":1},{"id":554,"name":"fire rune","quantity":"37","noted":false,"rarity":"0.01","rolls":1},{"id":199,"name":"grimy guam leaf","quantity":"1","noted":false,"rarity":"0.03","rolls":1},{"id":201,"name":"grimy marrentill","quantity":"1","noted":false,"rarity":"0.02","rolls":1},{"id":203,"name":"grimy tarromin","quantity":"1","noted":false,"rarity":"0.02","rolls":1},{"id":205,"name":"grimy harralander","quantity":"1","noted":false,"rarity":"0.01","rolls":1},{"id":207,"name":"grimy ranarr weed","quantity":"1","noted":false,"rarity":"0.01","rolls":1},{"id":209,"name":"grimy irit leaf","quantity":"1","noted":false,"rarity":"0.01","rolls":1},{"id":536,"name":"dragon bones","quantity":"1","noted":false,"rarity":"1.00","rolls":1},{"id":211,"name":"grimy avantoe","quantity":"1","noted":false,"rarity":"0.01","rolls":1},{"id":213,"name":"grimy kwuarm","quantity":"1","noted":false,"rarity":"0.00","rolls":1},{"id":215,"name":"grimy cadantine","quantity":"1","noted":false,"rarity":"0.00","rolls":1},{"id":2485,"name":"grimy lantadyme","quantity":"1","noted":false,"rarity":"0.00","rolls":1},{"id":217,"name":"grimy dwarf weed","quantity":"1","noted":false,"rarity":"0.00","rolls":1},{"id":995,"name":"coins","quantity":"44","noted":false,"rarity":"0.23","rolls":1},{"id":995,"name":"coins","quantity":"132","noted":false,"rarity":"0.20","rolls":1},{"id":995,"name":"coins","quantity":"200","noted":false,"rarity":"0.08","rolls":1},{"id":995,"name":"coins","quantity":"11","noted":false,"rarity":"0.04","rolls":1},{"id":995,"name":"coins","quantity":"440","noted":false,"rarity":"0.01","rolls":1},{"id":1069,"name":"steel platelegs","quantity":"1","noted":false,"rarity":"0.03","rolls":1},{"id":449,"name":"adamantite ore","quantity":"1","noted":false,"rarity":"0.02","rolls":1},{"id":365,"name":"bass","quantity":"1","noted":false,"rarity":"0.02","rolls":1},{"id":1355,"name":"mithril axe","quantity":"1","noted":false,"rarity":"0.02","rolls":1},{"id":13510,"name":"ensouled dragon head","quantity":"1","noted":false,"rarity":"0.02","rolls":1},{"id":23083,"name":"brimstone key","quantity":"1","noted":false,"rarity":"0.01","rolls":1},{"id":2722,"name":"clue scroll (hard)","quantity":"1","noted":false,"rarity":"0.01","rolls":1},{"id":1365,"name":"steel battleaxe","quantity":"1","noted":false,"rarity":"0.02","rolls":1},{"id":1243,"name":"mithril spear","quantity":"1","noted":false,"rarity":"0.02","rolls":1},{"id":1161,"name":"adamant full helm","quantity":"1","noted":false,"rarity":"0.01","rolls":1},{"id":1197,"name":"mithril kiteshield","quantity":"1","noted":false,"rarity":"0.01","rolls":1},{"id":1213,"name":"rune dagger","quantity":"1","noted":false,"rarity":"0.01","rolls":1}]}