{"name":"ochre blamish snail","combat_level":15,"size":1,"hitpoints":20,"max_hit":2,"attack_type":["ranged"],"attack_speed":6,"aggressive":true,"poisonous":false,"venomous":false,"immune_poison":false,"immune_venom":false,"attributes":[],"category":[],"slayer_monster":false,"slayer_level":null,"slayer_xp":null,"slayer_masters":[],"attack_level":0,"strength_level":0,"defence_level":25,"magic_level":1,"ranged_level":8,"attack_bonus":10,"strength_bonus":10,"attack_magic":0,"magic_bonus":0,"attack_ranged":0,"ranged_bonus":0,"defence_stab":5,"defence_slash":5,"defence_crush":30,"defence_magic":5,"defence_ranged":50,"drops":[{"id":3349,"name":"blamish ochre shell (round)","quantity":"1","noted":false,"rarity":"1.00","rolls":1},{"id":3359,"name":"blamish ochre shell (pointed)","quantity":"1","noted":false,"rarity":"1.00","rolls":1},{"id":3363,"name":"thin snail","quantity":"1","noted":false,"rarity":"1.00","rolls":1}]}