{"name":"bronze dragon","combat_level":131,"size":4,"hitpoints":122,"max_hit":12,"attack_type":["slash","dragonfire"],"attack_speed":4,"aggressive":true,"poisonous":false,"venomous":false,"immune_poison":false,"immune_venom":false,"attributes":["dragon","fiery"],"category":["bronze dragons"],"slayer_monster":true,"slayer_level":1,"slayer_xp":"125.00","slayer_masters":["vannaka","chaeldar","konar"],"attack_level":112,"strength_level":112,"defence_level":112,"magic_level":100,"ranged_level":1,"attack_bonus":0,"strength_bonus":0,"attack_magic":0,"magic_bonus":0,"attack_ranged":0,"ranged_bonus":0,"defence_stab":50,"defence_slash":70,"defence_crush":70,"defence_magic":30,"defence_ranged":90,"drops":[{"id":536,"name":"dragon bones","quantity":"1","noted":false,"rarity":"1.00","rolls":1},{"id":1197,"name":"mithril kiteshield","quantity":"1","noted":false,"rarity":"0.01","rolls":1},{"id":1123,"name":"adamant platebody","quantity":"1","noted":false,"rarity":"0.01","rolls":1},{"id":1303,"name":"rune longsword","quantity":"1","noted":false,"rarity":"0.01","rolls":1},{"id":829,"name":"adamant javelin","quantity":"30","noted":false,"rarity":"0.16","rolls":1},{"id":554,"name":"fire rune","quantity":"50","noted":false,"rarity":"0.06","rolls":1},{"id":9142,"name":"mithril bolts","quantity":"2-12","noted":false,"rarity":"0.05","rolls":1},{"id":563,"name":"law rune","quantity":"10","noted":false,"rarity":"0.04","rolls":1},{"id":565,"name":"blood rune","quantity":"15","noted":false,"rarity":"0.02","rolls":1},{"id":560,"name":"death rune","quantity":"25","noted":false,"rarity":"0.01","rolls":1},{"id":995,"name":"coins","quantity":"196","noted":false,"rarity":"0.31","rolls":1},{"id":2349,"name":"bronze bar","quantity":"5","noted":false,"rarity":"1.00","rolls":1},{"id":995,"name":"coins","quantity":"330","noted":false,"rarity":"0.08","rolls":1},{"id":995,"name":"coins","quantity":"690","noted":false,"rarity":"0.01","rolls":1},{"id":2361,"name":"adamantite bar","quantity":"1","noted":false,"rarity":"0.02","rolls":1},{"id":373,"name":"swordfish","quantity":"2","noted":false,"rarity":"0.02","rolls":1},{"id":373,"name":"swordfish","quantity":"1","noted":false,"rarity":"0.01","rolls":1},{"id":4585,"name":"dragon plateskirt","quantity":"1","noted":false,"rarity":"0.00","rolls":1},{"id":4087,"name":"dragon platelegs","quantity":"1","noted":false,"rarity":"0.00","rolls":1},{"id":816,"name":"adamant dart(p)","quantity":"16","noted":false,"rarity":"0.05","rolls":1},{"id":23083,"name":"brimstone key","quantity":"1","noted":false,"rarity":"0.01","rolls":1},{"id":2722,"name":"clue scroll (hard)","quantity":"1","noted":false,"rarity":"0.01","rolls":1},{"id":1315,"name":"mithril 2h sword","quantity":"1","noted":false,"rarity":"0.03","rolls":1},{"id":1355,"name":"mithril axe","quantity":"1","noted":false,"rarity":"0.02","rolls":1},{"id":1369,"name":"mithril battleaxe","quantity":"1","noted":false,"rarity":"0.02","rolls":1},{"id":868,"name":"rune knife","quantity":"2","noted":false,"rarity":"0.02","rolls":1}]}