{"name":"iron dragon","combat_level":189,"size":4,"hitpoints":165,"max_hit":17,"attack_type":["slash","dragonfire"],"attack_speed":4,"aggressive":true,"poisonous":false,"venomous":false,"immune_poison":false,"immune_venom":false,"attributes":["dragon","fiery"],"category":["iron dragons"],"slayer_monster":true,"slayer_level":1,"slayer_xp":"173.20","slayer_masters":["chaeldar","konar","nieve","duradel"],"attack_level":165,"strength_level":165,"defence_level":165,"magic_level":100,"ranged_level":1,"attack_bonus":0,"strength_bonus":0,"attack_magic":0,"magic_bonus":0,"attack_ranged":0,"ranged_bonus":0,"defence_stab":50,"defence_slash":70,"defence_crush":70,"defence_magic":30,"defence_ranged":90,"drops":[{"id":536,"name":"dragon bones","quantity":"1","noted":false,"rarity":"1.00","rolls":1},{"id":1183,"name":"adamant sq shield","quantity":"1","noted":false,"rarity":"0.01","rolls":1},{"id":1147,"name":"rune med helm","quantity":"1","noted":false,"rarity":"0.01","rolls":1},{"id":1373,"name":"rune battleaxe","quantity":"1","noted":false,"rarity":"0.01","rolls":1},{"id":830,"name":"rune javelin","quantity":"4","noted":false,"rarity":"0.16","rolls":1},{"id":565,"name":"blood rune","quantity":"15","noted":false,"rarity":"0.15","rolls":1},{"id":9143,"name":"adamant bolts","quantity":"2-12","noted":false,"rarity":"0.05","rolls":1},{"id":566,"name":"soul rune","quantity":"3","noted":false,"rarity":"0.04","rolls":1},{"id":995,"name":"coins","quantity":"270","noted":false,"rarity":"0.16","rolls":1},{"id":995,"name":"coins","quantity":"550","noted":false,"rarity":"0.08","rolls":1},{"id":995,"name":"coins","quantity":"990","noted":false,"rarity":"0.01","rolls":1},{"id":2351,"name":"iron bar","quantity":"5","noted":false,"rarity":"1.00","rolls":1},{"id":161,"name":"super strength(1)","quantity":"1","noted":false,"rarity":"0.06","rolls":1},{"id":9431,"name":"runite limbs","quantity":"1","noted":false,"rarity":"0.04","rolls":1},{"id":2361,"name":"adamantite bar","quantity":"2","noted":false,"rarity":"0.02","rolls":1},{"id":2011,"name":"curry","quantity":"1","noted":false,"rarity":"0.02","rolls":1},{"id":4585,"name":"dragon plateskirt","quantity":"1","noted":false,"rarity":"0.00","rolls":1},{"id":4087,"name":"dragon platelegs","quantity":"1","noted":false,"rarity":"0.00","rolls":1},{"id":817,"name":"rune dart(p)","quantity":"9","noted":false,"rarity":"0.05","rolls":1},{"id":23083,"name":"brimstone key","quantity":"1","noted":false,"rarity":"0.01","rolls":1},{"id":2722,"name":"clue scroll (hard)","quantity":"1","noted":false,"rarity":"0.01","rolls":1},{"id":11286,"name":"draconic visage","quantity":"1","noted":false,"rarity":"0.00","rolls":1},{"id":1317,"name":"adamant 2h sword","quantity":"1","noted":false,"rarity":"0.03","rolls":1},{"id":1357,"name":"adamant axe","quantity":"1","noted":false,"rarity":"0.02","rolls":1},{"id":1371,"name":"adamant battleaxe","quantity":"1","noted":false,"rarity":"0.02","rolls":1},{"id":868,"name":"rune knife","quantity":"5","noted":false,"rarity":"0.02","rolls":1}]}