{"name":"steel dragon","combat_level":246,"size":4,"hitpoints":210,"max_hit":22,"attack_type":["slash","dragonfire"],"attack_speed":4,"aggressive":true,"poisonous":false,"venomous":false,"immune_poison":false,"immune_venom":false,"attributes":["dragon","fiery"],"category":["steel dragons"],"slayer_monster":true,"slayer_level":1,"slayer_xp":"220.50","slayer_masters":["chaeldar","konar","nieve","duradel"],"attack_level":215,"strength_level":215,"defence_level":215,"magic_level":100,"ranged_level":1,"attack_bonus":0,"strength_bonus":0,"attack_magic":0,"magic_bonus":0,"attack_ranged":0,"ranged_bonus":0,"defence_stab":50,"defence_slash":70,"defence_crush":70,"defence_magic":30,"defence_ranged":90,"drops":[{"id":536,"name":"dragon bones","quantity":"1","noted":false,"rarity":"1.00","rolls":1},{"id":1163,"name":"rune full helm","quantity":"1","noted":false,"rarity":"0.01","rolls":1},{"id":565,"name":"blood rune","quantity":"20","noted":false,"rarity":"0.15","rolls":1},{"id":830,"name":"rune javelin","quantity":"7","noted":false,"rarity":"0.16","rolls":1},{"id":9144,"name":"runite bolts","quantity":"2-12","noted":false,"rarity":"0.05","rolls":1},{"id":566,"name":"soul rune","quantity":"5","noted":false,"rarity":"0.04","rolls":1},{"id":995,"name":"coins","quantity":"470","noted":false,"rarity":"0.13","rolls":1},{"id":995,"name":"coins","quantity":"650","noted":false,"rarity":"0.04","rolls":1},{"id":145,"name":"super attack(3)","quantity":"1","noted":false,"rarity":"0.10","rolls":1},{"id":9431,"name":"runite limbs","quantity":"1","noted":false,"rarity":"0.06","rolls":1},{"id":19582,"name":"dragon javelin heads","quantity":"12","noted":false,"rarity":"0.04","rolls":1},{"id":2353,"name":"steel bar","quantity":"5","noted":false,"rarity":"1.00","rolls":1},{"id":2363,"name":"runite bar","quantity":"1","noted":false,"rarity":"0.02","rolls":1},{"id":165,"name":"super defence(2)","quantity":"1","noted":false,"rarity":"0.02","rolls":1},{"id":2011,"name":"curry","quantity":"1","noted":false,"rarity":"0.01","rolls":1},{"id":2011,"name":"curry","quantity":"2","noted":false,"rarity":"0.01","rolls":1},{"id":4585,"name":"dragon plateskirt","quantity":"1","noted":false,"rarity":"0.00","rolls":1},{"id":4087,"name":"dragon platelegs","quantity":"1","noted":false,"rarity":"0.00","rolls":1},{"id":817,"name":"rune dart(p)","quantity":"12","noted":false,"rarity":"0.05","rolls":1},{"id":2722,"name":"clue scroll (hard)","quantity":"1","noted":false,"rarity":"0.02","rolls":1},{"id":23083,"name":"brimstone key","quantity":"1","noted":false,"rarity":"0.01","rolls":1},{"id":12073,"name":"clue scroll (elite)","quantity":"1","noted":false,"rarity":"0.00","rolls":1},{"id":11286,"name":"draconic visage","quantity":"1","noted":false,"rarity":"0.00","rolls":1},{"id":1432,"name":"rune mace","quantity":"1","noted":false,"rarity":"0.03","rolls":1},{"id":1199,"name":"adamant kiteshield","quantity":"1","noted":false,"rarity":"0.02","rolls":1},{"id":868,"name":"rune knife","quantity":"7","noted":false,"rarity":"0.02","rolls":1},{"id":1359,"name":"rune axe","quantity":"1","noted":false,"rarity":"0.02","rolls":1}]}