{
  "id": 10006,
  "name": "Bird snare",
  "resizeX": 128,
  "resizeY": 128,
  "resizeZ": 128,
  "xan2d": 340,
  "yan2d": 632,
  "zan2d": 2008,
  "cost": 5,
  "isTradeable": true,
  "stackable": 0,
  "inventoryModel": 19419,
  "wearPos1": 0,
  "wearPos2": 0,
  "wearPos3": 0,
  "members": true,
  "zoom2d": 1470,
  "xOffset2d": 1,
  "yOffset2d": 28,
  "ambient": 0,
  "contrast": 0,
  "options": [
    null,
    null,
    "Take",
    "Lay",
    null
  ],
  "interfaceOptions": [
    "Lay",
    null,
    null,
    null,
    "Drop"
  ],
  "maleModel0": -1,
  "maleModel1": -1,
  "maleModel2": -1,
  "maleOffset": 0,
  "maleHeadModel": -1,
  "maleHeadModel2": -1,
  "femaleModel0": -1,
  "femaleModel1": -1,
  "femaleModel2": -1,
  "femaleOffset": 0,
  "femaleHeadModel": -1,
  "femaleHeadModel2": -1,
  "category": 0,
  "notedID": 10007,
  "notedTemplate": -1,
  "team": 0,
  "weight": 453,
  "shiftClickDropIndex": -2,
  "boughtId": -1,
  "boughtTemplateId": -1,
  "placeholderId": 15419,
  "placeholderTemplateId": -1
}