{
  "id": 10008,
  "name": "Box trap",
  "resizeX": 128,
  "resizeY": 128,
  "resizeZ": 128,
  "xan2d": 180,
  "yan2d": 747,
  "zan2d": 1535,
  "cost": 32,
  "isTradeable": true,
  "stackable": 0,
  "inventoryModel": 19966,
  "wearPos1": 0,
  "wearPos2": 0,
  "wearPos3": 0,
  "members": true,
  "zoom2d": 2345,
  "xOffset2d": 15,
  "yOffset2d": -100,
  "ambient": 30,
  "contrast": 30,
  "options": [
    null,
    null,
    "Take",
    "Lay",
    null
  ],
  "interfaceOptions": [
    "Lay",
    null,
    null,
    null,
    "Drop"
  ],
  "maleModel0": -1,
  "maleModel1": -1,
  "maleModel2": -1,
  "maleOffset": 0,
  "maleHeadModel": -1,
  "maleHeadModel2": -1,
  "femaleModel0": -1,
  "femaleModel1": -1,
  "femaleModel2": -1,
  "femaleOffset": 0,
  "femaleHeadModel": -1,
  "femaleHeadModel2": -1,
  "category": 0,
  "notedID": 10009,
  "notedTemplate": -1,
  "team": 0,
  "weight": 226,
  "shiftClickDropIndex": -2,
  "boughtId": -1,
  "boughtTemplateId": -1,
  "placeholderId": 15427,
  "placeholderTemplateId": -1
}