{
  "id": 10031,
  "name": "Rabbit snare",
  "resizeX": 128,
  "resizeY": 128,
  "resizeZ": 128,
  "xan2d": 286,
  "yan2d": 83,
  "zan2d": 32,
  "cost": 15,
  "isTradeable": true,
  "stackable": 0,
  "inventoryModel": 23904,
  "wearPos1": 0,
  "wearPos2": 0,
  "wearPos3": 0,
  "members": true,
  "zoom2d": 1622,
  "xOffset2d": 6,
  "yOffset2d": -1,
  "ambient": 0,
  "contrast": 0,
  "options": [
    null,
    null,
    "Take",
    "Lay",
    null
  ],
  "interfaceOptions": [
    "Lay",
    null,
    null,
    null,
    "Drop"
  ],
  "maleModel0": -1,
  "maleModel1": -1,
  "maleModel2": -1,
  "maleOffset": 0,
  "maleHeadModel": -1,
  "maleHeadModel2": -1,
  "femaleModel0": -1,
  "femaleModel1": -1,
  "femaleModel2": -1,
  "femaleOffset": 0,
  "femaleHeadModel": -1,
  "femaleHeadModel2": -1,
  "category": 0,
  "notedID": 10032,
  "notedTemplate": -1,
  "team": 0,
  "weight": 20,
  "shiftClickDropIndex": -2,
  "boughtId": -1,
  "boughtTemplateId": -1,
  "placeholderId": 15426,
  "placeholderTemplateId": -1
}