{
  "id": 10033,
  "name": "Chinchompa",
  "resizeX": 128,
  "resizeY": 128,
  "resizeZ": 128,
  "xan2d": 284,
  "yan2d": 1800,
  "zan2d": 0,
  "cost": 140,
  "isTradeable": true,
  "stackable": 1,
  "inventoryModel": 19962,
  "wearPos1": 3,
  "wearPos2": 0,
  "wearPos3": 0,
  "members": true,
  "zoom2d": 1000,
  "xOffset2d": 1,
  "yOffset2d": 27,
  "ambient": 0,
  "contrast": 0,
  "options": [
    null,
    null,
    "Take",
    null,
    null
  ],
  "interfaceOptions": [
    null,
    "Wield",
    null,
    null,
    "Release"
  ],
  "maleModel0": 19841,
  "maleModel1": -1,
  "maleModel2": -1,
  "maleOffset": 0,
  "maleHeadModel": -1,
  "maleHeadModel2": -1,
  "femaleModel0": 19841,
  "femaleModel1": -1,
  "femaleModel2": -1,
  "femaleOffset": 6,
  "femaleHeadModel": -1,
  "femaleHeadModel2": -1,
  "category": 572,
  "notedID": -1,
  "notedTemplate": -1,
  "team": 0,
  "weight": 0,
  "shiftClickDropIndex": -2,
  "boughtId": -1,
  "boughtTemplateId": -1,
  "placeholderId": 15363,
  "placeholderTemplateId": -1,
  "params": {
    "434": 4,
    "1564": 3,
    "436": 45,
    "23": 50
  }
}