{
  "id": 10037,
  "name": "Kyatt top",
  "resizeX": 128,
  "resizeY": 128,
  "resizeZ": 128,
  "xan2d": 639,
  "yan2d": 2039,
  "zan2d": 0,
  "cost": 200,
  "isTradeable": true,
  "stackable": 0,
  "inventoryModel": 19454,
  "wearPos1": 4,
  "wearPos2": 6,
  "wearPos3": 0,
  "members": true,
  "zoom2d": 1232,
  "xOffset2d": 0,
  "yOffset2d": 0,
  "ambient": 0,
  "contrast": 0,
  "options": [
    null,
    null,
    "Take",
    null,
    null
  ],
  "interfaceOptions": [
    null,
    "Wear",
    null,
    null,
    "Drop"
  ],
  "maleModel0": 19830,
  "maleModel1": 19809,
  "maleModel2": -1,
  "maleOffset": 0,
  "maleHeadModel": -1,
  "maleHeadModel2": -1,
  "femaleModel0": 19870,
  "femaleModel1": 19855,
  "femaleModel2": -1,
  "femaleOffset": 0,
  "femaleHeadModel": -1,
  "femaleHeadModel2": -1,
  "category": 573,
  "notedID": 10038,
  "notedTemplate": -1,
  "team": 0,
  "weight": 226,
  "shiftClickDropIndex": -2,
  "boughtId": -1,
  "boughtTemplateId": -1,
  "placeholderId": 15355,
  "placeholderTemplateId": -1
}