{
  "id": 10041,
  "name": "Larupia legs",
  "resizeX": 128,
  "resizeY": 128,
  "resizeZ": 128,
  "xan2d": 470,
  "yan2d": 12,
  "zan2d": 0,
  "cost": 100,
  "isTradeable": true,
  "stackable": 0,
  "inventoryModel": 19456,
  "wearPos1": 7,
  "wearPos2": 0,
  "wearPos3": 0,
  "members": true,
  "zoom2d": 1697,
  "xOffset2d": 4,
  "yOffset2d": -5,
  "ambient": 0,
  "contrast": 0,
  "options": [
    null,
    null,
    "Take",
    null,
    null
  ],
  "interfaceOptions": [
    null,
    "Wear",
    null,
    null,
    "Drop"
  ],
  "maleModel0": 19826,
  "maleModel1": -1,
  "maleModel2": -1,
  "maleOffset": 0,
  "maleHeadModel": -1,
  "maleHeadModel2": -1,
  "femaleModel0": 19866,
  "femaleModel1": -1,
  "femaleModel2": -1,
  "femaleOffset": 0,
  "femaleHeadModel": -1,
  "femaleHeadModel2": -1,
  "category": 574,
  "notedID": 10042,
  "notedTemplate": -1,
  "team": 0,
  "weight": 226,
  "shiftClickDropIndex": -2,
  "boughtId": -1,
  "boughtTemplateId": -1,
  "placeholderId": 15357,
  "placeholderTemplateId": -1
}