{
  "id": 10049,
  "name": "Graahk top",
  "resizeX": 128,
  "resizeY": 128,
  "resizeZ": 128,
  "xan2d": 471,
  "yan2d": 2039,
  "zan2d": 0,
  "cost": 150,
  "isTradeable": true,
  "stackable": 0,
  "inventoryModel": 19451,
  "wearPos1": 4,
  "wearPos2": 6,
  "wearPos3": 0,
  "members": true,
  "zoom2d": 1360,
  "xOffset2d": -1,
  "yOffset2d": 8,
  "ambient": 0,
  "contrast": 0,
  "options": [
    null,
    null,
    "Take",
    null,
    null
  ],
  "interfaceOptions": [
    null,
    "Wear",
    null,
    null,
    "Drop"
  ],
  "maleModel0": 19829,
  "maleModel1": 19808,
  "maleModel2": -1,
  "maleOffset": 0,
  "maleHeadModel": -1,
  "maleHeadModel2": -1,
  "femaleModel0": 19869,
  "femaleModel1": 19854,
  "femaleModel2": -1,
  "femaleOffset": 0,
  "femaleHeadModel": -1,
  "femaleHeadModel2": -1,
  "category": 575,
  "notedID": 10050,
  "notedTemplate": -1,
  "team": 0,
  "weight": 226,
  "shiftClickDropIndex": -2,
  "boughtId": -1,
  "boughtTemplateId": -1,
  "placeholderId": 15361,
  "placeholderTemplateId": -1
}