{
  "id": 10051,
  "name": "Graahk headdress",
  "resizeX": 128,
  "resizeY": 128,
  "resizeZ": 128,
  "xan2d": 24,
  "yan2d": 2045,
  "zan2d": 0,
  "cost": 750,
  "isTradeable": true,
  "stackable": 0,
  "inventoryModel": 19449,
  "wearPos1": 0,
  "wearPos2": 8,
  "wearPos3": 0,
  "members": true,
  "zoom2d": 1232,
  "xOffset2d": 0,
  "yOffset2d": 0,
  "ambient": 0,
  "contrast": 0,
  "options": [
    null,
    null,
    "Take",
    null,
    null
  ],
  "interfaceOptions": [
    null,
    "Wear",
    null,
    null,
    "Drop"
  ],
  "maleModel0": 20049,
  "maleModel1": -1,
  "maleModel2": -1,
  "maleOffset": 0,
  "maleHeadModel": 20047,
  "maleHeadModel2": -1,
  "femaleModel0": 20050,
  "femaleModel1": -1,
  "femaleModel2": -1,
  "femaleOffset": 0,
  "femaleHeadModel": 20048,
  "femaleHeadModel2": -1,
  "category": 575,
  "notedID": 10052,
  "notedTemplate": -1,
  "team": 0,
  "weight": 226,
  "shiftClickDropIndex": -2,
  "boughtId": -1,
  "boughtTemplateId": -1,
  "placeholderId": 15362,
  "placeholderTemplateId": -1
}