{
  "id": 1005,
  "name": "White apron",
  "resizeX": 128,
  "resizeY": 128,
  "resizeZ": 128,
  "xan2d": 544,
  "yan2d": 172,
  "zan2d": 0,
  "cost": 2,
  "isTradeable": true,
  "stackable": 0,
  "inventoryModel": 2592,
  "wearPos1": 4,
  "wearPos2": 0,
  "wearPos3": 0,
  "members": false,
  "zoom2d": 1580,
  "xOffset2d": -4,
  "yOffset2d": -4,
  "ambient": 0,
  "contrast": 0,
  "options": [
    null,
    null,
    "Take",
    null,
    null
  ],
  "interfaceOptions": [
    null,
    "Wear",
    null,
    null,
    "Drop"
  ],
  "maleModel0": 305,
  "maleModel1": -1,
  "maleModel2": -1,
  "maleOffset": 0,
  "maleHeadModel": -1,
  "maleHeadModel2": -1,
  "femaleModel0": 467,
  "femaleModel1": -1,
  "femaleModel2": -1,
  "femaleOffset": 0,
  "femaleHeadModel": -1,
  "femaleHeadModel2": -1,
  "category": 0,
  "notedID": 1006,
  "notedTemplate": -1,
  "team": 0,
  "weight": 453,
  "shiftClickDropIndex": -2,
  "boughtId": -1,
  "boughtTemplateId": -1,
  "placeholderId": 14370,
  "placeholderTemplateId": -1
}