{
  "id": 10061,
  "name": "Desert camo top",
  "resizeX": 128,
  "resizeY": 128,
  "resizeZ": 128,
  "xan2d": 536,
  "yan2d": 0,
  "zan2d": 0,
  "cost": 20,
  "isTradeable": true,
  "stackable": 0,
  "inventoryModel": 19408,
  "wearPos1": 4,
  "wearPos2": 6,
  "wearPos3": 0,
  "members": true,
  "colorFind": [
    8741,
    5532,
    5413,
    5417
  ],
  "colorReplace": [
    7748,
    7748,
    7609,
    7609
  ],
  "zoom2d": 1370,
  "xOffset2d": 0,
  "yOffset2d": 7,
  "ambient": 0,
  "contrast": 0,
  "options": [
    null,
    null,
    "Take",
    null,
    null
  ],
  "interfaceOptions": [
    null,
    "Wear",
    null,
    null,
    "Drop"
  ],
  "maleModel0": 170,
  "maleModel1": 292,
  "maleModel2": 19984,
  "maleOffset": 0,
  "maleHeadModel": -1,
  "maleHeadModel2": -1,
  "femaleModel0": 348,
  "femaleModel1": 471,
  "femaleModel2": 19985,
  "femaleOffset": 0,
  "femaleHeadModel": -1,
  "femaleHeadModel2": -1,
  "category": 578,
  "notedID": 10062,
  "notedTemplate": -1,
  "team": 0,
  "weight": 226,
  "shiftClickDropIndex": -2,
  "boughtId": -1,
  "boughtTemplateId": -1,
  "placeholderId": 15378,
  "placeholderTemplateId": -1
}