{
  "id": 1009,
  "name": "Brass necklace",
  "resizeX": 128,
  "resizeY": 128,
  "resizeZ": 128,
  "xan2d": 290,
  "yan2d": 166,
  "zan2d": 0,
  "cost": 30,
  "isTradeable": true,
  "stackable": 0,
  "inventoryModel": 2506,
  "wearPos1": 2,
  "wearPos2": 0,
  "wearPos3": 0,
  "members": false,
  "colorFind": [
    9152
  ],
  "colorReplace": [
    7085
  ],
  "zoom2d": 465,
  "xOffset2d": 7,
  "yOffset2d": 66,
  "ambient": 0,
  "contrast": 0,
  "options": [
    null,
    null,
    "Take",
    null,
    null
  ],
  "interfaceOptions": [
    null,
    "Wear",
    null,
    null,
    "Drop"
  ],
  "maleModel0": 281,
  "maleModel1": -1,
  "maleModel2": -1,
  "maleOffset": 0,
  "maleHeadModel": -1,
  "maleHeadModel2": -1,
  "femaleModel0": 445,
  "femaleModel1": -1,
  "femaleModel2": -1,
  "femaleOffset": 0,
  "femaleHeadModel": -1,
  "femaleHeadModel2": -1,
  "category": 0,
  "notedID": 1010,
  "notedTemplate": -1,
  "team": 0,
  "weight": 10,
  "shiftClickDropIndex": -2,
  "boughtId": -1,
  "boughtTemplateId": -1,
  "placeholderId": 14372,
  "placeholderTemplateId": -1
}