{
  "id": 10090,
  "name": "Yellow feather",
  "resizeX": 128,
  "resizeY": 128,
  "resizeZ": 128,
  "xan2d": 428,
  "yan2d": 692,
  "zan2d": 0,
  "cost": 13,
  "isTradeable": true,
  "stackable": 1,
  "inventoryModel": 2476,
  "wearPos1": 0,
  "wearPos2": 0,
  "wearPos3": 0,
  "members": true,
  "colorFind": [
    127
  ],
  "colorReplace": [
    8883
  ],
  "zoom2d": 700,
  "xOffset2d": 4,
  "yOffset2d": 10,
  "ambient": 40,
  "contrast": 0,
  "options": [
    null,
    null,
    "Take",
    null,
    null
  ],
  "interfaceOptions": [
    null,
    null,
    null,
    null,
    "Drop"
  ],
  "maleModel0": -1,
  "maleModel1": -1,
  "maleModel2": -1,
  "maleOffset": 0,
  "maleHeadModel": -1,
  "maleHeadModel2": -1,
  "femaleModel0": -1,
  "femaleModel1": -1,
  "femaleModel2": -1,
  "femaleOffset": 0,
  "femaleHeadModel": -1,
  "femaleHeadModel2": -1,
  "category": 532,
  "notedID": -1,
  "notedTemplate": -1,
  "team": 0,
  "weight": 0,
  "shiftClickDropIndex": -2,
  "boughtId": -1,
  "boughtTemplateId": -1,
  "placeholderId": 15387,
  "placeholderTemplateId": -1
}