{
  "id": 10093,
  "name": "Tatty larupia fur",
  "resizeX": 128,
  "resizeY": 128,
  "resizeZ": 128,
  "xan2d": 405,
  "yan2d": 1019,
  "zan2d": 0,
  "cost": 60,
  "isTradeable": true,
  "stackable": 0,
  "inventoryModel": 19448,
  "wearPos1": 0,
  "wearPos2": 0,
  "wearPos3": 0,
  "members": true,
  "zoom2d": 2022,
  "xOffset2d": 5,
  "yOffset2d": 16,
  "ambient": 0,
  "contrast": 0,
  "options": [
    null,
    null,
    "Take",
    null,
    null
  ],
  "interfaceOptions": [
    null,
    null,
    null,
    null,
    "Drop"
  ],
  "maleModel0": -1,
  "maleModel1": -1,
  "maleModel2": -1,
  "maleOffset": 0,
  "maleHeadModel": -1,
  "maleHeadModel2": -1,
  "femaleModel0": -1,
  "femaleModel1": -1,
  "femaleModel2": -1,
  "femaleOffset": 0,
  "femaleHeadModel": -1,
  "femaleHeadModel2": -1,
  "category": 580,
  "notedID": 10094,
  "notedTemplate": -1,
  "team": 0,
  "weight": 2000,
  "shiftClickDropIndex": -2,
  "boughtId": -1,
  "boughtTemplateId": -1,
  "placeholderId": 15348,
  "placeholderTemplateId": -1
}