{
  "id": 10117,
  "name": "Polar kebbit fur",
  "resizeX": 128,
  "resizeY": 128,
  "resizeZ": 128,
  "xan2d": 584,
  "yan2d": 0,
  "zan2d": 0,
  "cost": 10,
  "isTradeable": true,
  "stackable": 0,
  "inventoryModel": 2631,
  "wearPos1": 0,
  "wearPos2": 0,
  "wearPos3": 0,
  "members": true,
  "colorFind": [
    8103
  ],
  "colorReplace": [
    -24459
  ],
  "zoom2d": 1090,
  "xOffset2d": 0,
  "yOffset2d": -4,
  "ambient": 0,
  "contrast": 0,
  "options": [
    null,
    null,
    "Take",
    null,
    null
  ],
  "interfaceOptions": [
    null,
    null,
    null,
    null,
    "Drop"
  ],
  "maleModel0": -1,
  "maleModel1": -1,
  "maleModel2": -1,
  "maleOffset": 0,
  "maleHeadModel": -1,
  "maleHeadModel2": -1,
  "femaleModel0": -1,
  "femaleModel1": -1,
  "femaleModel2": -1,
  "femaleOffset": 0,
  "femaleHeadModel": -1,
  "femaleHeadModel2": -1,
  "category": 581,
  "notedID": 10118,
  "notedTemplate": -1,
  "team": 0,
  "weight": 453,
  "shiftClickDropIndex": -2,
  "boughtId": -1,
  "boughtTemplateId": -1,
  "placeholderId": 15405,
  "placeholderTemplateId": -1
}