{
  "id": 10134,
  "name": "Rabbit foot",
  "resizeX": 128,
  "resizeY": 128,
  "resizeZ": 128,
  "xan2d": 585,
  "yan2d": 1041,
  "zan2d": 0,
  "cost": 30,
  "isTradeable": true,
  "stackable": 0,
  "inventoryModel": 19437,
  "wearPos1": 0,
  "wearPos2": 0,
  "wearPos3": 0,
  "members": true,
  "zoom2d": 1168,
  "xOffset2d": 1,
  "yOffset2d": 1,
  "ambient": 0,
  "contrast": 0,
  "options": [
    null,
    null,
    "Take",
    null,
    null
  ],
  "interfaceOptions": [
    null,
    null,
    null,
    null,
    "Drop"
  ],
  "maleModel0": -1,
  "maleModel1": -1,
  "maleModel2": -1,
  "maleOffset": 0,
  "maleHeadModel": -1,
  "maleHeadModel2": -1,
  "femaleModel0": -1,
  "femaleModel1": -1,
  "femaleModel2": -1,
  "femaleOffset": 0,
  "femaleHeadModel": -1,
  "femaleHeadModel2": -1,
  "category": 0,
  "notedID": 10135,
  "notedTemplate": -1,
  "team": 0,
  "weight": 30,
  "shiftClickDropIndex": -2,
  "boughtId": -1,
  "boughtTemplateId": -1,
  "placeholderId": 15383,
  "placeholderTemplateId": -1
}