{
  "id": 10156,
  "name": "Hunters\u0027 crossbow",
  "resizeX": 128,
  "resizeY": 128,
  "resizeZ": 128,
  "xan2d": 236,
  "yan2d": 128,
  "zan2d": 0,
  "cost": 1300,
  "isTradeable": true,
  "stackable": 0,
  "inventoryModel": 19967,
  "wearPos1": 3,
  "wearPos2": 0,
  "wearPos3": 0,
  "members": true,
  "zoom2d": 1330,
  "xOffset2d": -6,
  "yOffset2d": -36,
  "ambient": 15,
  "contrast": 15,
  "options": [
    null,
    null,
    "Take",
    null,
    null
  ],
  "interfaceOptions": [
    null,
    "Wield",
    null,
    null,
    "Drop"
  ],
  "maleModel0": 19839,
  "maleModel1": -1,
  "maleModel2": -1,
  "maleOffset": 0,
  "maleHeadModel": -1,
  "maleHeadModel2": -1,
  "femaleModel0": 42611,
  "femaleModel1": -1,
  "femaleModel2": -1,
  "femaleOffset": 0,
  "femaleHeadModel": -1,
  "femaleHeadModel2": -1,
  "category": 37,
  "notedID": 10157,
  "notedTemplate": -1,
  "team": 0,
  "weight": 5000,
  "shiftClickDropIndex": -2,
  "boughtId": -1,
  "boughtTemplateId": -1,
  "placeholderId": 15416,
  "placeholderTemplateId": -1,
  "params": {
    "23": 50
  }
}