{
  "id": 1017,
  "name": "Wizard hat",
  "resizeX": 128,
  "resizeY": 128,
  "resizeZ": 128,
  "xan2d": 152,
  "yan2d": 156,
  "zan2d": 0,
  "cost": 2,
  "isTradeable": true,
  "stackable": 0,
  "inventoryModel": 2483,
  "wearPos1": 0,
  "wearPos2": 0,
  "wearPos3": 0,
  "members": false,
  "colorFind": [
    -26722
  ],
  "colorReplace": [
    0
  ],
  "zoom2d": 800,
  "xOffset2d": 5,
  "yOffset2d": -10,
  "ambient": 0,
  "contrast": 0,
  "options": [
    null,
    null,
    "Take",
    null,
    null
  ],
  "interfaceOptions": [
    null,
    "Wear",
    null,
    null,
    "Drop"
  ],
  "maleModel0": 202,
  "maleModel1": -1,
  "maleModel2": -1,
  "maleOffset": 0,
  "maleHeadModel": 44,
  "maleHeadModel2": -1,
  "femaleModel0": 377,
  "femaleModel1": -1,
  "femaleModel2": -1,
  "femaleOffset": 0,
  "femaleHeadModel": 102,
  "femaleHeadModel2": -1,
  "category": 0,
  "notedID": 1018,
  "notedTemplate": -1,
  "team": 0,
  "weight": 453,
  "shiftClickDropIndex": -2,
  "boughtId": -1,
  "boughtTemplateId": -1,
  "placeholderId": 14376,
  "placeholderTemplateId": -1
}