{
  "id": 1025,
  "name": "Right eye patch",
  "resizeX": 128,
  "resizeY": 128,
  "resizeZ": 128,
  "xan2d": 296,
  "yan2d": 1952,
  "zan2d": 0,
  "cost": 2,
  "isTradeable": true,
  "stackable": 0,
  "inventoryModel": 2417,
  "wearPos1": 0,
  "wearPos2": 0,
  "wearPos3": 0,
  "members": true,
  "zoom2d": 800,
  "xOffset2d": 0,
  "yOffset2d": 0,
  "ambient": 0,
  "contrast": 0,
  "options": [
    null,
    null,
    "Take",
    null,
    null
  ],
  "interfaceOptions": [
    null,
    "Wear",
    null,
    null,
    "Drop"
  ],
  "maleModel0": 236,
  "maleModel1": -1,
  "maleModel2": -1,
  "maleOffset": 0,
  "maleHeadModel": 68,
  "maleHeadModel2": -1,
  "femaleModel0": 410,
  "femaleModel1": -1,
  "femaleModel2": -1,
  "femaleOffset": 0,
  "femaleHeadModel": 126,
  "femaleHeadModel2": -1,
  "category": 0,
  "notedID": 1026,
  "notedTemplate": -1,
  "team": 0,
  "weight": 6,
  "shiftClickDropIndex": -2,
  "boughtId": -1,
  "boughtTemplateId": -1,
  "placeholderId": 14380,
  "placeholderTemplateId": -1
}