{
  "id": 10284,
  "name": "Magic comp bow",
  "resizeX": 128,
  "resizeY": 128,
  "resizeZ": 128,
  "xan2d": 355,
  "yan2d": 39,
  "zan2d": 0,
  "cost": 2500,
  "isTradeable": true,
  "stackable": 0,
  "inventoryModel": 20229,
  "wearPos1": 3,
  "wearPos2": 5,
  "wearPos3": 0,
  "members": true,
  "colorFind": [
    6674,
    5648,
    7050,
    6550,
    6554
  ],
  "colorReplace": [
    -30547,
    -30555,
    -30436,
    -30543,
    -30535
  ],
  "zoom2d": 2070,
  "xOffset2d": 0,
  "yOffset2d": 0,
  "ambient": 0,
  "contrast": 0,
  "options": [
    null,
    null,
    "Take",
    null,
    null
  ],
  "interfaceOptions": [
    null,
    "Wield",
    null,
    null,
    "Drop"
  ],
  "maleModel0": 20168,
  "maleModel1": -1,
  "maleModel2": -1,
  "maleOffset": 0,
  "maleHeadModel": -1,
  "maleHeadModel2": -1,
  "femaleModel0": 20168,
  "femaleModel1": -1,
  "femaleModel2": -1,
  "femaleOffset": 6,
  "femaleHeadModel": -1,
  "femaleHeadModel2": -1,
  "category": 64,
  "notedID": 10285,
  "notedTemplate": -1,
  "team": 0,
  "weight": 1800,
  "shiftClickDropIndex": -2,
  "boughtId": -1,
  "boughtTemplateId": -1,
  "placeholderId": 16054,
  "placeholderTemplateId": -1,
  "params": {
    "23": 50
  }
}