{
  "id": 103,
  "name": "Avantoe potion (unf)",
  "resizeX": 128,
  "resizeY": 128,
  "resizeZ": 128,
  "xan2d": 84,
  "yan2d": 1996,
  "zan2d": 0,
  "cost": 48,
  "isTradeable": true,
  "stackable": 0,
  "inventoryModel": 2697,
  "wearPos1": 0,
  "wearPos2": 0,
  "wearPos3": 0,
  "members": true,
  "colorFind": [
    61
  ],
  "colorReplace": [
    78
  ],
  "zoom2d": 550,
  "xOffset2d": 0,
  "yOffset2d": -1,
  "ambient": 0,
  "contrast": 0,
  "options": [
    null,
    null,
    "Take",
    null,
    null
  ],
  "interfaceOptions": [
    null,
    null,
    null,
    "Empty",
    "Drop"
  ],
  "maleModel0": -1,
  "maleModel1": -1,
  "maleModel2": -1,
  "maleOffset": 0,
  "maleHeadModel": -1,
  "maleHeadModel2": -1,
  "femaleModel0": -1,
  "femaleModel1": -1,
  "femaleModel2": -1,
  "femaleOffset": 0,
  "femaleHeadModel": -1,
  "femaleHeadModel2": -1,
  "category": 69,
  "notedID": 104,
  "notedTemplate": -1,
  "team": 0,
  "weight": 56,
  "shiftClickDropIndex": -2,
  "boughtId": -1,
  "boughtTemplateId": -1,
  "placeholderId": 19294,
  "placeholderTemplateId": -1,
  "params": {
    "436": 50,
    "434": 15
  }
}