{
  "id": 10310,
  "name": "Black helm (h3)",
  "resizeX": 128,
  "resizeY": 128,
  "resizeZ": 128,
  "xan2d": 75,
  "yan2d": 1901,
  "zan2d": 0,
  "cost": 1056,
  "isTradeable": true,
  "stackable": 0,
  "inventoryModel": 11376,
  "wearPos1": 0,
  "wearPos2": 8,
  "wearPos3": 0,
  "members": false,
  "colorFind": [
    61
  ],
  "colorReplace": [
    -22390
  ],
  "zoom2d": 768,
  "xOffset2d": 1,
  "yOffset2d": 0,
  "ambient": 0,
  "contrast": 0,
  "options": [
    null,
    null,
    "Take",
    null,
    null
  ],
  "interfaceOptions": [
    null,
    "Wear",
    null,
    null,
    "Drop"
  ],
  "maleModel0": 11334,
  "maleModel1": -1,
  "maleModel2": -1,
  "maleOffset": 0,
  "maleHeadModel": 20114,
  "maleHeadModel2": -1,
  "femaleModel0": 20360,
  "femaleModel1": -1,
  "femaleModel2": -1,
  "femaleOffset": 0,
  "femaleHeadModel": 20355,
  "femaleHeadModel2": -1,
  "category": 2,
  "notedID": 10311,
  "notedTemplate": -1,
  "team": 0,
  "weight": 2721,
  "shiftClickDropIndex": -2,
  "boughtId": -1,
  "boughtTemplateId": -1,
  "placeholderId": 16067,
  "placeholderTemplateId": -1
}