{
  "id": 10326,
  "name": "Purple firelighter",
  "resizeX": 128,
  "resizeY": 128,
  "resizeZ": 128,
  "xan2d": 221,
  "yan2d": 470,
  "zan2d": 0,
  "cost": 15,
  "isTradeable": true,
  "stackable": 1,
  "inventoryModel": 11373,
  "wearPos1": 0,
  "wearPos2": 0,
  "wearPos3": 0,
  "members": true,
  "colorFind": [
    2857,
    7370
  ],
  "colorReplace": [
    -15689,
    -15449
  ],
  "zoom2d": 976,
  "xOffset2d": 3,
  "yOffset2d": -18,
  "ambient": 0,
  "contrast": 0,
  "options": [
    null,
    null,
    "Take",
    null,
    null
  ],
  "interfaceOptions": [
    null,
    null,
    null,
    null,
    "Drop"
  ],
  "maleModel0": -1,
  "maleModel1": -1,
  "maleModel2": -1,
  "maleOffset": 0,
  "maleHeadModel": -1,
  "maleHeadModel2": -1,
  "femaleModel0": -1,
  "femaleModel1": -1,
  "femaleModel2": -1,
  "femaleOffset": 0,
  "femaleHeadModel": -1,
  "femaleHeadModel2": -1,
  "category": 958,
  "notedID": -1,
  "notedTemplate": -1,
  "team": 0,
  "weight": 0,
  "shiftClickDropIndex": -2,
  "boughtId": -1,
  "boughtTemplateId": -1,
  "placeholderId": 16075,
  "placeholderTemplateId": -1
}