{
  "id": 10334,
  "name": "3rd age range coif",
  "resizeX": 128,
  "resizeY": 128,
  "resizeZ": 128,
  "xan2d": 194,
  "yan2d": 1784,
  "zan2d": 2047,
  "cost": 50400,
  "isTradeable": true,
  "stackable": 0,
  "inventoryModel": 20248,
  "wearPos1": 0,
  "wearPos2": 8,
  "wearPos3": 0,
  "members": true,
  "zoom2d": 789,
  "xOffset2d": 2,
  "yOffset2d": -35,
  "ambient": 0,
  "contrast": 20,
  "options": [
    null,
    null,
    "Take",
    null,
    null
  ],
  "interfaceOptions": [
    null,
    "Wear",
    null,
    null,
    "Drop"
  ],
  "maleModel0": 20136,
  "maleModel1": -1,
  "maleModel2": -1,
  "maleOffset": 0,
  "maleHeadModel": 20106,
  "maleHeadModel2": 63,
  "femaleModel0": 20189,
  "femaleModel1": -1,
  "femaleModel2": -1,
  "femaleOffset": 0,
  "femaleHeadModel": 20106,
  "femaleHeadModel2": 120,
  "category": 2,
  "notedID": 10335,
  "notedTemplate": -1,
  "team": 0,
  "weight": 1000,
  "shiftClickDropIndex": -2,
  "boughtId": -1,
  "boughtTemplateId": -1,
  "placeholderId": 16081,
  "placeholderTemplateId": -1,
  "params": {
    "434": 4,
    "435": 1,
    "1564": 0,
    "436": 65,
    "437": 45
  }
}