{
  "id": 10346,
  "name": "3rd age platelegs",
  "resizeX": 128,
  "resizeY": 128,
  "resizeZ": 128,
  "xan2d": 444,
  "yan2d": 0,
  "zan2d": 0,
  "cost": 200000,
  "isTradeable": true,
  "stackable": 0,
  "inventoryModel": 20221,
  "wearPos1": 7,
  "wearPos2": 0,
  "wearPos3": 0,
  "members": true,
  "zoom2d": 1740,
  "xOffset2d": 0,
  "yOffset2d": 11,
  "ambient": 0,
  "contrast": 0,
  "options": [
    null,
    null,
    "Take",
    null,
    null
  ],
  "interfaceOptions": [
    null,
    "Wear",
    null,
    null,
    "Drop"
  ],
  "maleModel0": 20138,
  "maleModel1": -1,
  "maleModel2": -1,
  "maleOffset": 0,
  "maleHeadModel": -1,
  "maleHeadModel2": -1,
  "femaleModel0": 20190,
  "femaleModel1": -1,
  "femaleModel2": -1,
  "femaleOffset": 0,
  "femaleHeadModel": -1,
  "femaleHeadModel2": -1,
  "category": 8,
  "notedID": 10347,
  "notedTemplate": -1,
  "team": 0,
  "weight": 2721,
  "shiftClickDropIndex": -2,
  "boughtId": -1,
  "boughtTemplateId": -1,
  "placeholderId": 16087,
  "placeholderTemplateId": -1,
  "params": {
    "1564": 7,
    "436": 65,
    "434": 1
  }
}