{
  "id": 10344,
  "name": "3rd age amulet",
  "resizeX": 128,
  "resizeY": 128,
  "resizeZ": 128,
  "xan2d": 282,
  "yan2d": 73,
  "zan2d": 69,
  "cost": 50500,
  "isTradeable": true,
  "stackable": 0,
  "inventoryModel": 20242,
  "wearPos1": 2,
  "wearPos2": 0,
  "wearPos3": 0,
  "members": true,
  "zoom2d": 543,
  "xOffset2d": 4,
  "yOffset2d": 100,
  "ambient": 0,
  "contrast": 20,
  "options": [
    null,
    null,
    "Take",
    null,
    null
  ],
  "interfaceOptions": [
    null,
    "Wear",
    null,
    null,
    "Drop"
  ],
  "maleModel0": 20151,
  "maleModel1": -1,
  "maleModel2": -1,
  "maleOffset": 0,
  "maleHeadModel": -1,
  "maleHeadModel2": -1,
  "femaleModel0": 20199,
  "femaleModel1": -1,
  "femaleModel2": -1,
  "femaleOffset": 0,
  "femaleHeadModel": -1,
  "femaleHeadModel2": -1,
  "category": 10,
  "notedID": 10345,
  "notedTemplate": -1,
  "team": 0,
  "weight": 3,
  "shiftClickDropIndex": -2,
  "boughtId": -1,
  "boughtTemplateId": -1,
  "placeholderId": 16086,
  "placeholderTemplateId": -1,
  "params": {
    "434": 6,
    "435": 1,
    "1564": 2,
    "436": 65,
    "437": 30
  }
}