{
  "id": 10348,
  "name": "3rd age platebody",
  "resizeX": 128,
  "resizeY": 128,
  "resizeZ": 128,
  "xan2d": 476,
  "yan2d": 0,
  "zan2d": 0,
  "cost": 200000,
  "isTradeable": true,
  "stackable": 0,
  "inventoryModel": 20223,
  "wearPos1": 4,
  "wearPos2": 6,
  "wearPos3": 0,
  "members": true,
  "zoom2d": 1190,
  "xOffset2d": 0,
  "yOffset2d": 0,
  "ambient": 0,
  "contrast": 0,
  "options": [
    null,
    null,
    "Take",
    null,
    null
  ],
  "interfaceOptions": [
    null,
    "Wear",
    null,
    null,
    "Drop"
  ],
  "maleModel0": 20154,
  "maleModel1": 20120,
  "maleModel2": -1,
  "maleOffset": 0,
  "maleHeadModel": -1,
  "maleHeadModel2": -1,
  "femaleModel0": 20206,
  "femaleModel1": 20172,
  "femaleModel2": -1,
  "femaleOffset": 0,
  "femaleHeadModel": -1,
  "femaleHeadModel2": -1,
  "category": 7,
  "notedID": 10349,
  "notedTemplate": -1,
  "team": 0,
  "weight": 9979,
  "shiftClickDropIndex": -2,
  "boughtId": -1,
  "boughtTemplateId": -1,
  "placeholderId": 16088,
  "placeholderTemplateId": -1,
  "params": {
    "1564": 4,
    "436": 65,
    "434": 1
  }
}