{
  "id": 10342,
  "name": "3rd age mage hat",
  "resizeX": 128,
  "resizeY": 128,
  "resizeZ": 128,
  "xan2d": 212,
  "yan2d": 1883,
  "zan2d": 2047,
  "cost": 50400,
  "isTradeable": true,
  "stackable": 0,
  "inventoryModel": 20243,
  "wearPos1": 0,
  "wearPos2": 8,
  "wearPos3": 0,
  "members": true,
  "zoom2d": 917,
  "xOffset2d": 7,
  "yOffset2d": -23,
  "ambient": 0,
  "contrast": 20,
  "options": [
    null,
    null,
    "Take",
    null,
    null
  ],
  "interfaceOptions": [
    null,
    "Wear",
    null,
    null,
    "Drop"
  ],
  "maleModel0": 20135,
  "maleModel1": -1,
  "maleModel2": -1,
  "maleOffset": 0,
  "maleHeadModel": 20108,
  "maleHeadModel2": 63,
  "femaleModel0": 20188,
  "femaleModel1": -1,
  "femaleModel2": -1,
  "femaleOffset": 0,
  "femaleHeadModel": 20108,
  "femaleHeadModel2": 120,
  "category": 2,
  "notedID": 10343,
  "notedTemplate": -1,
  "team": 0,
  "weight": 400,
  "shiftClickDropIndex": -2,
  "boughtId": -1,
  "boughtTemplateId": -1,
  "placeholderId": 16085,
  "placeholderTemplateId": -1,
  "params": {
    "434": 6,
    "435": 1,
    "1564": 0,
    "436": 65,
    "437": 30
  }
}