{
  "id": 10350,
  "name": "3rd age full helmet",
  "resizeX": 128,
  "resizeY": 128,
  "resizeZ": 128,
  "xan2d": 28,
  "yan2d": 1892,
  "zan2d": 0,
  "cost": 90000,
  "isTradeable": true,
  "stackable": 0,
  "inventoryModel": 20220,
  "wearPos1": 0,
  "wearPos2": 8,
  "wearPos3": 0,
  "members": true,
  "zoom2d": 720,
  "xOffset2d": 0,
  "yOffset2d": 0,
  "ambient": 0,
  "contrast": 0,
  "options": [
    null,
    null,
    "Take",
    null,
    null
  ],
  "interfaceOptions": [
    null,
    "Wear",
    null,
    null,
    "Drop"
  ],
  "maleModel0": 20134,
  "maleModel1": -1,
  "maleModel2": -1,
  "maleOffset": 0,
  "maleHeadModel": 20105,
  "maleHeadModel2": 63,
  "femaleModel0": 20187,
  "femaleModel1": -1,
  "femaleModel2": -1,
  "femaleOffset": 0,
  "femaleHeadModel": 20105,
  "femaleHeadModel2": 120,
  "category": 2,
  "notedID": 10351,
  "notedTemplate": -1,
  "team": 0,
  "weight": 907,
  "shiftClickDropIndex": -2,
  "boughtId": -1,
  "boughtTemplateId": -1,
  "placeholderId": 16089,
  "placeholderTemplateId": -1,
  "params": {
    "1564": 0,
    "436": 65,
    "434": 1
  }
}