{
  "id": 10360,
  "name": "Amulet of glory (t1)",
  "resizeX": 128,
  "resizeY": 128,
  "resizeZ": 128,
  "xan2d": 282,
  "yan2d": 73,
  "zan2d": 69,
  "cost": 17625,
  "isTradeable": false,
  "stackable": 0,
  "inventoryModel": 20219,
  "wearPos1": 2,
  "wearPos2": 0,
  "wearPos3": 0,
  "members": true,
  "colorFind": [
    5916,
    4882
  ],
  "colorReplace": [
    127,
    127
  ],
  "zoom2d": 415,
  "xOffset2d": 4,
  "yOffset2d": 100,
  "ambient": 0,
  "contrast": 0,
  "options": [
    null,
    null,
    "Take",
    null,
    null
  ],
  "interfaceOptions": [
    null,
    "Wear",
    null,
    "Rub",
    "Drop"
  ],
  "maleModel0": 20147,
  "maleModel1": -1,
  "maleModel2": -1,
  "maleOffset": 0,
  "maleHeadModel": -1,
  "maleHeadModel2": -1,
  "femaleModel0": 20203,
  "femaleModel1": -1,
  "femaleModel2": -1,
  "femaleOffset": 0,
  "femaleHeadModel": -1,
  "femaleHeadModel2": -1,
  "category": 557,
  "notedID": 10361,
  "notedTemplate": -1,
  "team": 0,
  "weight": 10,
  "shiftClickDropIndex": -2,
  "boughtId": -1,
  "boughtTemplateId": -1,
  "placeholderId": 21444,
  "placeholderTemplateId": -1,
  "params": {
    "451": "Edgeville",
    "452": "Karamja",
    "453": "Draynor Village",
    "454": "Al Kharid"
  }
}