{
  "id": 10378,
  "name": "Guthix d\u0027hide body",
  "resizeX": 128,
  "resizeY": 128,
  "resizeZ": 128,
  "xan2d": 452,
  "yan2d": 0,
  "zan2d": 0,
  "cost": 13000,
  "isTradeable": true,
  "stackable": 0,
  "inventoryModel": 20232,
  "wearPos1": 4,
  "wearPos2": 6,
  "wearPos3": 0,
  "members": true,
  "colorFind": [
    920,
    912,
    8070
  ],
  "colorReplace": [
    27210,
    24014,
    19788
  ],
  "zoom2d": 1180,
  "xOffset2d": -1,
  "yOffset2d": -1,
  "ambient": 0,
  "contrast": 0,
  "options": [
    null,
    null,
    "Take",
    null,
    null
  ],
  "interfaceOptions": [
    null,
    "Wear",
    null,
    null,
    "Drop"
  ],
  "maleModel0": 20155,
  "maleModel1": 20121,
  "maleModel2": -1,
  "maleOffset": 0,
  "maleHeadModel": -1,
  "maleHeadModel2": -1,
  "femaleModel0": 20211,
  "femaleModel1": 20177,
  "femaleModel2": -1,
  "femaleOffset": 0,
  "femaleHeadModel": -1,
  "femaleHeadModel2": -1,
  "category": 7,
  "notedID": 10379,
  "notedTemplate": -1,
  "team": 0,
  "weight": 6000,
  "shiftClickDropIndex": -2,
  "boughtId": -1,
  "boughtTemplateId": -1,
  "placeholderId": 16099,
  "placeholderTemplateId": -1,
  "params": {
    "42": 1
  }
}