{
  "id": 10376,
  "name": "Guthix bracers",
  "resizeX": 128,
  "resizeY": 128,
  "resizeZ": 128,
  "xan2d": 196,
  "yan2d": 1784,
  "zan2d": 0,
  "cost": 6000,
  "isTradeable": true,
  "stackable": 0,
  "inventoryModel": 20264,
  "wearPos1": 9,
  "wearPos2": 0,
  "wearPos3": 0,
  "members": true,
  "colorFind": [
    920,
    912,
    8070
  ],
  "colorReplace": [
    27210,
    24014,
    19788
  ],
  "zoom2d": 740,
  "xOffset2d": 7,
  "yOffset2d": -33,
  "ambient": 0,
  "contrast": 0,
  "options": [
    null,
    null,
    "Take",
    null,
    null
  ],
  "interfaceOptions": [
    null,
    "Wear",
    null,
    null,
    "Drop"
  ],
  "maleModel0": 20129,
  "maleModel1": -1,
  "maleModel2": -1,
  "maleOffset": 0,
  "maleHeadModel": -1,
  "maleHeadModel2": -1,
  "femaleModel0": 20180,
  "femaleModel1": -1,
  "femaleModel2": -1,
  "femaleOffset": 0,
  "femaleHeadModel": -1,
  "femaleHeadModel2": -1,
  "category": 16,
  "notedID": 10377,
  "notedTemplate": -1,
  "team": 0,
  "weight": 1000,
  "shiftClickDropIndex": -2,
  "boughtId": -1,
  "boughtTemplateId": -1,
  "placeholderId": 16098,
  "placeholderTemplateId": -1,
  "params": {
    "42": 1
  }
}