{
  "id": 1037,
  "name": "Bunny ears",
  "resizeX": 128,
  "resizeY": 128,
  "resizeZ": 128,
  "xan2d": 360,
  "yan2d": 4,
  "zan2d": 0,
  "cost": 1,
  "isTradeable": false,
  "stackable": 0,
  "inventoryModel": 2553,
  "wearPos1": 0,
  "wearPos2": 0,
  "wearPos3": 0,
  "members": false,
  "zoom2d": 550,
  "xOffset2d": 0,
  "yOffset2d": 0,
  "ambient": 0,
  "contrast": 0,
  "options": [
    null,
    null,
    "Take",
    null,
    null
  ],
  "interfaceOptions": [
    null,
    "Wear",
    null,
    null,
    "Destroy"
  ],
  "maleModel0": 3352,
  "maleModel1": -1,
  "maleModel2": -1,
  "maleOffset": 0,
  "maleHeadModel": 33,
  "maleHeadModel2": -1,
  "femaleModel0": 3353,
  "femaleModel1": -1,
  "femaleModel2": -1,
  "femaleOffset": 0,
  "femaleHeadModel": 91,
  "femaleHeadModel2": -1,
  "category": 0,
  "notedID": -1,
  "notedTemplate": -1,
  "team": 0,
  "weight": 226,
  "shiftClickDropIndex": -2,
  "boughtId": -1,
  "boughtTemplateId": -1,
  "placeholderId": 14386,
  "placeholderTemplateId": -1
}