{
  "id": 10394,
  "name": "Flared trousers",
  "resizeX": 128,
  "resizeY": 128,
  "resizeZ": 128,
  "xan2d": 429,
  "yan2d": 0,
  "zan2d": 2047,
  "cost": 2000,
  "isTradeable": true,
  "stackable": 0,
  "inventoryModel": 20238,
  "wearPos1": 7,
  "wearPos2": 0,
  "wearPos3": 0,
  "members": true,
  "zoom2d": 2151,
  "xOffset2d": 7,
  "yOffset2d": 5,
  "ambient": 0,
  "contrast": 0,
  "options": [
    null,
    null,
    "Take",
    null,
    null
  ],
  "interfaceOptions": [
    null,
    "Wear",
    null,
    null,
    "Drop"
  ],
  "maleModel0": 20142,
  "maleModel1": -1,
  "maleModel2": -1,
  "maleOffset": 0,
  "maleHeadModel": -1,
  "maleHeadModel2": -1,
  "femaleModel0": 20197,
  "femaleModel1": -1,
  "femaleModel2": -1,
  "femaleOffset": 0,
  "femaleHeadModel": -1,
  "femaleHeadModel2": -1,
  "category": 0,
  "notedID": 10395,
  "notedTemplate": -1,
  "team": 0,
  "weight": 1000,
  "shiftClickDropIndex": -2,
  "boughtId": -1,
  "boughtTemplateId": -1,
  "placeholderId": 16107,
  "placeholderTemplateId": -1
}