{
  "id": 10390,
  "name": "Saradomin coif",
  "resizeX": 128,
  "resizeY": 128,
  "resizeZ": 128,
  "xan2d": 194,
  "yan2d": 1784,
  "zan2d": 2047,
  "cost": 2000,
  "isTradeable": true,
  "stackable": 0,
  "inventoryModel": 20231,
  "wearPos1": 0,
  "wearPos2": 8,
  "wearPos3": 0,
  "members": true,
  "colorFind": [
    22168,
    8070,
    24082,
    22156,
    920,
    912
  ],
  "colorReplace": [
    -21864,
    -24771,
    -24046,
    -21876,
    -25788,
    -27983
  ],
  "zoom2d": 789,
  "xOffset2d": 0,
  "yOffset2d": -35,
  "ambient": 0,
  "contrast": 0,
  "options": [
    null,
    null,
    "Take",
    null,
    null
  ],
  "interfaceOptions": [
    null,
    "Wear",
    null,
    null,
    "Drop"
  ],
  "maleModel0": 20131,
  "maleModel1": 230,
  "maleModel2": -1,
  "maleOffset": 0,
  "maleHeadModel": 63,
  "maleHeadModel2": 23158,
  "femaleModel0": 20184,
  "femaleModel1": 403,
  "femaleModel2": -1,
  "femaleOffset": 0,
  "femaleHeadModel": 120,
  "femaleHeadModel2": 23158,
  "category": 2,
  "notedID": 10391,
  "notedTemplate": -1,
  "team": 0,
  "weight": 900,
  "shiftClickDropIndex": -2,
  "boughtId": -1,
  "boughtTemplateId": -1,
  "placeholderId": 16105,
  "placeholderTemplateId": -1,
  "params": {
    "40": 1
  }
}