{
  "id": 10392,
  "name": "A powdered wig",
  "resizeX": 128,
  "resizeY": 128,
  "resizeZ": 128,
  "xan2d": 387,
  "yan2d": 1189,
  "zan2d": 0,
  "cost": 2000,
  "isTradeable": true,
  "stackable": 0,
  "inventoryModel": 20267,
  "wearPos1": 0,
  "wearPos2": 8,
  "wearPos3": 0,
  "members": true,
  "zoom2d": 848,
  "xOffset2d": -1,
  "yOffset2d": 12,
  "ambient": 0,
  "contrast": 0,
  "options": [
    null,
    null,
    "Take",
    null,
    null
  ],
  "interfaceOptions": [
    null,
    "Wear",
    null,
    null,
    "Drop"
  ],
  "maleModel0": 20137,
  "maleModel1": -1,
  "maleModel2": -1,
  "maleOffset": 0,
  "maleHeadModel": 20110,
  "maleHeadModel2": -1,
  "femaleModel0": 20186,
  "femaleModel1": -1,
  "femaleModel2": -1,
  "femaleOffset": 0,
  "femaleHeadModel": 20119,
  "femaleHeadModel2": -1,
  "category": 0,
  "notedID": 10393,
  "notedTemplate": -1,
  "team": 0,
  "weight": 400,
  "shiftClickDropIndex": -2,
  "boughtId": -1,
  "boughtTemplateId": -1,
  "placeholderId": 16106,
  "placeholderTemplateId": -1
}