{
  "id": 10398,
  "name": "Sleeping cap",
  "resizeX": 128,
  "resizeY": 128,
  "resizeZ": 128,
  "xan2d": 290,
  "yan2d": 1259,
  "zan2d": 0,
  "cost": 2000,
  "isTradeable": true,
  "stackable": 0,
  "inventoryModel": 20255,
  "wearPos1": 0,
  "wearPos2": 8,
  "wearPos3": 0,
  "members": true,
  "zoom2d": 659,
  "xOffset2d": 5,
  "yOffset2d": 12,
  "ambient": 0,
  "contrast": 0,
  "options": [
    null,
    null,
    "Take",
    null,
    null
  ],
  "interfaceOptions": [
    null,
    "Wear",
    null,
    null,
    "Drop"
  ],
  "maleModel0": 20133,
  "maleModel1": 230,
  "maleModel2": -1,
  "maleOffset": 0,
  "maleHeadModel": 20111,
  "maleHeadModel2": -1,
  "femaleModel0": 20185,
  "femaleModel1": 403,
  "femaleModel2": -1,
  "femaleOffset": 0,
  "femaleHeadModel": 20118,
  "femaleHeadModel2": -1,
  "category": 0,
  "notedID": 10399,
  "notedTemplate": -1,
  "team": 0,
  "weight": 400,
  "shiftClickDropIndex": -2,
  "boughtId": -1,
  "boughtTemplateId": -1,
  "placeholderId": 16109,
  "placeholderTemplateId": -1
}