{
  "id": 10432,
  "name": "Green elegant blouse",
  "resizeX": 128,
  "resizeY": 128,
  "resizeZ": 128,
  "xan2d": 452,
  "yan2d": 0,
  "zan2d": 0,
  "cost": 2000,
  "isTradeable": true,
  "stackable": 0,
  "inventoryModel": 20237,
  "wearPos1": 4,
  "wearPos2": 6,
  "wearPos3": 0,
  "members": true,
  "colorFind": [
    105,
    64,
    47,
    26,
    -10364
  ],
  "colorReplace": [
    21698,
    21675,
    26388,
    21797,
    22158
  ],
  "zoom2d": 1180,
  "xOffset2d": -1,
  "yOffset2d": 5,
  "ambient": 0,
  "contrast": 0,
  "options": [
    null,
    null,
    "Take",
    null,
    null
  ],
  "interfaceOptions": [
    null,
    "Wear",
    null,
    null,
    "Drop"
  ],
  "maleModel0": 20159,
  "maleModel1": 20123,
  "maleModel2": -1,
  "maleOffset": 0,
  "maleHeadModel": -1,
  "maleHeadModel2": -1,
  "femaleModel0": 20215,
  "femaleModel1": 20179,
  "femaleModel2": -1,
  "femaleOffset": 0,
  "femaleHeadModel": -1,
  "femaleHeadModel2": -1,
  "category": 0,
  "notedID": 10433,
  "notedTemplate": -1,
  "team": 0,
  "weight": 1000,
  "shiftClickDropIndex": -2,
  "boughtId": -1,
  "boughtTemplateId": -1,
  "placeholderId": 16126,
  "placeholderTemplateId": -1
}