{
  "id": 10444,
  "name": "Zamorak crozier",
  "resizeX": 128,
  "resizeY": 128,
  "resizeZ": 128,
  "xan2d": 567,
  "yan2d": 0,
  "zan2d": 0,
  "cost": 5000,
  "isTradeable": true,
  "stackable": 0,
  "inventoryModel": 20270,
  "wearPos1": 3,
  "wearPos2": 0,
  "wearPos3": 0,
  "members": true,
  "zoom2d": 2086,
  "xOffset2d": -5,
  "yOffset2d": -1,
  "ambient": 0,
  "contrast": 0,
  "options": [
    null,
    null,
    "Take",
    null,
    null
  ],
  "interfaceOptions": [
    null,
    "Wield",
    null,
    null,
    "Drop"
  ],
  "maleModel0": 20171,
  "maleModel1": -1,
  "maleModel2": -1,
  "maleOffset": 0,
  "maleHeadModel": -1,
  "maleHeadModel2": -1,
  "femaleModel0": 20171,
  "femaleModel1": -1,
  "femaleModel2": -1,
  "femaleOffset": 6,
  "femaleHeadModel": -1,
  "femaleHeadModel2": -1,
  "category": 1,
  "notedID": 10445,
  "notedTemplate": -1,
  "team": 0,
  "weight": 2000,
  "shiftClickDropIndex": -2,
  "boughtId": -1,
  "boughtTemplateId": -1,
  "placeholderId": 16132,
  "placeholderTemplateId": -1,
  "params": {
    "41": 1,
    "258": 5
  }
}