{
  "id": 10446,
  "name": "Saradomin cloak",
  "resizeX": 128,
  "resizeY": 128,
  "resizeZ": 128,
  "xan2d": 364,
  "yan2d": 992,
  "zan2d": 0,
  "cost": 2000,
  "isTradeable": true,
  "stackable": 0,
  "inventoryModel": 20252,
  "wearPos1": 1,
  "wearPos2": 0,
  "wearPos3": 0,
  "members": true,
  "zoom2d": 1827,
  "xOffset2d": 3,
  "yOffset2d": 12,
  "ambient": 0,
  "contrast": 0,
  "options": [
    null,
    null,
    "Take",
    null,
    null
  ],
  "interfaceOptions": [
    null,
    "Wear",
    null,
    null,
    "Drop"
  ],
  "maleModel0": 20164,
  "maleModel1": -1,
  "maleModel2": -1,
  "maleOffset": 0,
  "maleHeadModel": -1,
  "maleHeadModel2": -1,
  "femaleModel0": 20217,
  "femaleModel1": -1,
  "femaleModel2": -1,
  "femaleOffset": 0,
  "femaleHeadModel": -1,
  "femaleHeadModel2": -1,
  "category": 615,
  "notedID": 10447,
  "notedTemplate": -1,
  "team": 0,
  "weight": 400,
  "shiftClickDropIndex": -2,
  "boughtId": -1,
  "boughtTemplateId": -1,
  "placeholderId": 16133,
  "placeholderTemplateId": -1,
  "params": {
    "40": 3
  }
}